index,node,kernel,grid_threads,threadgroups,buffer_bindings,bytes_bound_full,static_threadgroup_bytes,dynamic_threadgroup_bytes,pipeline_switch,live_barrier_before,node_keyed_barrier_before,node_and_slot_keyed_barrier_before,isolated_marginal_ns,live_tracker_mean_us,node_keyed_mean_us,node_and_slot_keyed_mean_us,no_barriers_mean_us,serial_encoder_mean_us
0,4,omega_elementwise_r2_n2_fused_identity_o0__multiply_s0_o1_g10,1024,1,6,1420510376,0,0,1,1,0,0,17982,14.313,13.683,13.934,7.148,14.763
1,38,omega_reduce_r2_o1_n2_multiply_add_zero_epi4_fused_identity_o4__multiply_s0_o3__add_s1_o2__square_root_s2__reciprocal_s3__multiply_s4_o1__multiply_s5_o0,256,1,8,1313433576,32,0,1,1,1,1,5685,14.313,13.683,13.934,7.148,14.763
2,44,omega_reduce_r4_o3_n2_multiply_add_zero,4096,64,4,1310828512,0,0,1,1,1,1,6411,14.313,13.683,13.934,7.148,14.763
3,40,omega_reduce_r4_o3_n2_multiply_add_zero,8192,128,4,1311746016,0,0,0,0,0,0,7327,14.313,13.683,13.934,7.148,14.763
4,42,omega_reduce_r4_o3_n2_multiply_add_zero,4096,64,4,1313415136,0,0,0,0,0,0,6411,14.313,13.683,13.934,7.148,14.763
5,56,omega_elementwise_twin_r3_n4_fused_multiply_o0_o1__multiply_o2_o3__add_s0_s1_fused_multiply_o0_o3__multiply_o2_o1__subtract_s0_s1,256,1,7,205056,0,0,1,1,1,1,3143,14.313,13.683,13.934,7.148,14.763
6,47,omega_elementwise_twin_r3_n4_fused_multiply_o0_o1__multiply_o2_o3__subtract_s0_s1_fused_multiply_o0_o3__multiply_o2_o1__add_s0_s1,512,1,7,12544,0,0,1,1,0,1,3375,14.313,13.683,13.934,7.148,14.763
7,89,omega_cached_attention_q1_h8_g2_d64_s3c800000_ln9223372036854775808_up0_x4_e1_k1_ds,65536,512,11,5128196,1056,0,1,1,1,1,47494,14.313,13.683,13.934,7.148,14.763
8,89,omega_cached_attention_q1_h8_g2_d64_s3c800000_ln9223372036854775808_up0_x4_e1_k1_ds_merge,16384,16,3,139264,0,0,1,1,1,1,4512,14.313,13.683,13.934,7.148,14.763
9,93,omega_reduce_r5_o2_n2_multiply_add_zero_epi2_fused_identity_o2__multiply_s0_o1__add_s1_o0,8192,128,6,1312864228,0,0,1,1,1,1,6964,14.313,13.683,13.934,7.148,14.763
10,101,omega_reduce_r2_o1_n2_multiply_add_zero_epi4_fused_identity_o4__multiply_s0_o3__add_s1_o2__square_root_s2__reciprocal_s3__multiply_s4_o1__multiply_s5_o0,256,1,8,1313429480,32,0,1,1,1,1,5685,14.313,13.683,13.934,7.148,14.763
11,103,omega_reduce_r3_o2_n2_multiply_add_zero,8192,32,4,135296,32,0,1,1,1,1,5524,14.313,13.683,13.934,7.148,14.763
12,109,omega_moe_topk_e32_k8_stacked,32,1,21,260,16,0,1,1,1,1,5351,14.313,13.683,13.934,7.148,14.763
13,226,omega_reduce_r4_o3_n2_multiply_add_zero_g10,32768,512,6,1367046144,0,0,1,1,0,0,21030,14.313,13.683,13.934,7.148,14.763
14,234,omega_reduce_r4_o3_n2_multiply_add_zero_epi3_fused_identity_o3__negate_o2__exponential_s1__add_s2_o1__reciprocal_s3__multiply_s4_o0__multiply_s0_s5_g10,32768,512,9,1349253124,0,0,1,1,1,1,21607,14.313,13.683,13.934,7.148,14.763
15,236,omega_reduce_r4_o3_n2_multiply_add_zero_g10,65536,1024,6,1331423232,0,0,1,1,1,1,29232,14.313,13.683,13.934,7.148,14.763
16,249,omega_reduce_r3_o2_n2_multiply_add_zero_epi10_fused_identity_o10__add_o8_o9__add_s1_o7__add_s2_o6__add_s3_o5__add_s4_o4__add_s5_o3__add_s6_o2__reciprocal_s7__multiply_s0_s8__multiply_s9_o1__add_s10_o0,32768,1024,14,41028,0,0,1,1,1,1,9524,14.313,13.683,13.934,7.148,14.763
17,270,omega_reduce_r2_o1_n2_multiply_add_zero_epi4_fused_identity_o4__multiply_s0_o3__add_s1_o2__square_root_s2__reciprocal_s3__multiply_s4_o1__multiply_s5_o0,256,1,8,1256474600,32,0,1,1,1,1,5685,14.313,13.683,13.934,7.148,14.763
18,276,omega_reduce_r4_o3_n2_multiply_add_zero,4096,64,4,1253869536,0,0,1,1,1,1,6411,14.313,13.683,13.934,7.148,14.763
19,272,omega_reduce_r4_o3_n2_multiply_add_zero,8192,128,4,1254787040,0,0,0,0,0,0,7327,14.313,13.683,13.934,7.148,14.763
20,274,omega_reduce_r4_o3_n2_multiply_add_zero,4096,64,4,1256456160,0,0,0,0,0,0,6411,14.313,13.683,13.934,7.148,14.763
21,288,omega_elementwise_twin_r3_n4_fused_multiply_o0_o1__multiply_o2_o3__add_s0_s1_fused_multiply_o0_o3__multiply_o2_o1__subtract_s0_s1,256,1,7,205056,0,0,1,1,1,1,3143,14.313,13.683,13.934,7.148,14.763
22,279,omega_elementwise_twin_r3_n4_fused_multiply_o0_o1__multiply_o2_o3__subtract_s0_s1_fused_multiply_o0_o3__multiply_o2_o1__add_s0_s1,512,1,7,12544,0,0,1,1,0,1,3375,14.313,13.683,13.934,7.148,14.763
23,321,omega_cached_attention_q1_h8_g2_d64_s3c800000_ln9223372036854775808_up0_x4_e1_k1_ds,65536,512,11,5128196,1056,0,1,1,1,1,47494,14.313,13.683,13.934,7.148,14.763
24,321,omega_cached_attention_q1_h8_g2_d64_s3c800000_ln9223372036854775808_up0_x4_e1_k1_ds_merge,16384,16,3,139264,0,0,1,1,1,1,4512,14.313,13.683,13.934,7.148,14.763
25,325,omega_reduce_r5_o2_n2_multiply_add_zero_epi2_fused_identity_o2__multiply_s0_o1__add_s1_o0,8192,128,6,1255905252,0,0,1,1,1,1,6964,14.313,13.683,13.934,7.148,14.763
26,333,omega_reduce_r2_o1_n2_multiply_add_zero_epi4_fused_identity_o4__multiply_s0_o3__add_s1_o2__square_root_s2__reciprocal_s3__multiply_s4_o1__multiply_s5_o0,256,1,8,1256470504,32,0,1,1,1,1,5685,14.313,13.683,13.934,7.148,14.763
27,335,omega_reduce_r3_o2_n2_multiply_add_zero,8192,32,4,135296,32,0,1,1,1,1,5524,14.313,13.683,13.934,7.148,14.763
28,341,omega_moe_topk_e32_k8_stacked,32,1,21,260,16,0,1,1,1,1,5351,14.313,13.683,13.934,7.148,14.763
29,458,omega_reduce_r4_o3_n2_multiply_add_zero_g10,32768,512,6,1310087168,0,0,1,1,0,0,21030,14.313,13.683,13.934,7.148,14.763
30,466,omega_reduce_r4_o3_n2_multiply_add_zero_epi3_fused_identity_o3__negate_o2__exponential_s1__add_s2_o1__reciprocal_s3__multiply_s4_o0__multiply_s0_s5_g10,32768,512,9,1292294148,0,0,1,1,1,1,21607,14.313,13.683,13.934,7.148,14.763
31,468,omega_reduce_r4_o3_n2_multiply_add_zero_g10,65536,1024,6,1274464256,0,0,1,1,1,1,29232,14.313,13.683,13.934,7.148,14.763
32,481,omega_reduce_r3_o2_n2_multiply_add_zero_epi10_fused_identity_o10__add_o8_o9__add_s1_o7__add_s2_o6__add_s3_o5__add_s4_o4__add_s5_o3__add_s6_o2__reciprocal_s7__multiply_s0_s8__multiply_s9_o1__add_s10_o0,32768,1024,14,41028,0,0,1,1,1,1,9524,14.313,13.683,13.934,7.148,14.763
33,502,omega_reduce_r2_o1_n2_multiply_add_zero_epi4_fused_identity_o4__multiply_s0_o3__add_s1_o2__square_root_s2__reciprocal_s3__multiply_s4_o1__multiply_s5_o0,256,1,8,629925864,32,0,1,1,1,1,5685,14.313,13.683,13.934,7.148,14.763
34,508,omega_reduce_r4_o3_n2_multiply_add_zero,4096,64,4,627320800,0,0,1,1,1,1,6411,14.313,13.683,13.934,7.148,14.763
35,504,omega_reduce_r4_o3_n2_multiply_add_zero,8192,128,4,628238304,0,0,0,0,0,0,7327,14.313,13.683,13.934,7.148,14.763
36,506,omega_reduce_r4_o3_n2_multiply_add_zero,4096,64,4,629907424,0,0,0,0,0,0,6411,14.313,13.683,13.934,7.148,14.763
37,520,omega_elementwise_twin_r3_n4_fused_multiply_o0_o1__multiply_o2_o3__add_s0_s1_fused_multiply_o0_o3__multiply_o2_o1__subtract_s0_s1,256,1,7,205056,0,0,1,1,1,1,3143,14.313,13.683,13.934,7.148,14.763
38,511,omega_elementwise_twin_r3_n4_fused_multiply_o0_o1__multiply_o2_o3__subtract_s0_s1_fused_multiply_o0_o3__multiply_o2_o1__add_s0_s1,512,1,7,12544,0,0,1,1,0,1,3375,14.313,13.683,13.934,7.148,14.763
39,553,omega_cached_attention_q1_h8_g2_d64_s3c800000_ln9223372036854775808_up0_x4_e1_k1_ds,65536,512,11,5128196,1056,0,1,1,1,1,47494,14.313,13.683,13.934,7.148,14.763
40,553,omega_cached_attention_q1_h8_g2_d64_s3c800000_ln9223372036854775808_up0_x4_e1_k1_ds_merge,16384,16,3,139264,0,0,1,1,1,1,4512,14.313,13.683,13.934,7.148,14.763
41,557,omega_reduce_r5_o2_n2_multiply_add_zero_epi2_fused_identity_o2__multiply_s0_o1__add_s1_o0,8192,128,6,629356516,0,0,1,1,1,1,6964,14.313,13.683,13.934,7.148,14.763
42,565,omega_reduce_r2_o1_n2_multiply_add_zero_epi4_fused_identity_o4__multiply_s0_o3__add_s1_o2__square_root_s2__reciprocal_s3__multiply_s4_o1__multiply_s5_o0,256,1,8,629921768,32,0,1,1,1,1,5685,14.313,13.683,13.934,7.148,14.763
43,567,omega_reduce_r3_o2_n2_multiply_add_zero,8192,32,4,135296,32,0,1,1,1,1,5524,14.313,13.683,13.934,7.148,14.763
44,573,omega_moe_topk_e32_k8_stacked,32,1,21,260,16,0,1,1,1,1,5351,14.313,13.683,13.934,7.148,14.763
45,690,omega_reduce_r4_o3_n2_multiply_add_zero_g10,32768,512,6,683538432,0,0,1,1,0,0,21030,14.313,13.683,13.934,7.148,14.763
46,698,omega_reduce_r4_o3_n2_multiply_add_zero_epi3_fused_identity_o3__negate_o2__exponential_s1__add_s2_o1__reciprocal_s3__multiply_s4_o0__multiply_s0_s5_g10,32768,512,9,665745412,0,0,1,1,1,1,21607,14.313,13.683,13.934,7.148,14.763
47,700,omega_reduce_r4_o3_n2_multiply_add_zero_g10,65536,1024,6,647915520,0,0,1,1,1,1,29232,14.313,13.683,13.934,7.148,14.763
48,713,omega_reduce_r3_o2_n2_multiply_add_zero_epi10_fused_identity_o10__add_o8_o9__add_s1_o7__add_s2_o6__add_s3_o5__add_s4_o4__add_s5_o3__add_s6_o2__reciprocal_s7__multiply_s0_s8__multiply_s9_o1__add_s10_o0,32768,1024,14,41028,0,0,1,1,1,1,9524,14.313,13.683,13.934,7.148,14.763
49,734,omega_reduce_r2_o1_n2_multiply_add_zero_epi4_fused_identity_o4__multiply_s0_o3__add_s1_o2__square_root_s2__reciprocal_s3__multiply_s4_o1__multiply_s5_o0,256,1,8,345130984,32,0,1,1,1,1,5685,14.313,13.683,13.934,7.148,14.763
50,740,omega_reduce_r4_o3_n2_multiply_add_zero,4096,64,4,342525920,0,0,1,1,1,1,6411,14.313,13.683,13.934,7.148,14.763
51,736,omega_reduce_r4_o3_n2_multiply_add_zero,8192,128,4,343443424,0,0,0,0,0,0,7327,14.313,13.683,13.934,7.148,14.763
52,738,omega_reduce_r4_o3_n2_multiply_add_zero,4096,64,4,345112544,0,0,0,0,0,0,6411,14.313,13.683,13.934,7.148,14.763
53,752,omega_elementwise_twin_r3_n4_fused_multiply_o0_o1__multiply_o2_o3__add_s0_s1_fused_multiply_o0_o3__multiply_o2_o1__subtract_s0_s1,256,1,7,205056,0,0,1,1,1,1,3143,14.313,13.683,13.934,7.148,14.763
54,743,omega_elementwise_twin_r3_n4_fused_multiply_o0_o1__multiply_o2_o3__subtract_s0_s1_fused_multiply_o0_o3__multiply_o2_o1__add_s0_s1,512,1,7,12544,0,0,1,1,0,1,3375,14.313,13.683,13.934,7.148,14.763
55,785,omega_cached_attention_q1_h8_g2_d64_s3c800000_ln9223372036854775808_up0_x4_e1_k1_ds,65536,512,11,5128196,1056,0,1,1,1,1,47494,14.313,13.683,13.934,7.148,14.763
56,785,omega_cached_attention_q1_h8_g2_d64_s3c800000_ln9223372036854775808_up0_x4_e1_k1_ds_merge,16384,16,3,139264,0,0,1,1,1,1,4512,14.313,13.683,13.934,7.148,14.763
57,789,omega_reduce_r5_o2_n2_multiply_add_zero_epi2_fused_identity_o2__multiply_s0_o1__add_s1_o0,8192,128,6,344561636,0,0,1,1,1,1,6964,14.313,13.683,13.934,7.148,14.763
58,797,omega_reduce_r2_o1_n2_multiply_add_zero_epi4_fused_identity_o4__multiply_s0_o3__add_s1_o2__square_root_s2__reciprocal_s3__multiply_s4_o1__multiply_s5_o0,256,1,8,345126888,32,0,1,1,1,1,5685,14.313,13.683,13.934,7.148,14.763
59,799,omega_reduce_r3_o2_n2_multiply_add_zero,8192,32,4,135296,32,0,1,1,1,1,5524,14.313,13.683,13.934,7.148,14.763
60,805,omega_moe_topk_e32_k8_stacked,32,1,21,260,16,0,1,1,1,1,5351,14.313,13.683,13.934,7.148,14.763
61,922,omega_reduce_r4_o3_n2_multiply_add_zero_g10,32768,512,6,398743552,0,0,1,1,0,0,21030,14.313,13.683,13.934,7.148,14.763
62,930,omega_reduce_r4_o3_n2_multiply_add_zero_epi3_fused_identity_o3__negate_o2__exponential_s1__add_s2_o1__reciprocal_s3__multiply_s4_o0__multiply_s0_s5_g10,32768,512,9,380950532,0,0,1,1,1,1,21607,14.313,13.683,13.934,7.148,14.763
63,932,omega_reduce_r4_o3_n2_multiply_add_zero_g10,65536,1024,6,363120640,0,0,1,1,1,1,29232,14.313,13.683,13.934,7.148,14.763
64,945,omega_reduce_r3_o2_n2_multiply_add_zero_epi10_fused_identity_o10__add_o8_o9__add_s1_o7__add_s2_o6__add_s3_o5__add_s4_o4__add_s5_o3__add_s6_o2__reciprocal_s7__multiply_s0_s8__multiply_s9_o1__add_s10_o0,32768,1024,14,41028,0,0,1,1,1,1,9524,14.313,13.683,13.934,7.148,14.763
65,966,omega_reduce_r2_o1_n2_multiply_add_zero_epi4_fused_identity_o4__multiply_s0_o3__add_s1_o2__square_root_s2__reciprocal_s3__multiply_s4_o1__multiply_s5_o0,256,1,8,288172008,32,0,1,1,1,1,5685,14.313,13.683,13.934,7.148,14.763
66,972,omega_reduce_r4_o3_n2_multiply_add_zero,4096,64,4,285566944,0,0,1,1,1,1,6411,14.313,13.683,13.934,7.148,14.763
67,968,omega_reduce_r4_o3_n2_multiply_add_zero,8192,128,4,286484448,0,0,0,0,0,0,7327,14.313,13.683,13.934,7.148,14.763
68,970,omega_reduce_r4_o3_n2_multiply_add_zero,4096,64,4,288153568,0,0,0,0,0,0,6411,14.313,13.683,13.934,7.148,14.763
69,984,omega_elementwise_twin_r3_n4_fused_multiply_o0_o1__multiply_o2_o3__add_s0_s1_fused_multiply_o0_o3__multiply_o2_o1__subtract_s0_s1,256,1,7,205056,0,0,1,1,1,1,3143,14.313,13.683,13.934,7.148,14.763
70,975,omega_elementwise_twin_r3_n4_fused_multiply_o0_o1__multiply_o2_o3__subtract_s0_s1_fused_multiply_o0_o3__multiply_o2_o1__add_s0_s1,512,1,7,12544,0,0,1,1,0,1,3375,14.313,13.683,13.934,7.148,14.763
71,1017,omega_cached_attention_q1_h8_g2_d64_s3c800000_ln9223372036854775808_up0_x4_e1_k1_ds,65536,512,11,5128196,1056,0,1,1,1,1,47494,14.313,13.683,13.934,7.148,14.763
72,1017,omega_cached_attention_q1_h8_g2_d64_s3c800000_ln9223372036854775808_up0_x4_e1_k1_ds_merge,16384,16,3,139264,0,0,1,1,1,1,4512,14.313,13.683,13.934,7.148,14.763
73,1021,omega_reduce_r5_o2_n2_multiply_add_zero_epi2_fused_identity_o2__multiply_s0_o1__add_s1_o0,8192,128,6,287602660,0,0,1,1,1,1,6964,14.313,13.683,13.934,7.148,14.763
74,1029,omega_reduce_r2_o1_n2_multiply_add_zero_epi4_fused_identity_o4__multiply_s0_o3__add_s1_o2__square_root_s2__reciprocal_s3__multiply_s4_o1__multiply_s5_o0,256,1,8,288167912,32,0,1,1,1,1,5685,14.313,13.683,13.934,7.148,14.763
75,1031,omega_reduce_r3_o2_n2_multiply_add_zero,8192,32,4,135296,32,0,1,1,1,1,5524,14.313,13.683,13.934,7.148,14.763
76,1037,omega_moe_topk_e32_k8_stacked,32,1,21,260,16,0,1,1,1,1,5351,14.313,13.683,13.934,7.148,14.763
77,1154,omega_reduce_r4_o3_n2_multiply_add_zero_g10,32768,512,6,341784576,0,0,1,1,0,0,21030,14.313,13.683,13.934,7.148,14.763
78,1162,omega_reduce_r4_o3_n2_multiply_add_zero_epi3_fused_identity_o3__negate_o2__exponential_s1__add_s2_o1__reciprocal_s3__multiply_s4_o0__multiply_s0_s5_g10,32768,512,9,323991556,0,0,1,1,1,1,21607,14.313,13.683,13.934,7.148,14.763
79,1164,omega_reduce_r4_o3_n2_multiply_add_zero_g10,65536,1024,6,306161664,0,0,1,1,1,1,29232,14.313,13.683,13.934,7.148,14.763
80,1177,omega_reduce_r3_o2_n2_multiply_add_zero_epi10_fused_identity_o10__add_o8_o9__add_s1_o7__add_s2_o6__add_s3_o5__add_s4_o4__add_s5_o3__add_s6_o2__reciprocal_s7__multiply_s0_s8__multiply_s9_o1__add_s10_o0,32768,1024,14,41028,0,0,1,1,1,1,9524,14.313,13.683,13.934,7.148,14.763
81,1198,omega_reduce_r2_o1_n2_multiply_add_zero_epi4_fused_identity_o4__multiply_s0_o3__add_s1_o2__square_root_s2__reciprocal_s3__multiply_s4_o1__multiply_s5_o0,256,1,8,231213032,32,0,1,1,1,1,5685,14.313,13.683,13.934,7.148,14.763
82,1204,omega_reduce_r4_o3_n2_multiply_add_zero,4096,64,4,228607968,0,0,1,1,1,1,6411,14.313,13.683,13.934,7.148,14.763
83,1200,omega_reduce_r4_o3_n2_multiply_add_zero,8192,128,4,229525472,0,0,0,0,0,0,7327,14.313,13.683,13.934,7.148,14.763
84,1202,omega_reduce_r4_o3_n2_multiply_add_zero,4096,64,4,231194592,0,0,0,0,0,0,6411,14.313,13.683,13.934,7.148,14.763
85,1216,omega_elementwise_twin_r3_n4_fused_multiply_o0_o1__multiply_o2_o3__add_s0_s1_fused_multiply_o0_o3__multiply_o2_o1__subtract_s0_s1,256,1,7,205056,0,0,1,1,1,1,3143,14.313,13.683,13.934,7.148,14.763
86,1207,omega_elementwise_twin_r3_n4_fused_multiply_o0_o1__multiply_o2_o3__subtract_s0_s1_fused_multiply_o0_o3__multiply_o2_o1__add_s0_s1,512,1,7,12544,0,0,1,1,0,1,3375,14.313,13.683,13.934,7.148,14.763
87,1249,omega_cached_attention_q1_h8_g2_d64_s3c800000_ln9223372036854775808_up0_x4_e1_k1_ds,65536,512,11,5128196,1056,0,1,1,1,1,47494,14.313,13.683,13.934,7.148,14.763
88,1249,omega_cached_attention_q1_h8_g2_d64_s3c800000_ln9223372036854775808_up0_x4_e1_k1_ds_merge,16384,16,3,139264,0,0,1,1,1,1,4512,14.313,13.683,13.934,7.148,14.763
89,1253,omega_reduce_r5_o2_n2_multiply_add_zero_epi2_fused_identity_o2__multiply_s0_o1__add_s1_o0,8192,128,6,230643684,0,0,1,1,1,1,6964,14.313,13.683,13.934,7.148,14.763
90,1261,omega_reduce_r2_o1_n2_multiply_add_zero_epi4_fused_identity_o4__multiply_s0_o3__add_s1_o2__square_root_s2__reciprocal_s3__multiply_s4_o1__multiply_s5_o0,256,1,8,231208936,32,0,1,1,1,1,5685,14.313,13.683,13.934,7.148,14.763
91,1263,omega_reduce_r3_o2_n2_multiply_add_zero,8192,32,4,135296,32,0,1,1,1,1,5524,14.313,13.683,13.934,7.148,14.763
92,1269,omega_moe_topk_e32_k8_stacked,32,1,21,260,16,0,1,1,1,1,5351,14.313,13.683,13.934,7.148,14.763
93,1386,omega_reduce_r4_o3_n2_multiply_add_zero_g10,32768,512,6,284825600,0,0,1,1,0,0,21030,14.313,13.683,13.934,7.148,14.763
94,1394,omega_reduce_r4_o3_n2_multiply_add_zero_epi3_fused_identity_o3__negate_o2__exponential_s1__add_s2_o1__reciprocal_s3__multiply_s4_o0__multiply_s0_s5_g10,32768,512,9,267032580,0,0,1,1,1,1,21607,14.313,13.683,13.934,7.148,14.763
95,1396,omega_reduce_r4_o3_n2_multiply_add_zero_g10,65536,1024,6,249202688,0,0,1,1,1,1,29232,14.313,13.683,13.934,7.148,14.763
96,1409,omega_reduce_r3_o2_n2_multiply_add_zero_epi10_fused_identity_o10__add_o8_o9__add_s1_o7__add_s2_o6__add_s3_o5__add_s4_o4__add_s5_o3__add_s6_o2__reciprocal_s7__multiply_s0_s8__multiply_s9_o1__add_s10_o0,32768,1024,14,41028,0,0,1,1,1,1,9524,14.313,13.683,13.934,7.148,14.763
97,1430,omega_reduce_r2_o1_n2_multiply_add_zero_epi4_fused_identity_o4__multiply_s0_o3__add_s1_o2__square_root_s2__reciprocal_s3__multiply_s4_o1__multiply_s5_o0,256,1,8,174254056,32,0,1,1,1,1,5685,14.313,13.683,13.934,7.148,14.763
98,1436,omega_reduce_r4_o3_n2_multiply_add_zero,4096,64,4,171648992,0,0,1,1,1,1,6411,14.313,13.683,13.934,7.148,14.763
99,1432,omega_reduce_r4_o3_n2_multiply_add_zero,8192,128,4,172566496,0,0,0,0,0,0,7327,14.313,13.683,13.934,7.148,14.763
100,1434,omega_reduce_r4_o3_n2_multiply_add_zero,4096,64,4,174235616,0,0,0,0,0,0,6411,14.313,13.683,13.934,7.148,14.763
101,1448,omega_elementwise_twin_r3_n4_fused_multiply_o0_o1__multiply_o2_o3__add_s0_s1_fused_multiply_o0_o3__multiply_o2_o1__subtract_s0_s1,256,1,7,205056,0,0,1,1,1,1,3143,14.313,13.683,13.934,7.148,14.763
102,1439,omega_elementwise_twin_r3_n4_fused_multiply_o0_o1__multiply_o2_o3__subtract_s0_s1_fused_multiply_o0_o3__multiply_o2_o1__add_s0_s1,512,1,7,12544,0,0,1,1,0,1,3375,14.313,13.683,13.934,7.148,14.763
103,1481,omega_cached_attention_q1_h8_g2_d64_s3c800000_ln9223372036854775808_up0_x4_e1_k1_ds,65536,512,11,5128196,1056,0,1,1,1,1,47494,14.313,13.683,13.934,7.148,14.763
104,1481,omega_cached_attention_q1_h8_g2_d64_s3c800000_ln9223372036854775808_up0_x4_e1_k1_ds_merge,16384,16,3,139264,0,0,1,1,1,1,4512,14.313,13.683,13.934,7.148,14.763
105,1485,omega_reduce_r5_o2_n2_multiply_add_zero_epi2_fused_identity_o2__multiply_s0_o1__add_s1_o0,8192,128,6,173684708,0,0,1,1,1,1,6964,14.313,13.683,13.934,7.148,14.763
106,1493,omega_reduce_r2_o1_n2_multiply_add_zero_epi4_fused_identity_o4__multiply_s0_o3__add_s1_o2__square_root_s2__reciprocal_s3__multiply_s4_o1__multiply_s5_o0,256,1,8,174249960,32,0,1,1,1,1,5685,14.313,13.683,13.934,7.148,14.763
107,1495,omega_reduce_r3_o2_n2_multiply_add_zero,8192,32,4,135296,32,0,1,1,1,1,5524,14.313,13.683,13.934,7.148,14.763
108,1501,omega_moe_topk_e32_k8_stacked,32,1,21,260,16,0,1,1,1,1,5351,14.313,13.683,13.934,7.148,14.763
109,1618,omega_reduce_r4_o3_n2_multiply_add_zero_g10,32768,512,6,227866624,0,0,1,1,0,0,21030,14.313,13.683,13.934,7.148,14.763
110,1626,omega_reduce_r4_o3_n2_multiply_add_zero_epi3_fused_identity_o3__negate_o2__exponential_s1__add_s2_o1__reciprocal_s3__multiply_s4_o0__multiply_s0_s5_g10,32768,512,9,210073604,0,0,1,1,1,1,21607,14.313,13.683,13.934,7.148,14.763
111,1628,omega_reduce_r4_o3_n2_multiply_add_zero_g10,65536,1024,6,192243712,0,0,1,1,1,1,29232,14.313,13.683,13.934,7.148,14.763
112,1641,omega_reduce_r3_o2_n2_multiply_add_zero_epi10_fused_identity_o10__add_o8_o9__add_s1_o7__add_s2_o6__add_s3_o5__add_s4_o4__add_s5_o3__add_s6_o2__reciprocal_s7__multiply_s0_s8__multiply_s9_o1__add_s10_o0,32768,1024,14,41028,0,0,1,1,1,1,9524,14.313,13.683,13.934,7.148,14.763
113,1662,omega_reduce_r2_o1_n2_multiply_add_zero_epi4_fused_identity_o4__multiply_s0_o3__add_s1_o2__square_root_s2__reciprocal_s3__multiply_s4_o1__multiply_s5_o0,256,1,8,117295080,32,0,1,1,1,1,5685,14.313,13.683,13.934,7.148,14.763
114,1668,omega_reduce_r4_o3_n2_multiply_add_zero,4096,64,4,114690016,0,0,1,1,1,1,6411,14.313,13.683,13.934,7.148,14.763
115,1664,omega_reduce_r4_o3_n2_multiply_add_zero,8192,128,4,115607520,0,0,0,0,0,0,7327,14.313,13.683,13.934,7.148,14.763
116,1666,omega_reduce_r4_o3_n2_multiply_add_zero,4096,64,4,117276640,0,0,0,0,0,0,6411,14.313,13.683,13.934,7.148,14.763
117,1680,omega_elementwise_twin_r3_n4_fused_multiply_o0_o1__multiply_o2_o3__add_s0_s1_fused_multiply_o0_o3__multiply_o2_o1__subtract_s0_s1,256,1,7,205056,0,0,1,1,1,1,3143,14.313,13.683,13.934,7.148,14.763
118,1671,omega_elementwise_twin_r3_n4_fused_multiply_o0_o1__multiply_o2_o3__subtract_s0_s1_fused_multiply_o0_o3__multiply_o2_o1__add_s0_s1,512,1,7,12544,0,0,1,1,0,1,3375,14.313,13.683,13.934,7.148,14.763
119,1713,omega_cached_attention_q1_h8_g2_d64_s3c800000_ln9223372036854775808_up0_x4_e1_k1_ds,65536,512,11,5128196,1056,0,1,1,1,1,47494,14.313,13.683,13.934,7.148,14.763
120,1713,omega_cached_attention_q1_h8_g2_d64_s3c800000_ln9223372036854775808_up0_x4_e1_k1_ds_merge,16384,16,3,139264,0,0,1,1,1,1,4512,14.313,13.683,13.934,7.148,14.763
121,1717,omega_reduce_r5_o2_n2_multiply_add_zero_epi2_fused_identity_o2__multiply_s0_o1__add_s1_o0,8192,128,6,116725732,0,0,1,1,1,1,6964,14.313,13.683,13.934,7.148,14.763
122,1725,omega_reduce_r2_o1_n2_multiply_add_zero_epi4_fused_identity_o4__multiply_s0_o3__add_s1_o2__square_root_s2__reciprocal_s3__multiply_s4_o1__multiply_s5_o0,256,1,8,117290984,32,0,1,1,1,1,5685,14.313,13.683,13.934,7.148,14.763
123,1727,omega_reduce_r3_o2_n2_multiply_add_zero,8192,32,4,135296,32,0,1,1,1,1,5524,14.313,13.683,13.934,7.148,14.763
124,1733,omega_moe_topk_e32_k8_stacked,32,1,21,260,16,0,1,1,1,1,5351,14.313,13.683,13.934,7.148,14.763
125,1850,omega_reduce_r4_o3_n2_multiply_add_zero_g10,32768,512,6,170907648,0,0,1,1,0,0,21030,14.313,13.683,13.934,7.148,14.763
126,1858,omega_reduce_r4_o3_n2_multiply_add_zero_epi3_fused_identity_o3__negate_o2__exponential_s1__add_s2_o1__reciprocal_s3__multiply_s4_o0__multiply_s0_s5_g10,32768,512,9,153114628,0,0,1,1,1,1,21607,14.313,13.683,13.934,7.148,14.763
127,1860,omega_reduce_r4_o3_n2_multiply_add_zero_g10,65536,1024,6,135284736,0,0,1,1,1,1,29232,14.313,13.683,13.934,7.148,14.763
128,1873,omega_reduce_r3_o2_n2_multiply_add_zero_epi10_fused_identity_o10__add_o8_o9__add_s1_o7__add_s2_o6__add_s3_o5__add_s4_o4__add_s5_o3__add_s6_o2__reciprocal_s7__multiply_s0_s8__multiply_s9_o1__add_s10_o0,32768,1024,14,41028,0,0,1,1,1,1,9524,14.313,13.683,13.934,7.148,14.763
129,1894,omega_reduce_r2_o1_n2_multiply_add_zero_epi4_fused_identity_o4__multiply_s0_o3__add_s1_o2__square_root_s2__reciprocal_s3__multiply_s4_o1__multiply_s5_o0,256,1,8,60336104,32,0,1,1,1,1,5685,14.313,13.683,13.934,7.148,14.763
130,1900,omega_reduce_r4_o3_n2_multiply_add_zero,4096,64,4,57731040,0,0,1,1,1,1,6411,14.313,13.683,13.934,7.148,14.763
131,1896,omega_reduce_r4_o3_n2_multiply_add_zero,8192,128,4,58648544,0,0,0,0,0,0,7327,14.313,13.683,13.934,7.148,14.763
132,1898,omega_reduce_r4_o3_n2_multiply_add_zero,4096,64,4,60317664,0,0,0,0,0,0,6411,14.313,13.683,13.934,7.148,14.763
133,1912,omega_elementwise_twin_r3_n4_fused_multiply_o0_o1__multiply_o2_o3__add_s0_s1_fused_multiply_o0_o3__multiply_o2_o1__subtract_s0_s1,256,1,7,205056,0,0,1,1,1,1,3143,14.313,13.683,13.934,7.148,14.763
134,1903,omega_elementwise_twin_r3_n4_fused_multiply_o0_o1__multiply_o2_o3__subtract_s0_s1_fused_multiply_o0_o3__multiply_o2_o1__add_s0_s1,512,1,7,12544,0,0,1,1,0,1,3375,14.313,13.683,13.934,7.148,14.763
135,1945,omega_cached_attention_q1_h8_g2_d64_s3c800000_ln9223372036854775808_up0_x4_e1_k1_ds,65536,512,11,5128196,1056,0,1,1,1,1,47494,14.313,13.683,13.934,7.148,14.763
136,1945,omega_cached_attention_q1_h8_g2_d64_s3c800000_ln9223372036854775808_up0_x4_e1_k1_ds_merge,16384,16,3,139264,0,0,1,1,1,1,4512,14.313,13.683,13.934,7.148,14.763
137,1949,omega_reduce_r5_o2_n2_multiply_add_zero_epi2_fused_identity_o2__multiply_s0_o1__add_s1_o0,8192,128,6,59766756,0,0,1,1,1,1,6964,14.313,13.683,13.934,7.148,14.763
138,1957,omega_reduce_r2_o1_n2_multiply_add_zero_epi4_fused_identity_o4__multiply_s0_o3__add_s1_o2__square_root_s2__reciprocal_s3__multiply_s4_o1__multiply_s5_o0,256,1,8,60332008,32,0,1,1,1,1,5685,14.313,13.683,13.934,7.148,14.763
139,1959,omega_reduce_r3_o2_n2_multiply_add_zero,8192,32,4,135296,32,0,1,1,1,1,5524,14.313,13.683,13.934,7.148,14.763
140,1965,omega_moe_topk_e32_k8_stacked,32,1,21,260,16,0,1,1,1,1,5351,14.313,13.683,13.934,7.148,14.763
141,2082,omega_reduce_r4_o3_n2_multiply_add_zero_g10,32768,512,6,113948672,0,0,1,1,0,0,21030,14.313,13.683,13.934,7.148,14.763
142,2090,omega_reduce_r4_o3_n2_multiply_add_zero_epi3_fused_identity_o3__negate_o2__exponential_s1__add_s2_o1__reciprocal_s3__multiply_s4_o0__multiply_s0_s5_g10,32768,512,9,96155652,0,0,1,1,1,1,21607,14.313,13.683,13.934,7.148,14.763
143,2092,omega_reduce_r4_o3_n2_multiply_add_zero_g10,65536,1024,6,78325760,0,0,1,1,1,1,29232,14.313,13.683,13.934,7.148,14.763
144,2105,omega_reduce_r3_o2_n2_multiply_add_zero_epi10_fused_identity_o10__add_o8_o9__add_s1_o7__add_s2_o6__add_s3_o5__add_s4_o4__add_s5_o3__add_s6_o2__reciprocal_s7__multiply_s0_s8__multiply_s9_o1__add_s10_o0,32768,1024,14,41028,0,0,1,1,1,1,9524,14.313,13.683,13.934,7.148,14.763
145,2126,omega_reduce_r2_o1_n2_multiply_add_zero_epi4_fused_identity_o4__multiply_s0_o3__add_s1_o2__square_root_s2__reciprocal_s3__multiply_s4_o1__multiply_s5_o0,256,1,8,3377128,32,0,1,1,1,1,5685,14.313,13.683,13.934,7.148,14.763
146,2132,omega_reduce_r4_o3_n2_multiply_add_zero,4096,64,4,772064,0,0,1,1,1,1,6411,14.313,13.683,13.934,7.148,14.763
147,2128,omega_reduce_r4_o3_n2_multiply_add_zero,8192,128,4,1689568,0,0,0,0,0,0,7327,14.313,13.683,13.934,7.148,14.763
148,2130,omega_reduce_r4_o3_n2_multiply_add_zero,4096,64,4,3358688,0,0,0,0,0,0,6411,14.313,13.683,13.934,7.148,14.763
149,2144,omega_elementwise_twin_r3_n4_fused_multiply_o0_o1__multiply_o2_o3__add_s0_s1_fused_multiply_o0_o3__multiply_o2_o1__subtract_s0_s1,256,1,7,205056,0,0,1,1,1,1,3143,14.313,13.683,13.934,7.148,14.763
150,2135,omega_elementwise_twin_r3_n4_fused_multiply_o0_o1__multiply_o2_o3__subtract_s0_s1_fused_multiply_o0_o3__multiply_o2_o1__add_s0_s1,512,1,7,12544,0,0,1,1,0,1,3375,14.313,13.683,13.934,7.148,14.763
151,2177,omega_cached_attention_q1_h8_g2_d64_s3c800000_ln9223372036854775808_up0_x4_e1_k1_ds,65536,512,11,5128196,1056,0,1,1,1,1,47494,14.313,13.683,13.934,7.148,14.763
152,2177,omega_cached_attention_q1_h8_g2_d64_s3c800000_ln9223372036854775808_up0_x4_e1_k1_ds_merge,16384,16,3,139264,0,0,1,1,1,1,4512,14.313,13.683,13.934,7.148,14.763
153,2181,omega_reduce_r5_o2_n2_multiply_add_zero_epi2_fused_identity_o2__multiply_s0_o1__add_s1_o0,8192,128,6,2807780,0,0,1,1,1,1,6964,14.313,13.683,13.934,7.148,14.763
154,2189,omega_reduce_r2_o1_n2_multiply_add_zero_epi4_fused_identity_o4__multiply_s0_o3__add_s1_o2__square_root_s2__reciprocal_s3__multiply_s4_o1__multiply_s5_o0,256,1,8,3373032,32,0,1,1,1,1,5685,14.313,13.683,13.934,7.148,14.763
155,2191,omega_reduce_r3_o2_n2_multiply_add_zero,8192,32,4,135296,32,0,1,1,1,1,5524,14.313,13.683,13.934,7.148,14.763
156,2197,omega_moe_topk_e32_k8_stacked,32,1,21,260,16,0,1,1,1,1,5351,14.313,13.683,13.934,7.148,14.763
157,2314,omega_reduce_r4_o3_n2_multiply_add_zero_g10,32768,512,6,56989696,0,0,1,1,0,0,21030,14.313,13.683,13.934,7.148,14.763
158,2322,omega_reduce_r4_o3_n2_multiply_add_zero_epi3_fused_identity_o3__negate_o2__exponential_s1__add_s2_o1__reciprocal_s3__multiply_s4_o0__multiply_s0_s5_g10,32768,512,9,39196676,0,0,1,1,1,1,21607,14.313,13.683,13.934,7.148,14.763
159,2324,omega_reduce_r4_o3_n2_multiply_add_zero_g10,65536,1024,6,21366784,0,0,1,1,1,1,29232,14.313,13.683,13.934,7.148,14.763
160,2337,omega_reduce_r3_o2_n2_multiply_add_zero_epi10_fused_identity_o10__add_o8_o9__add_s1_o7__add_s2_o6__add_s3_o5__add_s4_o4__add_s5_o3__add_s6_o2__reciprocal_s7__multiply_s0_s8__multiply_s9_o1__add_s10_o0,32768,1024,14,41028,0,0,1,1,1,1,9524,14.313,13.683,13.934,7.148,14.763
161,2358,omega_reduce_r2_o1_n2_multiply_add_zero_epi4_fused_identity_o4__multiply_s0_o3__add_s1_o2__square_root_s2__reciprocal_s3__multiply_s4_o1__multiply_s5_o0,256,1,8,1199515624,32,0,1,1,1,1,5685,14.313,13.683,13.934,7.148,14.763
162,2364,omega_reduce_r4_o3_n2_multiply_add_zero,4096,64,4,1196910560,0,0,1,1,1,1,6411,14.313,13.683,13.934,7.148,14.763
163,2360,omega_reduce_r4_o3_n2_multiply_add_zero,8192,128,4,1197828064,0,0,0,0,0,0,7327,14.313,13.683,13.934,7.148,14.763
164,2362,omega_reduce_r4_o3_n2_multiply_add_zero,4096,64,4,1199497184,0,0,0,0,0,0,6411,14.313,13.683,13.934,7.148,14.763
165,2376,omega_elementwise_twin_r3_n4_fused_multiply_o0_o1__multiply_o2_o3__add_s0_s1_fused_multiply_o0_o3__multiply_o2_o1__subtract_s0_s1,256,1,7,205056,0,0,1,1,1,1,3143,14.313,13.683,13.934,7.148,14.763
166,2367,omega_elementwise_twin_r3_n4_fused_multiply_o0_o1__multiply_o2_o3__subtract_s0_s1_fused_multiply_o0_o3__multiply_o2_o1__add_s0_s1,512,1,7,12544,0,0,1,1,0,1,3375,14.313,13.683,13.934,7.148,14.763
167,2409,omega_cached_attention_q1_h8_g2_d64_s3c800000_ln9223372036854775808_up0_x4_e1_k1_ds,65536,512,11,5128196,1056,0,1,1,1,1,47494,14.313,13.683,13.934,7.148,14.763
168,2409,omega_cached_attention_q1_h8_g2_d64_s3c800000_ln9223372036854775808_up0_x4_e1_k1_ds_merge,16384,16,3,139264,0,0,1,1,1,1,4512,14.313,13.683,13.934,7.148,14.763
169,2413,omega_reduce_r5_o2_n2_multiply_add_zero_epi2_fused_identity_o2__multiply_s0_o1__add_s1_o0,8192,128,6,1198946276,0,0,1,1,1,1,6964,14.313,13.683,13.934,7.148,14.763
170,2421,omega_reduce_r2_o1_n2_multiply_add_zero_epi4_fused_identity_o4__multiply_s0_o3__add_s1_o2__square_root_s2__reciprocal_s3__multiply_s4_o1__multiply_s5_o0,256,1,8,1199511528,32,0,1,1,1,1,5685,14.313,13.683,13.934,7.148,14.763
171,2423,omega_reduce_r3_o2_n2_multiply_add_zero,8192,32,4,135296,32,0,1,1,1,1,5524,14.313,13.683,13.934,7.148,14.763
172,2429,omega_moe_topk_e32_k8_stacked,32,1,21,260,16,0,1,1,1,1,5351,14.313,13.683,13.934,7.148,14.763
173,2546,omega_reduce_r4_o3_n2_multiply_add_zero_g10,32768,512,6,1253128192,0,0,1,1,0,0,21030,14.313,13.683,13.934,7.148,14.763
174,2554,omega_reduce_r4_o3_n2_multiply_add_zero_epi3_fused_identity_o3__negate_o2__exponential_s1__add_s2_o1__reciprocal_s3__multiply_s4_o0__multiply_s0_s5_g10,32768,512,9,1235335172,0,0,1,1,1,1,21607,14.313,13.683,13.934,7.148,14.763
175,2556,omega_reduce_r4_o3_n2_multiply_add_zero_g10,65536,1024,6,1217505280,0,0,1,1,1,1,29232,14.313,13.683,13.934,7.148,14.763
176,2569,omega_reduce_r3_o2_n2_multiply_add_zero_epi10_fused_identity_o10__add_o8_o9__add_s1_o7__add_s2_o6__add_s3_o5__add_s4_o4__add_s5_o3__add_s6_o2__reciprocal_s7__multiply_s0_s8__multiply_s9_o1__add_s10_o0,32768,1024,14,41028,0,0,1,1,1,1,9524,14.313,13.683,13.934,7.148,14.763
177,2590,omega_reduce_r2_o1_n2_multiply_add_zero_epi4_fused_identity_o4__multiply_s0_o3__add_s1_o2__square_root_s2__reciprocal_s3__multiply_s4_o1__multiply_s5_o0,256,1,8,1142556648,32,0,1,1,1,1,5685,14.313,13.683,13.934,7.148,14.763
178,2596,omega_reduce_r4_o3_n2_multiply_add_zero,4096,64,4,1139951584,0,0,1,1,1,1,6411,14.313,13.683,13.934,7.148,14.763
179,2592,omega_reduce_r4_o3_n2_multiply_add_zero,8192,128,4,1140869088,0,0,0,0,0,0,7327,14.313,13.683,13.934,7.148,14.763
180,2594,omega_reduce_r4_o3_n2_multiply_add_zero,4096,64,4,1142538208,0,0,0,0,0,0,6411,14.313,13.683,13.934,7.148,14.763
181,2608,omega_elementwise_twin_r3_n4_fused_multiply_o0_o1__multiply_o2_o3__add_s0_s1_fused_multiply_o0_o3__multiply_o2_o1__subtract_s0_s1,256,1,7,205056,0,0,1,1,1,1,3143,14.313,13.683,13.934,7.148,14.763
182,2599,omega_elementwise_twin_r3_n4_fused_multiply_o0_o1__multiply_o2_o3__subtract_s0_s1_fused_multiply_o0_o3__multiply_o2_o1__add_s0_s1,512,1,7,12544,0,0,1,1,0,1,3375,14.313,13.683,13.934,7.148,14.763
183,2641,omega_cached_attention_q1_h8_g2_d64_s3c800000_ln9223372036854775808_up0_x4_e1_k1_ds,65536,512,11,5128196,1056,0,1,1,1,1,47494,14.313,13.683,13.934,7.148,14.763
184,2641,omega_cached_attention_q1_h8_g2_d64_s3c800000_ln9223372036854775808_up0_x4_e1_k1_ds_merge,16384,16,3,139264,0,0,1,1,1,1,4512,14.313,13.683,13.934,7.148,14.763
185,2645,omega_reduce_r5_o2_n2_multiply_add_zero_epi2_fused_identity_o2__multiply_s0_o1__add_s1_o0,8192,128,6,1141987300,0,0,1,1,1,1,6964,14.313,13.683,13.934,7.148,14.763
186,2653,omega_reduce_r2_o1_n2_multiply_add_zero_epi4_fused_identity_o4__multiply_s0_o3__add_s1_o2__square_root_s2__reciprocal_s3__multiply_s4_o1__multiply_s5_o0,256,1,8,1142552552,32,0,1,1,1,1,5685,14.313,13.683,13.934,7.148,14.763
187,2655,omega_reduce_r3_o2_n2_multiply_add_zero,8192,32,4,135296,32,0,1,1,1,1,5524,14.313,13.683,13.934,7.148,14.763
188,2661,omega_moe_topk_e32_k8_stacked,32,1,21,260,16,0,1,1,1,1,5351,14.313,13.683,13.934,7.148,14.763
189,2778,omega_reduce_r4_o3_n2_multiply_add_zero_g10,32768,512,6,1196169216,0,0,1,1,0,0,21030,14.313,13.683,13.934,7.148,14.763
190,2786,omega_reduce_r4_o3_n2_multiply_add_zero_epi3_fused_identity_o3__negate_o2__exponential_s1__add_s2_o1__reciprocal_s3__multiply_s4_o0__multiply_s0_s5_g10,32768,512,9,1178376196,0,0,1,1,1,1,21607,14.313,13.683,13.934,7.148,14.763
191,2788,omega_reduce_r4_o3_n2_multiply_add_zero_g10,65536,1024,6,1160546304,0,0,1,1,1,1,29232,14.313,13.683,13.934,7.148,14.763
192,2801,omega_reduce_r3_o2_n2_multiply_add_zero_epi10_fused_identity_o10__add_o8_o9__add_s1_o7__add_s2_o6__add_s3_o5__add_s4_o4__add_s5_o3__add_s6_o2__reciprocal_s7__multiply_s0_s8__multiply_s9_o1__add_s10_o0,32768,1024,14,41028,0,0,1,1,1,1,9524,14.313,13.683,13.934,7.148,14.763
193,2822,omega_reduce_r2_o1_n2_multiply_add_zero_epi4_fused_identity_o4__multiply_s0_o3__add_s1_o2__square_root_s2__reciprocal_s3__multiply_s4_o1__multiply_s5_o0,256,1,8,1085597672,32,0,1,1,1,1,5685,14.313,13.683,13.934,7.148,14.763
194,2828,omega_reduce_r4_o3_n2_multiply_add_zero,4096,64,4,1082992608,0,0,1,1,1,1,6411,14.313,13.683,13.934,7.148,14.763
195,2824,omega_reduce_r4_o3_n2_multiply_add_zero,8192,128,4,1083910112,0,0,0,0,0,0,7327,14.313,13.683,13.934,7.148,14.763
196,2826,omega_reduce_r4_o3_n2_multiply_add_zero,4096,64,4,1085579232,0,0,0,0,0,0,6411,14.313,13.683,13.934,7.148,14.763
197,2840,omega_elementwise_twin_r3_n4_fused_multiply_o0_o1__multiply_o2_o3__add_s0_s1_fused_multiply_o0_o3__multiply_o2_o1__subtract_s0_s1,256,1,7,205056,0,0,1,1,1,1,3143,14.313,13.683,13.934,7.148,14.763
198,2831,omega_elementwise_twin_r3_n4_fused_multiply_o0_o1__multiply_o2_o3__subtract_s0_s1_fused_multiply_o0_o3__multiply_o2_o1__add_s0_s1,512,1,7,12544,0,0,1,1,0,1,3375,14.313,13.683,13.934,7.148,14.763
199,2873,omega_cached_attention_q1_h8_g2_d64_s3c800000_ln9223372036854775808_up0_x4_e1_k1_ds,65536,512,11,5128196,1056,0,1,1,1,1,47494,14.313,13.683,13.934,7.148,14.763
200,2873,omega_cached_attention_q1_h8_g2_d64_s3c800000_ln9223372036854775808_up0_x4_e1_k1_ds_merge,16384,16,3,139264,0,0,1,1,1,1,4512,14.313,13.683,13.934,7.148,14.763
201,2877,omega_reduce_r5_o2_n2_multiply_add_zero_epi2_fused_identity_o2__multiply_s0_o1__add_s1_o0,8192,128,6,1085028324,0,0,1,1,1,1,6964,14.313,13.683,13.934,7.148,14.763
202,2885,omega_reduce_r2_o1_n2_multiply_add_zero_epi4_fused_identity_o4__multiply_s0_o3__add_s1_o2__square_root_s2__reciprocal_s3__multiply_s4_o1__multiply_s5_o0,256,1,8,1085593576,32,0,1,1,1,1,5685,14.313,13.683,13.934,7.148,14.763
203,2887,omega_reduce_r3_o2_n2_multiply_add_zero,8192,32,4,135296,32,0,1,1,1,1,5524,14.313,13.683,13.934,7.148,14.763
204,2893,omega_moe_topk_e32_k8_stacked,32,1,21,260,16,0,1,1,1,1,5351,14.313,13.683,13.934,7.148,14.763
205,3010,omega_reduce_r4_o3_n2_multiply_add_zero_g10,32768,512,6,1139210240,0,0,1,1,0,0,21030,14.313,13.683,13.934,7.148,14.763
206,3018,omega_reduce_r4_o3_n2_multiply_add_zero_epi3_fused_identity_o3__negate_o2__exponential_s1__add_s2_o1__reciprocal_s3__multiply_s4_o0__multiply_s0_s5_g10,32768,512,9,1121417220,0,0,1,1,1,1,21607,14.313,13.683,13.934,7.148,14.763
207,3020,omega_reduce_r4_o3_n2_multiply_add_zero_g10,65536,1024,6,1103587328,0,0,1,1,1,1,29232,14.313,13.683,13.934,7.148,14.763
208,3033,omega_reduce_r3_o2_n2_multiply_add_zero_epi10_fused_identity_o10__add_o8_o9__add_s1_o7__add_s2_o6__add_s3_o5__add_s4_o4__add_s5_o3__add_s6_o2__reciprocal_s7__multiply_s0_s8__multiply_s9_o1__add_s10_o0,32768,1024,14,41028,0,0,1,1,1,1,9524,14.313,13.683,13.934,7.148,14.763
209,3054,omega_reduce_r2_o1_n2_multiply_add_zero_epi4_fused_identity_o4__multiply_s0_o3__add_s1_o2__square_root_s2__reciprocal_s3__multiply_s4_o1__multiply_s5_o0,256,1,8,1028638696,32,0,1,1,1,1,5685,14.313,13.683,13.934,7.148,14.763
210,3060,omega_reduce_r4_o3_n2_multiply_add_zero,4096,64,4,1026033632,0,0,1,1,1,1,6411,14.313,13.683,13.934,7.148,14.763
211,3056,omega_reduce_r4_o3_n2_multiply_add_zero,8192,128,4,1026951136,0,0,0,0,0,0,7327,14.313,13.683,13.934,7.148,14.763
212,3058,omega_reduce_r4_o3_n2_multiply_add_zero,4096,64,4,1028620256,0,0,0,0,0,0,6411,14.313,13.683,13.934,7.148,14.763
213,3072,omega_elementwise_twin_r3_n4_fused_multiply_o0_o1__multiply_o2_o3__add_s0_s1_fused_multiply_o0_o3__multiply_o2_o1__subtract_s0_s1,256,1,7,205056,0,0,1,1,1,1,3143,14.313,13.683,13.934,7.148,14.763
214,3063,omega_elementwise_twin_r3_n4_fused_multiply_o0_o1__multiply_o2_o3__subtract_s0_s1_fused_multiply_o0_o3__multiply_o2_o1__add_s0_s1,512,1,7,12544,0,0,1,1,0,1,3375,14.313,13.683,13.934,7.148,14.763
215,3105,omega_cached_attention_q1_h8_g2_d64_s3c800000_ln9223372036854775808_up0_x4_e1_k1_ds,65536,512,11,5128196,1056,0,1,1,1,1,47494,14.313,13.683,13.934,7.148,14.763
216,3105,omega_cached_attention_q1_h8_g2_d64_s3c800000_ln9223372036854775808_up0_x4_e1_k1_ds_merge,16384,16,3,139264,0,0,1,1,1,1,4512,14.313,13.683,13.934,7.148,14.763
217,3109,omega_reduce_r5_o2_n2_multiply_add_zero_epi2_fused_identity_o2__multiply_s0_o1__add_s1_o0,8192,128,6,1028069348,0,0,1,1,1,1,6964,14.313,13.683,13.934,7.148,14.763
218,3117,omega_reduce_r2_o1_n2_multiply_add_zero_epi4_fused_identity_o4__multiply_s0_o3__add_s1_o2__square_root_s2__reciprocal_s3__multiply_s4_o1__multiply_s5_o0,256,1,8,1028634600,32,0,1,1,1,1,5685,14.313,13.683,13.934,7.148,14.763
219,3119,omega_reduce_r3_o2_n2_multiply_add_zero,8192,32,4,135296,32,0,1,1,1,1,5524,14.313,13.683,13.934,7.148,14.763
220,3125,omega_moe_topk_e32_k8_stacked,32,1,21,260,16,0,1,1,1,1,5351,14.313,13.683,13.934,7.148,14.763
221,3242,omega_reduce_r4_o3_n2_multiply_add_zero_g10,32768,512,6,1082251264,0,0,1,1,0,0,21030,14.313,13.683,13.934,7.148,14.763
222,3250,omega_reduce_r4_o3_n2_multiply_add_zero_epi3_fused_identity_o3__negate_o2__exponential_s1__add_s2_o1__reciprocal_s3__multiply_s4_o0__multiply_s0_s5_g10,32768,512,9,1064458244,0,0,1,1,1,1,21607,14.313,13.683,13.934,7.148,14.763
223,3252,omega_reduce_r4_o3_n2_multiply_add_zero_g10,65536,1024,6,1046628352,0,0,1,1,1,1,29232,14.313,13.683,13.934,7.148,14.763
224,3265,omega_reduce_r3_o2_n2_multiply_add_zero_epi10_fused_identity_o10__add_o8_o9__add_s1_o7__add_s2_o6__add_s3_o5__add_s4_o4__add_s5_o3__add_s6_o2__reciprocal_s7__multiply_s0_s8__multiply_s9_o1__add_s10_o0,32768,1024,14,41028,0,0,1,1,1,1,9524,14.313,13.683,13.934,7.148,14.763
225,3286,omega_reduce_r2_o1_n2_multiply_add_zero_epi4_fused_identity_o4__multiply_s0_o3__add_s1_o2__square_root_s2__reciprocal_s3__multiply_s4_o1__multiply_s5_o0,256,1,8,971679720,32,0,1,1,1,1,5685,14.313,13.683,13.934,7.148,14.763
226,3292,omega_reduce_r4_o3_n2_multiply_add_zero,4096,64,4,969074656,0,0,1,1,1,1,6411,14.313,13.683,13.934,7.148,14.763
227,3288,omega_reduce_r4_o3_n2_multiply_add_zero,8192,128,4,969992160,0,0,0,0,0,0,7327,14.313,13.683,13.934,7.148,14.763
228,3290,omega_reduce_r4_o3_n2_multiply_add_zero,4096,64,4,971661280,0,0,0,0,0,0,6411,14.313,13.683,13.934,7.148,14.763
229,3304,omega_elementwise_twin_r3_n4_fused_multiply_o0_o1__multiply_o2_o3__add_s0_s1_fused_multiply_o0_o3__multiply_o2_o1__subtract_s0_s1,256,1,7,205056,0,0,1,1,1,1,3143,14.313,13.683,13.934,7.148,14.763
230,3295,omega_elementwise_twin_r3_n4_fused_multiply_o0_o1__multiply_o2_o3__subtract_s0_s1_fused_multiply_o0_o3__multiply_o2_o1__add_s0_s1,512,1,7,12544,0,0,1,1,0,1,3375,14.313,13.683,13.934,7.148,14.763
231,3337,omega_cached_attention_q1_h8_g2_d64_s3c800000_ln9223372036854775808_up0_x4_e1_k1_ds,65536,512,11,5128196,1056,0,1,1,1,1,47494,14.313,13.683,13.934,7.148,14.763
232,3337,omega_cached_attention_q1_h8_g2_d64_s3c800000_ln9223372036854775808_up0_x4_e1_k1_ds_merge,16384,16,3,139264,0,0,1,1,1,1,4512,14.313,13.683,13.934,7.148,14.763
233,3341,omega_reduce_r5_o2_n2_multiply_add_zero_epi2_fused_identity_o2__multiply_s0_o1__add_s1_o0,8192,128,6,971110372,0,0,1,1,1,1,6964,14.313,13.683,13.934,7.148,14.763
234,3349,omega_reduce_r2_o1_n2_multiply_add_zero_epi4_fused_identity_o4__multiply_s0_o3__add_s1_o2__square_root_s2__reciprocal_s3__multiply_s4_o1__multiply_s5_o0,256,1,8,971675624,32,0,1,1,1,1,5685,14.313,13.683,13.934,7.148,14.763
235,3351,omega_reduce_r3_o2_n2_multiply_add_zero,8192,32,4,135296,32,0,1,1,1,1,5524,14.313,13.683,13.934,7.148,14.763
236,3357,omega_moe_topk_e32_k8_stacked,32,1,21,260,16,0,1,1,1,1,5351,14.313,13.683,13.934,7.148,14.763
237,3474,omega_reduce_r4_o3_n2_multiply_add_zero_g10,32768,512,6,1025292288,0,0,1,1,0,0,21030,14.313,13.683,13.934,7.148,14.763
238,3482,omega_reduce_r4_o3_n2_multiply_add_zero_epi3_fused_identity_o3__negate_o2__exponential_s1__add_s2_o1__reciprocal_s3__multiply_s4_o0__multiply_s0_s5_g10,32768,512,9,1007499268,0,0,1,1,1,1,21607,14.313,13.683,13.934,7.148,14.763
239,3484,omega_reduce_r4_o3_n2_multiply_add_zero_g10,65536,1024,6,989669376,0,0,1,1,1,1,29232,14.313,13.683,13.934,7.148,14.763
240,3497,omega_reduce_r3_o2_n2_multiply_add_zero_epi10_fused_identity_o10__add_o8_o9__add_s1_o7__add_s2_o6__add_s3_o5__add_s4_o4__add_s5_o3__add_s6_o2__reciprocal_s7__multiply_s0_s8__multiply_s9_o1__add_s10_o0,32768,1024,14,41028,0,0,1,1,1,1,9524,14.313,13.683,13.934,7.148,14.763
241,3518,omega_reduce_r2_o1_n2_multiply_add_zero_epi4_fused_identity_o4__multiply_s0_o3__add_s1_o2__square_root_s2__reciprocal_s3__multiply_s4_o1__multiply_s5_o0,256,1,8,914720744,32,0,1,1,1,1,5685,14.313,13.683,13.934,7.148,14.763
242,3524,omega_reduce_r4_o3_n2_multiply_add_zero,4096,64,4,912115680,0,0,1,1,1,1,6411,14.313,13.683,13.934,7.148,14.763
243,3520,omega_reduce_r4_o3_n2_multiply_add_zero,8192,128,4,913033184,0,0,0,0,0,0,7327,14.313,13.683,13.934,7.148,14.763
244,3522,omega_reduce_r4_o3_n2_multiply_add_zero,4096,64,4,914702304,0,0,0,0,0,0,6411,14.313,13.683,13.934,7.148,14.763
245,3536,omega_elementwise_twin_r3_n4_fused_multiply_o0_o1__multiply_o2_o3__add_s0_s1_fused_multiply_o0_o3__multiply_o2_o1__subtract_s0_s1,256,1,7,205056,0,0,1,1,1,1,3143,14.313,13.683,13.934,7.148,14.763
246,3527,omega_elementwise_twin_r3_n4_fused_multiply_o0_o1__multiply_o2_o3__subtract_s0_s1_fused_multiply_o0_o3__multiply_o2_o1__add_s0_s1,512,1,7,12544,0,0,1,1,0,1,3375,14.313,13.683,13.934,7.148,14.763
247,3569,omega_cached_attention_q1_h8_g2_d64_s3c800000_ln9223372036854775808_up0_x4_e1_k1_ds,65536,512,11,5128196,1056,0,1,1,1,1,47494,14.313,13.683,13.934,7.148,14.763
248,3569,omega_cached_attention_q1_h8_g2_d64_s3c800000_ln9223372036854775808_up0_x4_e1_k1_ds_merge,16384,16,3,139264,0,0,1,1,1,1,4512,14.313,13.683,13.934,7.148,14.763
249,3573,omega_reduce_r5_o2_n2_multiply_add_zero_epi2_fused_identity_o2__multiply_s0_o1__add_s1_o0,8192,128,6,914151396,0,0,1,1,1,1,6964,14.313,13.683,13.934,7.148,14.763
250,3581,omega_reduce_r2_o1_n2_multiply_add_zero_epi4_fused_identity_o4__multiply_s0_o3__add_s1_o2__square_root_s2__reciprocal_s3__multiply_s4_o1__multiply_s5_o0,256,1,8,914716648,32,0,1,1,1,1,5685,14.313,13.683,13.934,7.148,14.763
251,3583,omega_reduce_r3_o2_n2_multiply_add_zero,8192,32,4,135296,32,0,1,1,1,1,5524,14.313,13.683,13.934,7.148,14.763
252,3589,omega_moe_topk_e32_k8_stacked,32,1,21,260,16,0,1,1,1,1,5351,14.313,13.683,13.934,7.148,14.763
253,3706,omega_reduce_r4_o3_n2_multiply_add_zero_g10,32768,512,6,968333312,0,0,1,1,0,0,21030,14.313,13.683,13.934,7.148,14.763
254,3714,omega_reduce_r4_o3_n2_multiply_add_zero_epi3_fused_identity_o3__negate_o2__exponential_s1__add_s2_o1__reciprocal_s3__multiply_s4_o0__multiply_s0_s5_g10,32768,512,9,950540292,0,0,1,1,1,1,21607,14.313,13.683,13.934,7.148,14.763
255,3716,omega_reduce_r4_o3_n2_multiply_add_zero_g10,65536,1024,6,932710400,0,0,1,1,1,1,29232,14.313,13.683,13.934,7.148,14.763
256,3729,omega_reduce_r3_o2_n2_multiply_add_zero_epi10_fused_identity_o10__add_o8_o9__add_s1_o7__add_s2_o6__add_s3_o5__add_s4_o4__add_s5_o3__add_s6_o2__reciprocal_s7__multiply_s0_s8__multiply_s9_o1__add_s10_o0,32768,1024,14,41028,0,0,1,1,1,1,9524,14.313,13.683,13.934,7.148,14.763
257,3750,omega_reduce_r2_o1_n2_multiply_add_zero_epi4_fused_identity_o4__multiply_s0_o3__add_s1_o2__square_root_s2__reciprocal_s3__multiply_s4_o1__multiply_s5_o0,256,1,8,857761768,32,0,1,1,1,1,5685,14.313,13.683,13.934,7.148,14.763
258,3756,omega_reduce_r4_o3_n2_multiply_add_zero,4096,64,4,855156704,0,0,1,1,1,1,6411,14.313,13.683,13.934,7.148,14.763
259,3752,omega_reduce_r4_o3_n2_multiply_add_zero,8192,128,4,856074208,0,0,0,0,0,0,7327,14.313,13.683,13.934,7.148,14.763
260,3754,omega_reduce_r4_o3_n2_multiply_add_zero,4096,64,4,857743328,0,0,0,0,0,0,6411,14.313,13.683,13.934,7.148,14.763
261,3768,omega_elementwise_twin_r3_n4_fused_multiply_o0_o1__multiply_o2_o3__add_s0_s1_fused_multiply_o0_o3__multiply_o2_o1__subtract_s0_s1,256,1,7,205056,0,0,1,1,1,1,3143,14.313,13.683,13.934,7.148,14.763
262,3759,omega_elementwise_twin_r3_n4_fused_multiply_o0_o1__multiply_o2_o3__subtract_s0_s1_fused_multiply_o0_o3__multiply_o2_o1__add_s0_s1,512,1,7,12544,0,0,1,1,0,1,3375,14.313,13.683,13.934,7.148,14.763
263,3801,omega_cached_attention_q1_h8_g2_d64_s3c800000_ln9223372036854775808_up0_x4_e1_k1_ds,65536,512,11,5128196,1056,0,1,1,1,1,47494,14.313,13.683,13.934,7.148,14.763
264,3801,omega_cached_attention_q1_h8_g2_d64_s3c800000_ln9223372036854775808_up0_x4_e1_k1_ds_merge,16384,16,3,139264,0,0,1,1,1,1,4512,14.313,13.683,13.934,7.148,14.763
265,3805,omega_reduce_r5_o2_n2_multiply_add_zero_epi2_fused_identity_o2__multiply_s0_o1__add_s1_o0,8192,128,6,857192420,0,0,1,1,1,1,6964,14.313,13.683,13.934,7.148,14.763
266,3813,omega_reduce_r2_o1_n2_multiply_add_zero_epi4_fused_identity_o4__multiply_s0_o3__add_s1_o2__square_root_s2__reciprocal_s3__multiply_s4_o1__multiply_s5_o0,256,1,8,857757672,32,0,1,1,1,1,5685,14.313,13.683,13.934,7.148,14.763
267,3815,omega_reduce_r3_o2_n2_multiply_add_zero,8192,32,4,135296,32,0,1,1,1,1,5524,14.313,13.683,13.934,7.148,14.763
268,3821,omega_moe_topk_e32_k8_stacked,32,1,21,260,16,0,1,1,1,1,5351,14.313,13.683,13.934,7.148,14.763
269,3938,omega_reduce_r4_o3_n2_multiply_add_zero_g10,32768,512,6,911374336,0,0,1,1,0,0,21030,14.313,13.683,13.934,7.148,14.763
270,3946,omega_reduce_r4_o3_n2_multiply_add_zero_epi3_fused_identity_o3__negate_o2__exponential_s1__add_s2_o1__reciprocal_s3__multiply_s4_o0__multiply_s0_s5_g10,32768,512,9,893581316,0,0,1,1,1,1,21607,14.313,13.683,13.934,7.148,14.763
271,3948,omega_reduce_r4_o3_n2_multiply_add_zero_g10,65536,1024,6,875751424,0,0,1,1,1,1,29232,14.313,13.683,13.934,7.148,14.763
272,3961,omega_reduce_r3_o2_n2_multiply_add_zero_epi10_fused_identity_o10__add_o8_o9__add_s1_o7__add_s2_o6__add_s3_o5__add_s4_o4__add_s5_o3__add_s6_o2__reciprocal_s7__multiply_s0_s8__multiply_s9_o1__add_s10_o0,32768,1024,14,41028,0,0,1,1,1,1,9524,14.313,13.683,13.934,7.148,14.763
273,3982,omega_reduce_r2_o1_n2_multiply_add_zero_epi4_fused_identity_o4__multiply_s0_o3__add_s1_o2__square_root_s2__reciprocal_s3__multiply_s4_o1__multiply_s5_o0,256,1,8,800802792,32,0,1,1,1,1,5685,14.313,13.683,13.934,7.148,14.763
274,3988,omega_reduce_r4_o3_n2_multiply_add_zero,4096,64,4,798197728,0,0,1,1,1,1,6411,14.313,13.683,13.934,7.148,14.763
275,3984,omega_reduce_r4_o3_n2_multiply_add_zero,8192,128,4,799115232,0,0,0,0,0,0,7327,14.313,13.683,13.934,7.148,14.763
276,3986,omega_reduce_r4_o3_n2_multiply_add_zero,4096,64,4,800784352,0,0,0,0,0,0,6411,14.313,13.683,13.934,7.148,14.763
277,4000,omega_elementwise_twin_r3_n4_fused_multiply_o0_o1__multiply_o2_o3__add_s0_s1_fused_multiply_o0_o3__multiply_o2_o1__subtract_s0_s1,256,1,7,205056,0,0,1,1,1,1,3143,14.313,13.683,13.934,7.148,14.763
278,3991,omega_elementwise_twin_r3_n4_fused_multiply_o0_o1__multiply_o2_o3__subtract_s0_s1_fused_multiply_o0_o3__multiply_o2_o1__add_s0_s1,512,1,7,12544,0,0,1,1,0,1,3375,14.313,13.683,13.934,7.148,14.763
279,4033,omega_cached_attention_q1_h8_g2_d64_s3c800000_ln9223372036854775808_up0_x4_e1_k1_ds,65536,512,11,5128196,1056,0,1,1,1,1,47494,14.313,13.683,13.934,7.148,14.763
280,4033,omega_cached_attention_q1_h8_g2_d64_s3c800000_ln9223372036854775808_up0_x4_e1_k1_ds_merge,16384,16,3,139264,0,0,1,1,1,1,4512,14.313,13.683,13.934,7.148,14.763
281,4037,omega_reduce_r5_o2_n2_multiply_add_zero_epi2_fused_identity_o2__multiply_s0_o1__add_s1_o0,8192,128,6,800233444,0,0,1,1,1,1,6964,14.313,13.683,13.934,7.148,14.763
282,4045,omega_reduce_r2_o1_n2_multiply_add_zero_epi4_fused_identity_o4__multiply_s0_o3__add_s1_o2__square_root_s2__reciprocal_s3__multiply_s4_o1__multiply_s5_o0,256,1,8,800798696,32,0,1,1,1,1,5685,14.313,13.683,13.934,7.148,14.763
283,4047,omega_reduce_r3_o2_n2_multiply_add_zero,8192,32,4,135296,32,0,1,1,1,1,5524,14.313,13.683,13.934,7.148,14.763
284,4053,omega_moe_topk_e32_k8_stacked,32,1,21,260,16,0,1,1,1,1,5351,14.313,13.683,13.934,7.148,14.763
285,4170,omega_reduce_r4_o3_n2_multiply_add_zero_g10,32768,512,6,854415360,0,0,1,1,0,0,21030,14.313,13.683,13.934,7.148,14.763
286,4178,omega_reduce_r4_o3_n2_multiply_add_zero_epi3_fused_identity_o3__negate_o2__exponential_s1__add_s2_o1__reciprocal_s3__multiply_s4_o0__multiply_s0_s5_g10,32768,512,9,836622340,0,0,1,1,1,1,21607,14.313,13.683,13.934,7.148,14.763
287,4180,omega_reduce_r4_o3_n2_multiply_add_zero_g10,65536,1024,6,818792448,0,0,1,1,1,1,29232,14.313,13.683,13.934,7.148,14.763
288,4193,omega_reduce_r3_o2_n2_multiply_add_zero_epi10_fused_identity_o10__add_o8_o9__add_s1_o7__add_s2_o6__add_s3_o5__add_s4_o4__add_s5_o3__add_s6_o2__reciprocal_s7__multiply_s0_s8__multiply_s9_o1__add_s10_o0,32768,1024,14,41028,0,0,1,1,1,1,9524,14.313,13.683,13.934,7.148,14.763
289,4214,omega_reduce_r2_o1_n2_multiply_add_zero_epi4_fused_identity_o4__multiply_s0_o3__add_s1_o2__square_root_s2__reciprocal_s3__multiply_s4_o1__multiply_s5_o0,256,1,8,743843816,32,0,1,1,1,1,5685,14.313,13.683,13.934,7.148,14.763
290,4220,omega_reduce_r4_o3_n2_multiply_add_zero,4096,64,4,741238752,0,0,1,1,1,1,6411,14.313,13.683,13.934,7.148,14.763
291,4216,omega_reduce_r4_o3_n2_multiply_add_zero,8192,128,4,742156256,0,0,0,0,0,0,7327,14.313,13.683,13.934,7.148,14.763
292,4218,omega_reduce_r4_o3_n2_multiply_add_zero,4096,64,4,743825376,0,0,0,0,0,0,6411,14.313,13.683,13.934,7.148,14.763
293,4232,omega_elementwise_twin_r3_n4_fused_multiply_o0_o1__multiply_o2_o3__add_s0_s1_fused_multiply_o0_o3__multiply_o2_o1__subtract_s0_s1,256,1,7,205056,0,0,1,1,1,1,3143,14.313,13.683,13.934,7.148,14.763
294,4223,omega_elementwise_twin_r3_n4_fused_multiply_o0_o1__multiply_o2_o3__subtract_s0_s1_fused_multiply_o0_o3__multiply_o2_o1__add_s0_s1,512,1,7,12544,0,0,1,1,0,1,3375,14.313,13.683,13.934,7.148,14.763
295,4265,omega_cached_attention_q1_h8_g2_d64_s3c800000_ln9223372036854775808_up0_x4_e1_k1_ds,65536,512,11,5128196,1056,0,1,1,1,1,47494,14.313,13.683,13.934,7.148,14.763
296,4265,omega_cached_attention_q1_h8_g2_d64_s3c800000_ln9223372036854775808_up0_x4_e1_k1_ds_merge,16384,16,3,139264,0,0,1,1,1,1,4512,14.313,13.683,13.934,7.148,14.763
297,4269,omega_reduce_r5_o2_n2_multiply_add_zero_epi2_fused_identity_o2__multiply_s0_o1__add_s1_o0,8192,128,6,743274468,0,0,1,1,1,1,6964,14.313,13.683,13.934,7.148,14.763
298,4277,omega_reduce_r2_o1_n2_multiply_add_zero_epi4_fused_identity_o4__multiply_s0_o3__add_s1_o2__square_root_s2__reciprocal_s3__multiply_s4_o1__multiply_s5_o0,256,1,8,743839720,32,0,1,1,1,1,5685,14.313,13.683,13.934,7.148,14.763
299,4279,omega_reduce_r3_o2_n2_multiply_add_zero,8192,32,4,135296,32,0,1,1,1,1,5524,14.313,13.683,13.934,7.148,14.763
300,4285,omega_moe_topk_e32_k8_stacked,32,1,21,260,16,0,1,1,1,1,5351,14.313,13.683,13.934,7.148,14.763
301,4402,omega_reduce_r4_o3_n2_multiply_add_zero_g10,32768,512,6,797456384,0,0,1,1,0,0,21030,14.313,13.683,13.934,7.148,14.763
302,4410,omega_reduce_r4_o3_n2_multiply_add_zero_epi3_fused_identity_o3__negate_o2__exponential_s1__add_s2_o1__reciprocal_s3__multiply_s4_o0__multiply_s0_s5_g10,32768,512,9,779663364,0,0,1,1,1,1,21607,14.313,13.683,13.934,7.148,14.763
303,4412,omega_reduce_r4_o3_n2_multiply_add_zero_g10,65536,1024,6,761833472,0,0,1,1,1,1,29232,14.313,13.683,13.934,7.148,14.763
304,4425,omega_reduce_r3_o2_n2_multiply_add_zero_epi10_fused_identity_o10__add_o8_o9__add_s1_o7__add_s2_o6__add_s3_o5__add_s4_o4__add_s5_o3__add_s6_o2__reciprocal_s7__multiply_s0_s8__multiply_s9_o1__add_s10_o0,32768,1024,14,41028,0,0,1,1,1,1,9524,14.313,13.683,13.934,7.148,14.763
305,4446,omega_reduce_r2_o1_n2_multiply_add_zero_epi4_fused_identity_o4__multiply_s0_o3__add_s1_o2__square_root_s2__reciprocal_s3__multiply_s4_o1__multiply_s5_o0,256,1,8,686884840,32,0,1,1,1,1,5685,14.313,13.683,13.934,7.148,14.763
306,4452,omega_reduce_r4_o3_n2_multiply_add_zero,4096,64,4,684279776,0,0,1,1,1,1,6411,14.313,13.683,13.934,7.148,14.763
307,4448,omega_reduce_r4_o3_n2_multiply_add_zero,8192,128,4,685197280,0,0,0,0,0,0,7327,14.313,13.683,13.934,7.148,14.763
308,4450,omega_reduce_r4_o3_n2_multiply_add_zero,4096,64,4,686866400,0,0,0,0,0,0,6411,14.313,13.683,13.934,7.148,14.763
309,4464,omega_elementwise_twin_r3_n4_fused_multiply_o0_o1__multiply_o2_o3__add_s0_s1_fused_multiply_o0_o3__multiply_o2_o1__subtract_s0_s1,256,1,7,205056,0,0,1,1,1,1,3143,14.313,13.683,13.934,7.148,14.763
310,4455,omega_elementwise_twin_r3_n4_fused_multiply_o0_o1__multiply_o2_o3__subtract_s0_s1_fused_multiply_o0_o3__multiply_o2_o1__add_s0_s1,512,1,7,12544,0,0,1,1,0,1,3375,14.313,13.683,13.934,7.148,14.763
311,4497,omega_cached_attention_q1_h8_g2_d64_s3c800000_ln9223372036854775808_up0_x4_e1_k1_ds,65536,512,11,5128196,1056,0,1,1,1,1,47494,14.313,13.683,13.934,7.148,14.763
312,4497,omega_cached_attention_q1_h8_g2_d64_s3c800000_ln9223372036854775808_up0_x4_e1_k1_ds_merge,16384,16,3,139264,0,0,1,1,1,1,4512,14.313,13.683,13.934,7.148,14.763
313,4501,omega_reduce_r5_o2_n2_multiply_add_zero_epi2_fused_identity_o2__multiply_s0_o1__add_s1_o0,8192,128,6,686315492,0,0,1,1,1,1,6964,14.313,13.683,13.934,7.148,14.763
314,4509,omega_reduce_r2_o1_n2_multiply_add_zero_epi4_fused_identity_o4__multiply_s0_o3__add_s1_o2__square_root_s2__reciprocal_s3__multiply_s4_o1__multiply_s5_o0,256,1,8,686880744,32,0,1,1,1,1,5685,14.313,13.683,13.934,7.148,14.763
315,4511,omega_reduce_r3_o2_n2_multiply_add_zero,8192,32,4,135296,32,0,1,1,1,1,5524,14.313,13.683,13.934,7.148,14.763
316,4517,omega_moe_topk_e32_k8_stacked,32,1,21,260,16,0,1,1,1,1,5351,14.313,13.683,13.934,7.148,14.763
317,4634,omega_reduce_r4_o3_n2_multiply_add_zero_g10,32768,512,6,740497408,0,0,1,1,0,0,21030,14.313,13.683,13.934,7.148,14.763
318,4642,omega_reduce_r4_o3_n2_multiply_add_zero_epi3_fused_identity_o3__negate_o2__exponential_s1__add_s2_o1__reciprocal_s3__multiply_s4_o0__multiply_s0_s5_g10,32768,512,9,722704388,0,0,1,1,1,1,21607,14.313,13.683,13.934,7.148,14.763
319,4644,omega_reduce_r4_o3_n2_multiply_add_zero_g10,65536,1024,6,704874496,0,0,1,1,1,1,29232,14.313,13.683,13.934,7.148,14.763
320,4657,omega_reduce_r3_o2_n2_multiply_add_zero_epi10_fused_identity_o10__add_o8_o9__add_s1_o7__add_s2_o6__add_s3_o5__add_s4_o4__add_s5_o3__add_s6_o2__reciprocal_s7__multiply_s0_s8__multiply_s9_o1__add_s10_o0,32768,1024,14,41028,0,0,1,1,1,1,9524,14.313,13.683,13.934,7.148,14.763
321,4678,omega_reduce_r2_o1_n2_multiply_add_zero_epi4_fused_identity_o4__multiply_s0_o3__add_s1_o2__square_root_s2__reciprocal_s3__multiply_s4_o1__multiply_s5_o0,256,1,8,572966888,32,0,1,1,1,1,5685,14.313,13.683,13.934,7.148,14.763
322,4684,omega_reduce_r4_o3_n2_multiply_add_zero,4096,64,4,570361824,0,0,1,1,1,1,6411,14.313,13.683,13.934,7.148,14.763
323,4680,omega_reduce_r4_o3_n2_multiply_add_zero,8192,128,4,571279328,0,0,0,0,0,0,7327,14.313,13.683,13.934,7.148,14.763
324,4682,omega_reduce_r4_o3_n2_multiply_add_zero,4096,64,4,572948448,0,0,0,0,0,0,6411,14.313,13.683,13.934,7.148,14.763
325,4696,omega_elementwise_twin_r3_n4_fused_multiply_o0_o1__multiply_o2_o3__add_s0_s1_fused_multiply_o0_o3__multiply_o2_o1__subtract_s0_s1,256,1,7,205056,0,0,1,1,1,1,3143,14.313,13.683,13.934,7.148,14.763
326,4687,omega_elementwise_twin_r3_n4_fused_multiply_o0_o1__multiply_o2_o3__subtract_s0_s1_fused_multiply_o0_o3__multiply_o2_o1__add_s0_s1,512,1,7,12544,0,0,1,1,0,1,3375,14.313,13.683,13.934,7.148,14.763
327,4729,omega_cached_attention_q1_h8_g2_d64_s3c800000_ln9223372036854775808_up0_x4_e1_k1_ds,65536,512,11,5128196,1056,0,1,1,1,1,47494,14.313,13.683,13.934,7.148,14.763
328,4729,omega_cached_attention_q1_h8_g2_d64_s3c800000_ln9223372036854775808_up0_x4_e1_k1_ds_merge,16384,16,3,139264,0,0,1,1,1,1,4512,14.313,13.683,13.934,7.148,14.763
329,4733,omega_reduce_r5_o2_n2_multiply_add_zero_epi2_fused_identity_o2__multiply_s0_o1__add_s1_o0,8192,128,6,572397540,0,0,1,1,1,1,6964,14.313,13.683,13.934,7.148,14.763
330,4741,omega_reduce_r2_o1_n2_multiply_add_zero_epi4_fused_identity_o4__multiply_s0_o3__add_s1_o2__square_root_s2__reciprocal_s3__multiply_s4_o1__multiply_s5_o0,256,1,8,572962792,32,0,1,1,1,1,5685,14.313,13.683,13.934,7.148,14.763
331,4743,omega_reduce_r3_o2_n2_multiply_add_zero,8192,32,4,135296,32,0,1,1,1,1,5524,14.313,13.683,13.934,7.148,14.763
332,4749,omega_moe_topk_e32_k8_stacked,32,1,21,260,16,0,1,1,1,1,5351,14.313,13.683,13.934,7.148,14.763
333,4866,omega_reduce_r4_o3_n2_multiply_add_zero_g10,32768,512,6,626579456,0,0,1,1,0,0,21030,14.313,13.683,13.934,7.148,14.763
334,4874,omega_reduce_r4_o3_n2_multiply_add_zero_epi3_fused_identity_o3__negate_o2__exponential_s1__add_s2_o1__reciprocal_s3__multiply_s4_o0__multiply_s0_s5_g10,32768,512,9,608786436,0,0,1,1,1,1,21607,14.313,13.683,13.934,7.148,14.763
335,4876,omega_reduce_r4_o3_n2_multiply_add_zero_g10,65536,1024,6,590956544,0,0,1,1,1,1,29232,14.313,13.683,13.934,7.148,14.763
336,4889,omega_reduce_r3_o2_n2_multiply_add_zero_epi10_fused_identity_o10__add_o8_o9__add_s1_o7__add_s2_o6__add_s3_o5__add_s4_o4__add_s5_o3__add_s6_o2__reciprocal_s7__multiply_s0_s8__multiply_s9_o1__add_s10_o0,32768,1024,14,41028,0,0,1,1,1,1,9524,14.313,13.683,13.934,7.148,14.763
337,4910,omega_reduce_r2_o1_n2_multiply_add_zero_epi4_fused_identity_o4__multiply_s0_o3__add_s1_o2__square_root_s2__reciprocal_s3__multiply_s4_o1__multiply_s5_o0,256,1,8,516007912,32,0,1,1,1,1,5685,14.313,13.683,13.934,7.148,14.763
338,4916,omega_reduce_r4_o3_n2_multiply_add_zero,4096,64,4,513402848,0,0,1,1,1,1,6411,14.313,13.683,13.934,7.148,14.763
339,4912,omega_reduce_r4_o3_n2_multiply_add_zero,8192,128,4,514320352,0,0,0,0,0,0,7327,14.313,13.683,13.934,7.148,14.763
340,4914,omega_reduce_r4_o3_n2_multiply_add_zero,4096,64,4,515989472,0,0,0,0,0,0,6411,14.313,13.683,13.934,7.148,14.763
341,4928,omega_elementwise_twin_r3_n4_fused_multiply_o0_o1__multiply_o2_o3__add_s0_s1_fused_multiply_o0_o3__multiply_o2_o1__subtract_s0_s1,256,1,7,205056,0,0,1,1,1,1,3143,14.313,13.683,13.934,7.148,14.763
342,4919,omega_elementwise_twin_r3_n4_fused_multiply_o0_o1__multiply_o2_o3__subtract_s0_s1_fused_multiply_o0_o3__multiply_o2_o1__add_s0_s1,512,1,7,12544,0,0,1,1,0,1,3375,14.313,13.683,13.934,7.148,14.763
343,4961,omega_cached_attention_q1_h8_g2_d64_s3c800000_ln9223372036854775808_up0_x4_e1_k1_ds,65536,512,11,5128196,1056,0,1,1,1,1,47494,14.313,13.683,13.934,7.148,14.763
344,4961,omega_cached_attention_q1_h8_g2_d64_s3c800000_ln9223372036854775808_up0_x4_e1_k1_ds_merge,16384,16,3,139264,0,0,1,1,1,1,4512,14.313,13.683,13.934,7.148,14.763
345,4965,omega_reduce_r5_o2_n2_multiply_add_zero_epi2_fused_identity_o2__multiply_s0_o1__add_s1_o0,8192,128,6,515438564,0,0,1,1,1,1,6964,14.313,13.683,13.934,7.148,14.763
346,4973,omega_reduce_r2_o1_n2_multiply_add_zero_epi4_fused_identity_o4__multiply_s0_o3__add_s1_o2__square_root_s2__reciprocal_s3__multiply_s4_o1__multiply_s5_o0,256,1,8,516003816,32,0,1,1,1,1,5685,14.313,13.683,13.934,7.148,14.763
347,4975,omega_reduce_r3_o2_n2_multiply_add_zero,8192,32,4,135296,32,0,1,1,1,1,5524,14.313,13.683,13.934,7.148,14.763
348,4981,omega_moe_topk_e32_k8_stacked,32,1,21,260,16,0,1,1,1,1,5351,14.313,13.683,13.934,7.148,14.763
349,5098,omega_reduce_r4_o3_n2_multiply_add_zero_g10,32768,512,6,569620480,0,0,1,1,0,0,21030,14.313,13.683,13.934,7.148,14.763
350,5106,omega_reduce_r4_o3_n2_multiply_add_zero_epi3_fused_identity_o3__negate_o2__exponential_s1__add_s2_o1__reciprocal_s3__multiply_s4_o0__multiply_s0_s5_g10,32768,512,9,551827460,0,0,1,1,1,1,21607,14.313,13.683,13.934,7.148,14.763
351,5108,omega_reduce_r4_o3_n2_multiply_add_zero_g10,65536,1024,6,533997568,0,0,1,1,1,1,29232,14.313,13.683,13.934,7.148,14.763
352,5121,omega_reduce_r3_o2_n2_multiply_add_zero_epi10_fused_identity_o10__add_o8_o9__add_s1_o7__add_s2_o6__add_s3_o5__add_s4_o4__add_s5_o3__add_s6_o2__reciprocal_s7__multiply_s0_s8__multiply_s9_o1__add_s10_o0,32768,1024,14,41028,0,0,1,1,1,1,9524,14.313,13.683,13.934,7.148,14.763
353,5142,omega_reduce_r2_o1_n2_multiply_add_zero_epi4_fused_identity_o4__multiply_s0_o3__add_s1_o2__square_root_s2__reciprocal_s3__multiply_s4_o1__multiply_s5_o0,256,1,8,459048936,32,0,1,1,1,1,5685,14.313,13.683,13.934,7.148,14.763
354,5148,omega_reduce_r4_o3_n2_multiply_add_zero,4096,64,4,456443872,0,0,1,1,1,1,6411,14.313,13.683,13.934,7.148,14.763
355,5144,omega_reduce_r4_o3_n2_multiply_add_zero,8192,128,4,457361376,0,0,0,0,0,0,7327,14.313,13.683,13.934,7.148,14.763
356,5146,omega_reduce_r4_o3_n2_multiply_add_zero,4096,64,4,459030496,0,0,0,0,0,0,6411,14.313,13.683,13.934,7.148,14.763
357,5160,omega_elementwise_twin_r3_n4_fused_multiply_o0_o1__multiply_o2_o3__add_s0_s1_fused_multiply_o0_o3__multiply_o2_o1__subtract_s0_s1,256,1,7,205056,0,0,1,1,1,1,3143,14.313,13.683,13.934,7.148,14.763
358,5151,omega_elementwise_twin_r3_n4_fused_multiply_o0_o1__multiply_o2_o3__subtract_s0_s1_fused_multiply_o0_o3__multiply_o2_o1__add_s0_s1,512,1,7,12544,0,0,1,1,0,1,3375,14.313,13.683,13.934,7.148,14.763
359,5193,omega_cached_attention_q1_h8_g2_d64_s3c800000_ln9223372036854775808_up0_x4_e1_k1_ds,65536,512,11,5128196,1056,0,1,1,1,1,47494,14.313,13.683,13.934,7.148,14.763
360,5193,omega_cached_attention_q1_h8_g2_d64_s3c800000_ln9223372036854775808_up0_x4_e1_k1_ds_merge,16384,16,3,139264,0,0,1,1,1,1,4512,14.313,13.683,13.934,7.148,14.763
361,5197,omega_reduce_r5_o2_n2_multiply_add_zero_epi2_fused_identity_o2__multiply_s0_o1__add_s1_o0,8192,128,6,458479588,0,0,1,1,1,1,6964,14.313,13.683,13.934,7.148,14.763
362,5205,omega_reduce_r2_o1_n2_multiply_add_zero_epi4_fused_identity_o4__multiply_s0_o3__add_s1_o2__square_root_s2__reciprocal_s3__multiply_s4_o1__multiply_s5_o0,256,1,8,459044840,32,0,1,1,1,1,5685,14.313,13.683,13.934,7.148,14.763
363,5207,omega_reduce_r3_o2_n2_multiply_add_zero,8192,32,4,135296,32,0,1,1,1,1,5524,14.313,13.683,13.934,7.148,14.763
364,5213,omega_moe_topk_e32_k8_stacked,32,1,21,260,16,0,1,1,1,1,5351,14.313,13.683,13.934,7.148,14.763
365,5330,omega_reduce_r4_o3_n2_multiply_add_zero_g10,32768,512,6,512661504,0,0,1,1,0,0,21030,14.313,13.683,13.934,7.148,14.763
366,5338,omega_reduce_r4_o3_n2_multiply_add_zero_epi3_fused_identity_o3__negate_o2__exponential_s1__add_s2_o1__reciprocal_s3__multiply_s4_o0__multiply_s0_s5_g10,32768,512,9,494868484,0,0,1,1,1,1,21607,14.313,13.683,13.934,7.148,14.763
367,5340,omega_reduce_r4_o3_n2_multiply_add_zero_g10,65536,1024,6,477038592,0,0,1,1,1,1,29232,14.313,13.683,13.934,7.148,14.763
368,5353,omega_reduce_r3_o2_n2_multiply_add_zero_epi10_fused_identity_o10__add_o8_o9__add_s1_o7__add_s2_o6__add_s3_o5__add_s4_o4__add_s5_o3__add_s6_o2__reciprocal_s7__multiply_s0_s8__multiply_s9_o1__add_s10_o0,32768,1024,14,41028,0,0,1,1,1,1,9524,14.313,13.683,13.934,7.148,14.763
369,5374,omega_reduce_r2_o1_n2_multiply_add_zero_epi4_fused_identity_o4__multiply_s0_o3__add_s1_o2__square_root_s2__reciprocal_s3__multiply_s4_o1__multiply_s5_o0,256,1,8,402089960,32,0,1,1,1,1,5685,14.313,13.683,13.934,7.148,14.763
370,5380,omega_reduce_r4_o3_n2_multiply_add_zero,4096,64,4,399484896,0,0,1,1,1,1,6411,14.313,13.683,13.934,7.148,14.763
371,5376,omega_reduce_r4_o3_n2_multiply_add_zero,8192,128,4,400402400,0,0,0,0,0,0,7327,14.313,13.683,13.934,7.148,14.763
372,5378,omega_reduce_r4_o3_n2_multiply_add_zero,4096,64,4,402071520,0,0,0,0,0,0,6411,14.313,13.683,13.934,7.148,14.763
373,5392,omega_elementwise_twin_r3_n4_fused_multiply_o0_o1__multiply_o2_o3__add_s0_s1_fused_multiply_o0_o3__multiply_o2_o1__subtract_s0_s1,256,1,7,205056,0,0,1,1,1,1,3143,14.313,13.683,13.934,7.148,14.763
374,5383,omega_elementwise_twin_r3_n4_fused_multiply_o0_o1__multiply_o2_o3__subtract_s0_s1_fused_multiply_o0_o3__multiply_o2_o1__add_s0_s1,512,1,7,12544,0,0,1,1,0,1,3375,14.313,13.683,13.934,7.148,14.763
375,5425,omega_cached_attention_q1_h8_g2_d64_s3c800000_ln9223372036854775808_up0_x4_e1_k1_ds,65536,512,11,5128196,1056,0,1,1,1,1,47494,14.313,13.683,13.934,7.148,14.763
376,5425,omega_cached_attention_q1_h8_g2_d64_s3c800000_ln9223372036854775808_up0_x4_e1_k1_ds_merge,16384,16,3,139264,0,0,1,1,1,1,4512,14.313,13.683,13.934,7.148,14.763
377,5429,omega_reduce_r5_o2_n2_multiply_add_zero_epi2_fused_identity_o2__multiply_s0_o1__add_s1_o0,8192,128,6,401520612,0,0,1,1,1,1,6964,14.313,13.683,13.934,7.148,14.763
378,5437,omega_reduce_r2_o1_n2_multiply_add_zero_epi4_fused_identity_o4__multiply_s0_o3__add_s1_o2__square_root_s2__reciprocal_s3__multiply_s4_o1__multiply_s5_o0,256,1,8,402085864,32,0,1,1,1,1,5685,14.313,13.683,13.934,7.148,14.763
379,5439,omega_reduce_r3_o2_n2_multiply_add_zero,8192,32,4,135296,32,0,1,1,1,1,5524,14.313,13.683,13.934,7.148,14.763
380,5445,omega_moe_topk_e32_k8_stacked,32,1,21,260,16,0,1,1,1,1,5351,14.313,13.683,13.934,7.148,14.763
381,5562,omega_reduce_r4_o3_n2_multiply_add_zero_g10,32768,512,6,455702528,0,0,1,1,0,0,21030,14.313,13.683,13.934,7.148,14.763
382,5570,omega_reduce_r4_o3_n2_multiply_add_zero_epi3_fused_identity_o3__negate_o2__exponential_s1__add_s2_o1__reciprocal_s3__multiply_s4_o0__multiply_s0_s5_g10,32768,512,9,437909508,0,0,1,1,1,1,21607,14.313,13.683,13.934,7.148,14.763
383,5572,omega_reduce_r4_o3_n2_multiply_add_zero_g10,65536,1024,6,420079616,0,0,1,1,1,1,29232,14.313,13.683,13.934,7.148,14.763
384,5585,omega_reduce_r3_o2_n2_multiply_add_zero_epi10_fused_identity_o10__add_o8_o9__add_s1_o7__add_s2_o6__add_s3_o5__add_s4_o4__add_s5_o3__add_s6_o2__reciprocal_s7__multiply_s0_s8__multiply_s9_o1__add_s10_o0,32768,1024,14,41028,0,0,1,1,1,1,9524,14.313,13.683,13.934,7.148,14.763
385,5594,omega_reduce_r2_o1_n2_multiply_add_zero_epi4_fused_identity_o4__multiply_s0_o3__add_s1_o2__square_root_s2__reciprocal_s3__multiply_s4_o1__multiply_s5_o0,256,1,8,26600,32,0,1,1,1,1,5685,14.313,13.683,13.934,7.148,14.763
386,5596,omega_elementwise_r2_n1_identity_g1,1024,1,5,8196,0,0,1,1,1,1,3673,14.313,13.683,13.934,7.148,14.763
387,5601,omega_reduce_r3_o2_n2_multiply_add_zero_epi1_fused_identity_o1__multiply_s0_o0,393248,6145,5,1420706992,0,0,1,1,1,1,156321,14.313,13.683,13.934,7.148,14.763
388,5603,omega_elementwise_r3_n1_identity,49155,49,3,393240,0,0,1,1,1,1,3107,14.313,13.683,13.934,7.148,14.763
389,5604,omega_reduce_r3_o2_n1_identity_maximum_negative_infinity,14464,113,3,197072,16,0,1,1,1,1,3911,14.313,13.683,13.934,7.148,14.763
390,5605,omega_reduce_r2_o1_n1_identity_maximum_negative_infinity,32,1,3,456,0,0,1,1,1,1,2405,14.313,13.683,13.934,7.148,14.763
391,5607,omega_iota_r1,113,1,2,452,0,0,1,1,0,1,2131,14.313,13.683,13.934,7.148,14.763
392,5608,omega_iota_r1,435,1,2,1740,0,0,0,0,0,0,2214,14.313,13.683,13.934,7.148,14.763
393,5610,omega_elementwise_r1_n2_multiply,113,1,4,908,0,0,1,1,1,1,2845,14.313,13.683,13.934,7.148,14.763
394,5614,omega_reduce_r3_o2_n5_fused_equal_o0_o1__add_o2_o3__select_s0_s1_o4_minimum_positive_infinity,14464,113,7,199272,16,0,1,1,1,1,5631,14.313,13.683,13.934,7.148,14.763
395,5615,omega_reduce_r2_o1_n1_identity_minimum_positive_infinity,32,1,3,456,0,0,1,1,1,1,2982,14.313,13.683,13.934,7.148,14.763
396,5621,omega_reduce_r3_o2_n4_fused_greater_o0_o1__greater_o2_o3__multiply_s0_s1_add_zero,14464,113,6,393700,16,0,1,1,0,1,4798,14.313,13.683,13.934,7.148,14.763
397,5622,omega_reduce_r2_o1_n1_identity_add_zero,32,1,3,456,0,0,1,1,1,1,2952,14.313,13.683,13.934,7.148,14.763
