kernel,dispatches,isolated_marginal_ms_sum,threadgroups_mean,single_threadgroup_dispatches,pipeline_switches,live_tracker_mean_ms_sum,node_keyed_mean_ms_sum,node_and_slot_keyed_mean_ms_sum,no_barriers_mean_ms_sum,serial_encoder_mean_ms_sum
omega_cached_attention_q1_h8_g2_d64_s3c800000_ln9223372036854775808_up0_x4_e1_k1_ds,24,1.1399,512.0,0,24,0.3435,0.3284,0.3344,0.1715,0.3543
omega_cached_attention_q1_h8_g2_d64_s3c800000_ln9223372036854775808_up0_x4_e1_k1_ds_merge,24,0.1083,16.0,0,24,0.3435,0.3284,0.3344,0.1715,0.3543
omega_elementwise_r1_n2_multiply,1,0.0028,1.0,1,1,0.0143,0.0137,0.0139,0.0071,0.0148
omega_elementwise_r2_n1_identity_g1,1,0.0037,1.0,1,1,0.0143,0.0137,0.0139,0.0071,0.0148
omega_elementwise_r2_n2_fused_identity_o0__multiply_s0_o1_g10,1,0.0180,1.0,1,1,0.0143,0.0137,0.0139,0.0071,0.0148
omega_elementwise_r3_n1_identity,1,0.0031,49.0,0,1,0.0143,0.0137,0.0139,0.0071,0.0148
omega_elementwise_twin_r3_n4_fused_multiply_o0_o1__multiply_o2_o3__add_s0_s1_fused_multiply_o0_o3__multiply_o2_o1__subtract_s0_s1,24,0.0754,1.0,24,24,0.3435,0.3284,0.3344,0.1715,0.3543
omega_elementwise_twin_r3_n4_fused_multiply_o0_o1__multiply_o2_o3__subtract_s0_s1_fused_multiply_o0_o3__multiply_o2_o1__add_s0_s1,24,0.0810,1.0,24,24,0.3435,0.3284,0.3344,0.1715,0.3543
omega_iota_r1,2,0.0043,1.0,2,1,0.0286,0.0274,0.0279,0.0143,0.0295
omega_moe_topk_e32_k8_stacked,24,0.1284,1.0,24,24,0.3435,0.3284,0.3344,0.1715,0.3543
omega_reduce_r2_o1_n1_identity_add_zero,1,0.0030,1.0,1,1,0.0143,0.0137,0.0139,0.0071,0.0148
omega_reduce_r2_o1_n1_identity_maximum_negative_infinity,1,0.0024,1.0,1,1,0.0143,0.0137,0.0139,0.0071,0.0148
omega_reduce_r2_o1_n1_identity_minimum_positive_infinity,1,0.0030,1.0,1,1,0.0143,0.0137,0.0139,0.0071,0.0148
omega_reduce_r2_o1_n2_multiply_add_zero_epi4_fused_identity_o4__multiply_s0_o3__add_s1_o2__square_root_s2__reciprocal_s3__multiply_s4_o1__multiply_s5_o0,49,0.2785,1.0,49,49,0.7014,0.6705,0.6827,0.3502,0.7234
omega_reduce_r3_o2_n1_identity_maximum_negative_infinity,1,0.0039,113.0,0,1,0.0143,0.0137,0.0139,0.0071,0.0148
omega_reduce_r3_o2_n2_multiply_add_zero,24,0.1326,32.0,0,24,0.3435,0.3284,0.3344,0.1715,0.3543
omega_reduce_r3_o2_n2_multiply_add_zero_epi10_fused_identity_o10__add_o8_o9__add_s1_o7__add_s2_o6__add_s3_o5__add_s4_o4__add_s5_o3__add_s6_o2__reciprocal_s7__multiply_s0_s8__multiply_s9_o1__add_s10_o0,24,0.2286,1024.0,0,24,0.3435,0.3284,0.3344,0.1715,0.3543
omega_reduce_r3_o2_n2_multiply_add_zero_epi1_fused_identity_o1__multiply_s0_o0,1,0.1563,6145.0,0,1,0.0143,0.0137,0.0139,0.0071,0.0148
omega_reduce_r3_o2_n4_fused_greater_o0_o1__greater_o2_o3__multiply_s0_s1_add_zero,1,0.0048,113.0,0,1,0.0143,0.0137,0.0139,0.0071,0.0148
omega_reduce_r3_o2_n5_fused_equal_o0_o1__add_o2_o3__select_s0_s1_o4_minimum_positive_infinity,1,0.0056,113.0,0,1,0.0143,0.0137,0.0139,0.0071,0.0148
omega_reduce_r4_o3_n2_multiply_add_zero,72,0.4836,85.3,0,24,1.0306,0.9852,1.0032,0.5146,1.0630
omega_reduce_r4_o3_n2_multiply_add_zero_epi3_fused_identity_o3__negate_o2__exponential_s1__add_s2_o1__reciprocal_s3__multiply_s4_o0__multiply_s0_s5_g10,24,0.5186,512.0,0,24,0.3435,0.3284,0.3344,0.1715,0.3543
omega_reduce_r4_o3_n2_multiply_add_zero_g10,48,1.2063,768.0,0,48,0.6870,0.6568,0.6688,0.3431,0.7086
omega_reduce_r5_o2_n2_multiply_add_zero_epi2_fused_identity_o2__multiply_s0_o1__add_s1_o0,24,0.1671,128.0,0,24,0.3435,0.3284,0.3344,0.1715,0.3543
