kernel,dispatches,threadgroups_mean,single_threadgroup_dispatches,isolated_ms,instream_ms,gap_ms,empty_instream_ms,empty_gap_ms,instream_minus_isolated_ms,instream_over_isolated,work_ms,work_minus_isolated_ms,cold_penalty_ms,stamped_isolated_ms,stamped_excess_ms
omega_cached_attention_q1_h1_g8_d256_s3f800000_ln511_up0_x4_e1_k1_ds,28,136.0,0,0.5752,0.6565,0.2636,0.1130,0.5488,0.0813,1.141,0.5435,-0.0317,0.0345,0.6171,0.0394
omega_cached_attention_q1_h1_g8_d256_s3f800000_ln511_up0_x4_e1_k1_ds_merge,28,8.0,0,0.1518,0.2070,0.3698,0.1025,0.4595,0.0552,1.363,0.1045,-0.0473,0.0247,0.2005,0.0065
omega_cached_attention_q1_h1_g8_d512_s3f800000_ln9223372036854775808_up0_x4_e1_k1_ds,7,256.0,0,0.2772,0.3340,0.0752,0.0300,0.1094,0.0567,1.205,0.3040,0.0268,0.0020,0.2979,0.0360
omega_cached_attention_q1_h1_g8_d512_s3f800000_ln9223372036854775808_up0_x4_e1_k1_ds_merge,7,8.0,0,0.0541,0.0677,0.0829,0.0257,0.0754,0.0137,1.253,0.0420,-0.0120,0.0056,0.0639,0.0039
omega_elementwise_r1_n2_multiply,1,1.0,1,0.0030,0.0052,0.0061,0.0038,0.0175,0.0022,1.743,0.0014,-0.0016,0.0008,0.0048,0.0004
omega_elementwise_r2_n1_identity_g1,1,2.0,0,0.0034,0.0061,0.0150,0.0042,0.0155,0.0027,1.802,0.0019,-0.0015,0.0005,0.0057,0.0003
omega_elementwise_r2_n2_fused_identity_o0__multiply_s0_o1_g10,2,5.5,0,0.0344,0.0399,0.0110,0.0115,0.0108,0.0055,1.161,0.0284,-0.0060,0.0012,0.0358,0.0041
omega_elementwise_r3_n1_identity,2,132.5,0,0.0093,0.0150,0.0397,0.0087,0.0198,0.0058,1.623,0.0063,-0.0030,0.0018,0.0137,0.0014
omega_elementwise_twin_r3_n4_fused_multiply_o0_o1__multiply_o2_o3__add_s0_s1_fused_multiply_o0_o3__multiply_o2_o1__subtract_s0_s1,15,1.0,15,0.0425,0.0711,0.6403,0.0567,0.7802,0.0286,1.673,0.0144,-0.0281,0.0123,0.0691,0.0020
omega_elementwise_twin_r3_n4_fused_multiply_o0_o1__multiply_o2_o3__subtract_s0_s1_fused_multiply_o0_o3__multiply_o2_o1__add_s0_s1,35,1.2,28,0.1599,0.2073,0.7893,0.1325,0.8588,0.0474,1.297,0.0747,-0.0851,0.0166,0.2117,-0.0044
omega_iota_r1,2,1.0,2,0.0044,0.0076,0.0118,0.0074,0.0215,0.0032,1.731,0.0002,-0.0042,0.0011,0.0075,0.0001
omega_reduce_r2_o1_n1_identity_add_zero,1,1.0,1,0.0030,0.0057,0.0088,0.0038,0.0121,0.0028,1.917,0.0020,-0.0010,0.0007,0.0056,0.0002
omega_reduce_r2_o1_n1_identity_maximum_negative_infinity,1,1.0,1,0.0031,0.0057,0.0082,0.0037,0.0060,0.0026,1.834,0.0019,-0.0012,0.0005,0.0053,0.0003
omega_reduce_r2_o1_n1_identity_minimum_positive_infinity,1,1.0,1,0.0026,0.0056,0.0122,0.0039,0.0498,0.0030,2.148,0.0017,-0.0009,0.0004,0.0052,0.0004
omega_reduce_r2_o1_n2_multiply_add_zero_epi4_fused_identity_o4__multiply_s0_o3__add_s1_o2__square_root_s2__reciprocal_s3__multiply_s4_o1__multiply_s5_o0,71,1.0,71,0.4032,0.7379,3.0641,0.2651,3.8272,0.3347,1.830,0.4728,0.0697,0.0441,0.7700,-0.0320
omega_reduce_r2_o1_n2_multiply_add_zero_epi5_fused_identity_o5__multiply_s0_o4__add_s1_o3__square_root_s2__reciprocal_s3__multiply_s4_o2__multiply_s5_o1__add_s6_o0,70,1.0,70,0.4308,0.8555,1.1977,0.2665,1.6686,0.4247,1.986,0.5890,0.1582,0.0491,0.8739,-0.0184
omega_reduce_r2_o1_n2_multiply_add_zero_epi6_fused_identity_o6__multiply_s0_o4__add_s1_o3__square_root_s2__reciprocal_s3__multiply_s4_o2__multiply_s5_o1__add_s6_o0__multiply_s7_o5,35,1.0,35,0.2263,0.4519,0.2299,0.1325,0.4370,0.2257,1.997,0.3194,0.0931,0.0135,0.4432,0.0087
omega_reduce_r3_o2_n1_identity_maximum_negative_infinity,1,512.0,0,0.0060,0.0093,0.0090,0.0042,0.0063,0.0033,1.551,0.0051,-0.0009,0.0009,0.0082,0.0011
omega_reduce_r3_o2_n2_multiply_add_zero,105,530.3,0,2.0171,2.6342,1.0015,0.4248,1.9211,0.6171,1.306,2.2093,0.1922,0.1268,2.2925,0.3417
omega_reduce_r3_o2_n2_multiply_add_zero_epi1_fused_identity_o1__multiply_s0_o0,1,8960.0,0,0.1152,0.1203,0.0160,0.0171,0.0177,0.0051,1.044,0.1032,-0.0120,0.0031,0.1169,0.0034
omega_reduce_r3_o2_n2_multiply_add_zero_epi2_fused_identity_o2__divide_s0_o1__tanh_s1__multiply_s2_o0,1,65536.0,0,1.0840,1.0891,0.0182,0.0572,0.0202,0.0051,1.005,1.0319,-0.0521,0.0582,1.0885,0.0006
omega_reduce_r3_o2_n2_multiply_add_zero_epi3_fused_identity_o3__multiply_s0_o2__add_s1_o1__square_root_s2__reciprocal_s3__multiply_s4_o0,15,1.0,15,0.0684,0.1620,0.1606,0.0561,0.1941,0.0935,2.366,0.1058,0.0374,0.0186,0.1556,0.0064
omega_reduce_r3_o2_n2_multiply_add_zero_epi4_fused_identity_o4__multiply_s0_o3__add_s1_o2__square_root_s2__reciprocal_s3__multiply_s4_o1__multiply_s5_o0,50,5.9,15,0.2732,0.5933,0.5581,0.1900,1.1722,0.3201,2.172,0.4033,0.1301,0.0372,0.5837,0.0096
omega_reduce_r3_o2_n2_multiply_add_zero_epi5_fused_identity_o5__identity_o0__multiply_s0_s0__multiply_s0_s2__multiply_s3_o3__add_s0_s4__multiply_s5_o2__tanh_s6__add_s7_o1__multiply_s0_o4__multiply_s8_s9__multiply_s1_s10,35,32.0,0,0.1832,0.3770,0.2854,0.1406,0.3900,0.1938,2.058,0.2363,0.0532,0.0133,0.3594,0.0176
omega_reduce_r3_o2_n2_multiply_add_zero_epi6_fused_identity_o6__identity_o0__multiply_s0_o4__add_s2_o3__square_root_s3__reciprocal_s4__multiply_s5_o2__multiply_s6_o1__add_s1_s7__multiply_s8_o5,1,35.0,0,0.0061,0.0152,0.0060,0.0043,0.0215,0.0091,2.485,0.0110,0.0048,0.0006,0.0138,0.0015
omega_reduce_r3_o2_n2_multiply_add_zero_epi9_fused_identity_o9__multiply_o5_o6__multiply_s1_o4__multiply_s2_o3__add_s3_o2__multiply_s4_o1__tanh_s5__add_s6_o0__multiply_o7_o8__multiply_s7_s8__multiply_s0_s9,35,1206.9,0,0.9456,1.2122,0.3763,0.1586,0.6383,0.2666,1.282,1.0536,0.1080,0.0589,1.0530,0.1593
omega_reduce_r3_o2_n4_fused_greater_o0_o1__greater_o2_o3__multiply_s0_s1_add_zero,1,512.0,0,0.0097,0.0120,0.0058,0.0043,0.0093,0.0023,1.238,0.0076,-0.0020,0.0005,0.0121,-0.0002
omega_reduce_r3_o2_n5_fused_equal_o0_o1__add_o2_o3__select_s0_s1_o4_minimum_positive_infinity,1,512.0,0,0.0113,0.0154,0.0058,0.0042,0.0127,0.0040,1.355,0.0112,-0.0002,0.0003,0.0145,0.0008
omega_reduce_r4_o3_n2_multiply_add_zero,65,183.1,0,0.5833,0.8365,0.5923,0.2526,1.1146,0.2532,1.434,0.5840,0.0007,0.0523,0.7918,0.0447
omega_reduce_r5_o2_n2_multiply_add_zero,35,192.0,0,0.3680,0.5006,0.4457,0.1366,0.8703,0.1326,1.360,0.3640,-0.0040,0.0305,0.4596,0.0410
