class,count,entry,msl_sha256,grid_threads,threadgroup_width,uniform_fnv,rep_node,cold_ns,cold_cov_pct,warm_ns,marginal_ns,failure
elementwise fused_identity_o0__multiply_s0_o1_g10,1,omega_elementwise_r2_n2_fused_identity_o0__multiply_s0_o1_g10,d28d35ec25ba79826312f9f65a33c2b8556b37bee53a1570ba84cc8fa851f0e1,1536,None,75e1695481ce32c6,4,21000.0,21.81,13979.2,12097.2,
matvec Float16,1,omega_reduce_r3_o2_n2_multiply_add_zero_epi1_fused_identity_o1__multiply_s0_o0,588991dfd09491af9b69fc24d4c68ec881733da00a316905c4de32eb49db18e4,2293760,Some(256),eef58dc4fefbca28,17,117770.9,3.92,116625.0,114059.7,
elementwise fused_identity_o0__multiply_s0_o1_g10,1,omega_elementwise_r2_n2_fused_identity_o0__multiply_s0_o1_g10,d28d35ec25ba79826312f9f65a33c2b8556b37bee53a1570ba84cc8fa851f0e1,8960,None,48ac8d282a533b11,12,19250.0,14.13,28458.4,24044.4,
identity copy,1,omega_elementwise_r3_n1_identity,efb05eff38c1debf0420cdb7070c89af386cdd29fea45cc9f04b95f32de533b0,8960,None,dd9a3c18bf26abda,20,10062.5,12.48,11250.0,6702.8,
RMSNorm sumsq + fused epilogue,1,omega_reduce_r3_o2_n2_multiply_add_zero_epi6_fused_identity_o6__identity_o0__multiply_s0_o4__add_s2_o3__square_root_s3__reciprocal_s4__multiply_s5_o2__multiply_s6_o1__add_s1_s7__multiply_s8_o5,7310c707cd78601894f6e544367b72f52a2aa3142f39e82b33fb11b81c1d9215,2240,Some(64),0aad908654c9f3a1,32,25458.3,15.88,21125.0,9075.0,
RMSNorm sumsq + fused epilogue,71,omega_reduce_r2_o1_n2_multiply_add_zero_epi4_fused_identity_o4__multiply_s0_o3__add_s1_o2__square_root_s2__reciprocal_s3__multiply_s4_o1__multiply_s5_o0,23d555d56f27caa065dc5755183176925916402ea7e91a8f223f29977695ca0b,256,Some(256),fa3b689313e08164,94,12875.1,11.22,11083.4,5881.9,
matvec Q4_0,28,omega_reduce_r4_o3_n2_multiply_add_zero,fa756124a707e45db8349dffd780c2caea0987fa2be6c898b21377576866b244,16384,Some(64),46fe04a8a4ad0fd7,96,12854.2,3.88,13250.0,8994.4,
matvec Q4_0,24,omega_reduce_r4_o3_n2_multiply_add_zero,fa4a9da93c79e2c1886f794c3def00e3e4fb38b7a872c375d66d5732c1d3f192,2048,Some(64),0cb5020fef55327e,106,9625.0,2.91,10437.5,6140.3,
RMSNorm sumsq + fused epilogue,12,omega_reduce_r3_o2_n2_multiply_add_zero_epi4_fused_identity_o4__multiply_s0_o3__add_s1_o2__square_root_s2__reciprocal_s3__multiply_s4_o1__multiply_s5_o0,a638c75f896670e17d8a8536b72c4d83dbcac58ca0831f601f968dc0789b9549,64,Some(64),fe6ffa4fb77e2c44,114,11291.7,6.63,11874.9,5620.8,
UNCLASSIFIED omega_elementwise_twin_r3_n4_fused_multiply_o0_o1__multiply_o2_o3__add_s0_s1_fused_multiply_o0_o3__multiply_o2_o1__subtract_s0_s1,12,omega_elementwise_twin_r3_n4_fused_multiply_o0_o1__multiply_o2_o3__add_s0_s1_fused_multiply_o0_o3__multiply_o2_o1__subtract_s0_s1,96b2c794feafb89090db6c682aa68b31835038c99b1b0457b0729a4d3ef2bc1b,128,None,a3452ebab6764c05,120,5375.0,15.92,5583.3,3051.4,
RMSNorm sumsq + fused epilogue,12,omega_reduce_r3_o2_n2_multiply_add_zero_epi3_fused_identity_o3__multiply_s0_o2__add_s1_o1__square_root_s2__reciprocal_s3__multiply_s4_o0,9b87f6638ee11e4b5112fa7c8723a4251c8eb5144eed3725dc92efc861c11119,64,Some(64),e0c056950464bca5,129,10187.5,2.68,10541.8,4391.7,
RMSNorm sumsq + fused epilogue,28,omega_reduce_r3_o2_n2_multiply_add_zero_epi4_fused_identity_o4__multiply_s0_o3__add_s1_o2__square_root_s2__reciprocal_s3__multiply_s4_o1__multiply_s5_o0,a638c75f896670e17d8a8536b72c4d83dbcac58ca0831f601f968dc0789b9549,512,Some(64),c933fb65e8cf6e6d,104,10958.3,1.99,11750.0,5770.8,
UNCLASSIFIED omega_elementwise_twin_r3_n4_fused_multiply_o0_o1__multiply_o2_o3__subtract_s0_s1_fused_multiply_o0_o3__multiply_o2_o1__add_s0_s1,28,omega_elementwise_twin_r3_n4_fused_multiply_o0_o1__multiply_o2_o3__subtract_s0_s1_fused_multiply_o0_o3__multiply_o2_o1__add_s0_s1,5c56afee9095bd2b2508ea45de460b210eb070316e3d483ae442bb384b9c2107,1024,None,55d283f6d38af590,132,12833.4,5.98,14250.0,12633.3,
cached attention partial,28,omega_cached_attention_q1_h1_g8_d256_s3f800000_ln511_up0_x4_e1_k1_ds,b2651dd95588be69e79f959718792f678683fb568f06c35a81790caa45de3130,2304,Some(96),e712d873f3b1442d,168,16916.7,6.10,17624.9,11731.9,
cached attention merge,28,omega_cached_attention_q1_h1_g8_d256_s3f800000_ln511_up0_x4_e1_k1_ds_merge,fb384d9b8ac38ba6232d45543872a9eed4375d191756a8b566b79072905e1707,8192,Some(1024),1f0b95030497708e,168,7625.0,8.52,7500.1,5590.3,
matvec Q4_0,28,omega_reduce_r5_o2_n2_multiply_add_zero,70da2b90461e87654b10fe1e052ba4d40900488e636b0a38d79d881d036fa779,12288,Some(64),2a2db4aca7549d79,170,12125.0,10.98,12250.0,7808.3,
RMSNorm sumsq + fused epilogue,70,omega_reduce_r2_o1_n2_multiply_add_zero_epi5_fused_identity_o5__multiply_s0_o4__add_s1_o3__square_root_s2__reciprocal_s3__multiply_s4_o2__multiply_s5_o1__add_s6_o0,f41c3c0ebf45e3dc62d4b087e8611f45f57daff029250e638290bbdc565b15ac,256,Some(256),92947922bba9be8f,179,12875.1,6.75,13000.0,5491.7,
matvec Q4_0,15,omega_reduce_r3_o2_n2_multiply_add_zero,301c37405a5301bd387a8fb82a0f022d638d5ceffaa472a7815871c49a8e7536,49152,Some(64),f2107edc45a46919,192,21208.3,5.41,21499.9,17683.3,
matvec Q4_0,15,omega_reduce_r3_o2_n2_multiply_add_zero_epi9_fused_identity_o9__multiply_o5_o6__multiply_s1_o4__multiply_s2_o3__add_s3_o2__multiply_s4_o1__tanh_s5__add_s6_o0__multiply_o7_o8__multiply_s7_s8__multiply_s0_s9,1d7873ae32d202eb848becd14cc4606ca267e253cbb12d334b00ea083730e81a,49152,Some(64),a4e7dd7cdd1e1010,207,22999.9,6.07,23520.8,20452.8,
matvec Q4_0,15,omega_reduce_r3_o2_n2_multiply_add_zero,b730588909dec0f99fb5ef9d9ad13433cf51befa56e343bba3e6bdf9a2826de1,12288,Some(64),d71cf7e63d35e4d3,209,22208.4,5.61,22687.5,18656.9,
matvec Q4_0,1,omega_reduce_r3_o2_n2_multiply_add_zero_epi5_fused_identity_o5__identity_o0__multiply_s0_s0__multiply_s0_s2__multiply_s3_o3__add_s0_s4__multiply_s5_o2__tanh_s6__add_s7_o1__multiply_s0_o4__multiply_s8_s9__multiply_s1_s10,fb097ee4fef765b946bb109202f565430c6033c64ae9db3953caa189eba3bcb5,2048,Some(64),6e751d1491032d42,235,10041.7,7.67,10708.3,5552.8,
matvec Q4_0,35,omega_reduce_r3_o2_n2_multiply_add_zero,301c37405a5301bd387a8fb82a0f022d638d5ceffaa472a7815871c49a8e7536,12288,Some(64),3918ae1291f1788f,238,7874.9,10.07,7958.3,4116.7,
RMSNorm sumsq + fused epilogue,35,omega_reduce_r2_o1_n2_multiply_add_zero_epi6_fused_identity_o6__multiply_s0_o4__add_s1_o3__square_root_s2__reciprocal_s3__multiply_s4_o2__multiply_s5_o1__add_s6_o0__multiply_s7_o5,d8ad59bfed0ed43df6c4b1750e7fce8c6230ba5c0b87dc5d16efc5d65941aad0,256,Some(256),c3ff754afa99500f,250,12250.0,3.29,12875.0,6369.4,
matvec Q4_0,1,omega_reduce_r3_o2_n2_multiply_add_zero_epi5_fused_identity_o5__identity_o0__multiply_s0_s0__multiply_s0_s2__multiply_s3_o3__add_s0_s4__multiply_s5_o2__tanh_s6__add_s7_o1__multiply_s0_o4__multiply_s8_s9__multiply_s1_s10,fb097ee4fef765b946bb109202f565430c6033c64ae9db3953caa189eba3bcb5,2048,Some(64),4a56118754b8c069,412,10458.3,8.73,10625.0,5663.9,
matvec Q4_0,1,omega_reduce_r3_o2_n2_multiply_add_zero_epi5_fused_identity_o5__identity_o0__multiply_s0_s0__multiply_s0_s2__multiply_s3_o3__add_s0_s4__multiply_s5_o2__tanh_s6__add_s7_o1__multiply_s0_o4__multiply_s8_s9__multiply_s1_s10,fb097ee4fef765b946bb109202f565430c6033c64ae9db3953caa189eba3bcb5,2048,Some(64),908d7dc2361515f8,589,10625.0,5.09,10541.6,5487.5,
matvec Q4_0,1,omega_reduce_r3_o2_n2_multiply_add_zero_epi5_fused_identity_o5__identity_o0__multiply_s0_s0__multiply_s0_s2__multiply_s3_o3__add_s0_s4__multiply_s5_o2__tanh_s6__add_s7_o1__multiply_s0_o4__multiply_s8_s9__multiply_s1_s10,fb097ee4fef765b946bb109202f565430c6033c64ae9db3953caa189eba3bcb5,2048,Some(64),6c6e7234f9caa91f,766,10374.9,5.91,11000.0,6501.4,
matvec Q4_0,7,omega_reduce_r4_o3_n2_multiply_add_zero,fa756124a707e45db8349dffd780c2caea0987fa2be6c898b21377576866b244,32768,Some(64),b4e100b3e576add1,804,19687.5,6.47,20229.1,15165.3,
matvec Q4_0,6,omega_reduce_r4_o3_n2_multiply_add_zero,fa4a9da93c79e2c1886f794c3def00e3e4fb38b7a872c375d66d5732c1d3f192,4096,Some(64),c678d5f4c6b652e4,814,9750.0,3.58,10375.0,6402.8,
RMSNorm sumsq + fused epilogue,3,omega_reduce_r3_o2_n2_multiply_add_zero_epi4_fused_identity_o4__multiply_s0_o3__add_s1_o2__square_root_s2__reciprocal_s3__multiply_s4_o1__multiply_s5_o0,2417697c78307ab22673c3869a36011427d3df76b2a3aecaf09c0206a873b919,128,Some(128),9038e072077111e4,822,11541.6,8.53,12104.2,5852.8,
UNCLASSIFIED omega_elementwise_twin_r3_n4_fused_multiply_o0_o1__multiply_o2_o3__add_s0_s1_fused_multiply_o0_o3__multiply_o2_o1__subtract_s0_s1,3,omega_elementwise_twin_r3_n4_fused_multiply_o0_o1__multiply_o2_o3__add_s0_s1_fused_multiply_o0_o3__multiply_o2_o1__subtract_s0_s1,96b2c794feafb89090db6c682aa68b31835038c99b1b0457b0729a4d3ef2bc1b,256,None,ebee2ed96fe2e94a,828,6375.0,17.29,6708.3,4211.1,
RMSNorm sumsq + fused epilogue,3,omega_reduce_r3_o2_n2_multiply_add_zero_epi3_fused_identity_o3__multiply_s0_o2__add_s1_o1__square_root_s2__reciprocal_s3__multiply_s4_o0,3d3a72948b2448db83eb7969394a66daa525aab6b3367243e7f0bf3858fde0ab,128,Some(128),b3af8d2b9d735fc5,837,10354.2,2.49,10541.6,4968.1,
RMSNorm sumsq + fused epilogue,7,omega_reduce_r3_o2_n2_multiply_add_zero_epi4_fused_identity_o4__multiply_s0_o3__add_s1_o2__square_root_s2__reciprocal_s3__multiply_s4_o1__multiply_s5_o0,2417697c78307ab22673c3869a36011427d3df76b2a3aecaf09c0206a873b919,1024,Some(128),09355d8f27837efd,812,11500.0,5.91,11979.2,5852.8,
UNCLASSIFIED omega_elementwise_twin_r3_n4_fused_multiply_o0_o1__multiply_o2_o3__subtract_s0_s1_fused_multiply_o0_o3__multiply_o2_o1__add_s0_s1,7,omega_elementwise_twin_r3_n4_fused_multiply_o0_o1__multiply_o2_o3__subtract_s0_s1_fused_multiply_o0_o3__multiply_o2_o1__add_s0_s1,5c56afee9095bd2b2508ea45de460b210eb070316e3d483ae442bb384b9c2107,2048,None,52428863531ba6a4,840,19562.5,6.01,22062.5,19015.3,
cached attention partial,7,omega_cached_attention_q1_h1_g8_d512_s3f800000_ln9223372036854775808_up0_x4_e1_k1_ds,a99a3e2ee736c218d31e7ddd658c04f8efe5e2a2e7eafbcd44d59d9eb66d0019,2304,Some(96),e712d873f3b1442d,876,20625.0,3.19,21250.0,14825.0,
cached attention merge,7,omega_cached_attention_q1_h1_g8_d512_s3f800000_ln9223372036854775808_up0_x4_e1_k1_ds_merge,5c2e7fcd2579eb81879551154884a5ca60e051dddd1c8207e97a5849d22ad5ca,8192,Some(1024),1f0b95030497708e,876,9479.2,5.09,9125.0,6633.3,
matvec Q4_0,7,omega_reduce_r5_o2_n2_multiply_add_zero,70da2b90461e87654b10fe1e052ba4d40900488e636b0a38d79d881d036fa779,12288,Some(64),f66f8e5f4a2ec478,878,17208.3,5.79,17875.0,15031.9,
matvec Q4_0,1,omega_reduce_r3_o2_n2_multiply_add_zero_epi5_fused_identity_o5__identity_o0__multiply_s0_s0__multiply_s0_s2__multiply_s3_o3__add_s0_s4__multiply_s5_o2__tanh_s6__add_s7_o1__multiply_s0_o4__multiply_s8_s9__multiply_s1_s10,fb097ee4fef765b946bb109202f565430c6033c64ae9db3953caa189eba3bcb5,2048,Some(64),356d188652f715ae,943,10083.4,10.38,10625.0,5452.8,
matvec Q4_0,1,omega_reduce_r3_o2_n2_multiply_add_zero_epi5_fused_identity_o5__identity_o0__multiply_s0_s0__multiply_s0_s2__multiply_s3_o3__add_s0_s4__multiply_s5_o2__tanh_s6__add_s7_o1__multiply_s0_o4__multiply_s8_s9__multiply_s1_s10,fb097ee4fef765b946bb109202f565430c6033c64ae9db3953caa189eba3bcb5,2048,Some(64),114e0cf916aca8d5,1120,10125.0,9.11,10520.8,6479.2,
matvec Q4_0,1,omega_reduce_r3_o2_n2_multiply_add_zero_epi5_fused_identity_o5__identity_o0__multiply_s0_s0__multiply_s0_s2__multiply_s3_o3__add_s0_s4__multiply_s5_o2__tanh_s6__add_s7_o1__multiply_s0_o4__multiply_s8_s9__multiply_s1_s10,fb097ee4fef765b946bb109202f565430c6033c64ae9db3953caa189eba3bcb5,2048,Some(64),57857933f808fe64,1297,10312.5,10.37,10958.3,6431.9,
matvec Q4_0,1,omega_reduce_r3_o2_n2_multiply_add_zero_epi5_fused_identity_o5__identity_o0__multiply_s0_s0__multiply_s0_s2__multiply_s3_o3__add_s0_s4__multiply_s5_o2__tanh_s6__add_s7_o1__multiply_s0_o4__multiply_s8_s9__multiply_s1_s10,fb097ee4fef765b946bb109202f565430c6033c64ae9db3953caa189eba3bcb5,2048,Some(64),33666da6bbbe918b,1474,10083.4,6.40,10625.0,5459.7,
matvec Q4_0,1,omega_reduce_r3_o2_n2_multiply_add_zero_epi5_fused_identity_o5__identity_o0__multiply_s0_s0__multiply_s0_s2__multiply_s3_o3__add_s0_s4__multiply_s5_o2__tanh_s6__add_s7_o1__multiply_s0_o4__multiply_s8_s9__multiply_s1_s10,fb097ee4fef765b946bb109202f565430c6033c64ae9db3953caa189eba3bcb5,2048,Some(64),e08526310d1b5c6a,1651,10145.9,11.42,10916.6,6352.8,
matvec Q4_0,1,omega_reduce_r3_o2_n2_multiply_add_zero_epi5_fused_identity_o5__identity_o0__multiply_s0_s0__multiply_s0_s2__multiply_s3_o3__add_s0_s4__multiply_s5_o2__tanh_s6__add_s7_o1__multiply_s0_o4__multiply_s8_s9__multiply_s1_s10,fb097ee4fef765b946bb109202f565430c6033c64ae9db3953caa189eba3bcb5,2048,Some(64),bc661aa3d0d0ef91,1828,10125.0,7.41,10625.0,5458.3,
matvec Q4_0,1,omega_reduce_r3_o2_n2_multiply_add_zero_epi5_fused_identity_o5__identity_o0__multiply_s0_s0__multiply_s0_s2__multiply_s3_o3__add_s0_s4__multiply_s5_o2__tanh_s6__add_s7_o1__multiply_s0_o4__multiply_s8_s9__multiply_s1_s10,fb097ee4fef765b946bb109202f565430c6033c64ae9db3953caa189eba3bcb5,2048,Some(64),029d86deb22d4520,2005,10125.0,12.51,10937.5,6213.9,
matvec Q4_0,1,omega_reduce_r3_o2_n2_multiply_add_zero_epi5_fused_identity_o5__identity_o0__multiply_s0_s0__multiply_s0_s2__multiply_s3_o3__add_s0_s4__multiply_s5_o2__tanh_s6__add_s7_o1__multiply_s0_o4__multiply_s8_s9__multiply_s1_s10,fb097ee4fef765b946bb109202f565430c6033c64ae9db3953caa189eba3bcb5,2048,Some(64),de7e7b5175e2d847,2182,10187.5,10.27,10916.6,6351.4,
matvec Q4_0,1,omega_reduce_r3_o2_n2_multiply_add_zero_epi5_fused_identity_o5__identity_o0__multiply_s0_s0__multiply_s0_s2__multiply_s3_o3__add_s0_s4__multiply_s5_o2__tanh_s6__add_s7_o1__multiply_s0_o4__multiply_s8_s9__multiply_s1_s10,fb097ee4fef765b946bb109202f565430c6033c64ae9db3953caa189eba3bcb5,2048,Some(64),a77d21a2cf0f44d6,2359,10104.2,14.34,10666.7,5844.4,
matvec Q4_0,1,omega_reduce_r3_o2_n2_multiply_add_zero_epi5_fused_identity_o5__identity_o0__multiply_s0_s0__multiply_s0_s2__multiply_s3_o3__add_s0_s4__multiply_s5_o2__tanh_s6__add_s7_o1__multiply_s0_o4__multiply_s8_s9__multiply_s1_s10,fb097ee4fef765b946bb109202f565430c6033c64ae9db3953caa189eba3bcb5,2048,Some(64),835e161592c4d7fd,2536,9875.0,7.53,10625.0,6248.6,
matvec Q4_0,1,omega_reduce_r3_o2_n2_multiply_add_zero_epi5_fused_identity_o5__identity_o0__multiply_s0_s0__multiply_s0_s2__multiply_s3_o3__add_s0_s4__multiply_s5_o2__tanh_s6__add_s7_o1__multiply_s0_o4__multiply_s8_s9__multiply_s1_s10,fb097ee4fef765b946bb109202f565430c6033c64ae9db3953caa189eba3bcb5,2048,Some(64),c995825074212d8c,2713,10020.9,8.15,10666.7,5497.2,
matvec Q4_0,20,omega_reduce_r3_o2_n2_multiply_add_zero,301c37405a5301bd387a8fb82a0f022d638d5ceffaa472a7815871c49a8e7536,98304,Some(64),d0e30ae0a572b591,2816,34229.2,5.85,34124.9,29405.6,
matvec Q4_0,20,omega_reduce_r3_o2_n2_multiply_add_zero_epi9_fused_identity_o9__multiply_o5_o6__multiply_s1_o4__multiply_s2_o3__add_s3_o2__multiply_s4_o1__tanh_s5__add_s6_o0__multiply_o7_o8__multiply_s7_s8__multiply_s0_s9,1d7873ae32d202eb848becd14cc4606ca267e253cbb12d334b00ea083730e81a,98304,Some(64),e2b165c4cbd4b7a0,2831,37312.6,6.21,37125.1,33568.0,
matvec Q4_0,20,omega_reduce_r3_o2_n2_multiply_add_zero,b730588909dec0f99fb5ef9d9ad13433cf51befa56e343bba3e6bdf9a2826de1,12288,Some(64),6f381dc84b7d1123,2833,38812.5,4.82,37812.5,32458.3,
matvec Q4_0,1,omega_reduce_r3_o2_n2_multiply_add_zero_epi5_fused_identity_o5__identity_o0__multiply_s0_s0__multiply_s0_s2__multiply_s3_o3__add_s0_s4__multiply_s5_o2__tanh_s6__add_s7_o1__multiply_s0_o4__multiply_s8_s9__multiply_s1_s10,fb097ee4fef765b946bb109202f565430c6033c64ae9db3953caa189eba3bcb5,2048,Some(64),a57676c337d6c0b3,2859,10250.0,12.17,11000.0,6422.2,
matvec Q4_0,1,omega_reduce_r3_o2_n2_multiply_add_zero_epi5_fused_identity_o5__identity_o0__multiply_s0_s0__multiply_s0_s2__multiply_s3_o3__add_s0_s4__multiply_s5_o2__tanh_s6__add_s7_o1__multiply_s0_o4__multiply_s8_s9__multiply_s1_s10,fb097ee4fef765b946bb109202f565430c6033c64ae9db3953caa189eba3bcb5,2048,Some(64),52952f4d89338b92,3005,10375.0,11.92,10625.0,5533.3,
matvec Q4_0,1,omega_reduce_r3_o2_n2_multiply_add_zero_epi5_fused_identity_o5__identity_o0__multiply_s0_s0__multiply_s0_s2__multiply_s3_o3__add_s0_s4__multiply_s5_o2__tanh_s6__add_s7_o1__multiply_s0_o4__multiply_s8_s9__multiply_s1_s10,fb097ee4fef765b946bb109202f565430c6033c64ae9db3953caa189eba3bcb5,2048,Some(64),2e7623c04ce91eb9,3151,10125.0,2.06,10250.0,6131.9,
matvec Q4_0,1,omega_reduce_r3_o2_n2_multiply_add_zero_epi5_fused_identity_o5__identity_o0__multiply_s0_s0__multiply_s0_s2__multiply_s3_o3__add_s0_s4__multiply_s5_o2__tanh_s6__add_s7_o1__multiply_s0_o4__multiply_s8_s9__multiply_s1_s10,fb097ee4fef765b946bb109202f565430c6033c64ae9db3953caa189eba3bcb5,2048,Some(64),74ad8ffb2e457448,3297,10145.8,10.85,10874.9,6330.6,
matvec Q4_0,1,omega_reduce_r3_o2_n2_multiply_add_zero_epi5_fused_identity_o5__identity_o0__multiply_s0_s0__multiply_s0_s2__multiply_s3_o3__add_s0_s4__multiply_s5_o2__tanh_s6__add_s7_o1__multiply_s0_o4__multiply_s8_s9__multiply_s1_s10,fb097ee4fef765b946bb109202f565430c6033c64ae9db3953caa189eba3bcb5,2048,Some(64),508e846df1fb076f,3443,10250.0,9.43,10916.7,6238.9,
matvec Q4_0,1,omega_reduce_r3_o2_n2_multiply_add_zero_epi5_fused_identity_o5__identity_o0__multiply_s0_s0__multiply_s0_s2__multiply_s3_o3__add_s0_s4__multiply_s5_o2__tanh_s6__add_s7_o1__multiply_s0_o4__multiply_s8_s9__multiply_s1_s10,fb097ee4fef765b946bb109202f565430c6033c64ae9db3953caa189eba3bcb5,2048,Some(64),198d2abf4b2773fe,3589,10125.0,9.16,10500.1,5375.0,
matvec Q4_0,1,omega_reduce_r3_o2_n2_multiply_add_zero_epi5_fused_identity_o5__identity_o0__multiply_s0_s0__multiply_s0_s2__multiply_s3_o3__add_s0_s4__multiply_s5_o2__tanh_s6__add_s7_o1__multiply_s0_o4__multiply_s8_s9__multiply_s1_s10,fb097ee4fef765b946bb109202f565430c6033c64ae9db3953caa189eba3bcb5,2048,Some(64),f56e1f320edd0725,3735,10041.6,6.55,10583.4,5452.8,
matvec Q4_0,1,omega_reduce_r3_o2_n2_multiply_add_zero_epi5_fused_identity_o5__identity_o0__multiply_s0_s0__multiply_s0_s2__multiply_s3_o3__add_s0_s4__multiply_s5_o2__tanh_s6__add_s7_o1__multiply_s0_o4__multiply_s8_s9__multiply_s1_s10,fb097ee4fef765b946bb109202f565430c6033c64ae9db3953caa189eba3bcb5,2048,Some(64),3ba58b6cf0395cb4,3881,10000.0,2.29,10625.1,5483.3,
matvec Q4_0,1,omega_reduce_r3_o2_n2_multiply_add_zero_epi5_fused_identity_o5__identity_o0__multiply_s0_s0__multiply_s0_s2__multiply_s3_o3__add_s0_s4__multiply_s5_o2__tanh_s6__add_s7_o1__multiply_s0_o4__multiply_s8_s9__multiply_s1_s10,fb097ee4fef765b946bb109202f565430c6033c64ae9db3953caa189eba3bcb5,2048,Some(64),17867fdfb3eeefdb,4027,10125.0,8.18,10854.2,6405.6,
matvec Q4_0,1,omega_reduce_r3_o2_n2_multiply_add_zero_epi5_fused_identity_o5__identity_o0__multiply_s0_s0__multiply_s0_s2__multiply_s3_o3__add_s0_s4__multiply_s5_o2__tanh_s6__add_s7_o1__multiply_s0_o4__multiply_s8_s9__multiply_s1_s10,fb097ee4fef765b946bb109202f565430c6033c64ae9db3953caa189eba3bcb5,2048,Some(64),c4a5386a054bbaba,4173,10479.1,6.99,10916.7,6430.5,
matvec Q4_0,1,omega_reduce_r3_o2_n2_multiply_add_zero_epi5_fused_identity_o5__identity_o0__multiply_s0_s0__multiply_s0_s2__multiply_s3_o3__add_s0_s4__multiply_s5_o2__tanh_s6__add_s7_o1__multiply_s0_o4__multiply_s8_s9__multiply_s1_s10,fb097ee4fef765b946bb109202f565430c6033c64ae9db3953caa189eba3bcb5,2048,Some(64),a0862cdcc9014de1,4319,10000.0,2.37,10750.0,6497.2,
matvec Q4_0,1,omega_reduce_r3_o2_n2_multiply_add_zero_epi5_fused_identity_o5__identity_o0__multiply_s0_s0__multiply_s0_s2__multiply_s3_o3__add_s0_s4__multiply_s5_o2__tanh_s6__add_s7_o1__multiply_s0_o4__multiply_s8_s9__multiply_s1_s10,fb097ee4fef765b946bb109202f565430c6033c64ae9db3953caa189eba3bcb5,2048,Some(64),e6bd9917aa5da370,4465,10375.0,7.24,10916.7,5440.3,
matvec Q4_0,1,omega_reduce_r3_o2_n2_multiply_add_zero_epi5_fused_identity_o5__identity_o0__multiply_s0_s0__multiply_s0_s2__multiply_s3_o3__add_s0_s4__multiply_s5_o2__tanh_s6__add_s7_o1__multiply_s0_o4__multiply_s8_s9__multiply_s1_s10,fb097ee4fef765b946bb109202f565430c6033c64ae9db3953caa189eba3bcb5,2048,Some(64),c29e8d8a6e133697,4611,10291.6,7.31,10916.7,6408.3,
matvec Q4_0,1,omega_reduce_r3_o2_n2_multiply_add_zero_epi5_fused_identity_o5__identity_o0__multiply_s0_s0__multiply_s0_s2__multiply_s3_o3__add_s0_s4__multiply_s5_o2__tanh_s6__add_s7_o1__multiply_s0_o4__multiply_s8_s9__multiply_s1_s10,fb097ee4fef765b946bb109202f565430c6033c64ae9db3953caa189eba3bcb5,2048,Some(64),8b9d33dbc73fa326,4757,10000.1,2.82,10645.9,6333.3,
matvec Q4_0,1,omega_reduce_r3_o2_n2_multiply_add_zero_epi5_fused_identity_o5__identity_o0__multiply_s0_s0__multiply_s0_s2__multiply_s3_o3__add_s0_s4__multiply_s5_o2__tanh_s6__add_s7_o1__multiply_s0_o4__multiply_s8_s9__multiply_s1_s10,fb097ee4fef765b946bb109202f565430c6033c64ae9db3953caa189eba3bcb5,2048,Some(64),677e284e8af5364d,4903,10374.9,2.88,10979.2,6405.6,
matvec Q4_0,1,omega_reduce_r3_o2_n2_multiply_add_zero_epi5_fused_identity_o5__identity_o0__multiply_s0_s0__multiply_s0_s2__multiply_s3_o3__add_s0_s4__multiply_s5_o2__tanh_s6__add_s7_o1__multiply_s0_o4__multiply_s8_s9__multiply_s1_s10,fb097ee4fef765b946bb109202f565430c6033c64ae9db3953caa189eba3bcb5,2048,Some(64),adb594896c518bdc,5049,10166.7,9.87,10874.9,6415.3,
matvec Q4_0,1,omega_reduce_r3_o2_n2_multiply_add_zero_epi5_fused_identity_o5__identity_o0__multiply_s0_s0__multiply_s0_s2__multiply_s3_o3__add_s0_s4__multiply_s5_o2__tanh_s6__add_s7_o1__multiply_s0_o4__multiply_s8_s9__multiply_s1_s10,fb097ee4fef765b946bb109202f565430c6033c64ae9db3953caa189eba3bcb5,2048,Some(64),899688fc30071f03,5195,10000.0,6.26,10666.7,5961.1,
matvec Q4_0,1,omega_reduce_r3_o2_n2_multiply_add_zero_epi5_fused_identity_o5__identity_o0__multiply_s0_s0__multiply_s0_s2__multiply_s3_o3__add_s0_s4__multiply_s5_o2__tanh_s6__add_s7_o1__multiply_s0_o4__multiply_s8_s9__multiply_s1_s10,fb097ee4fef765b946bb109202f565430c6033c64ae9db3953caa189eba3bcb5,2048,Some(64),4cef123a3fe4a1e2,5341,10187.5,12.37,10625.0,5962.5,
matvec Q4_0,1,omega_reduce_r3_o2_n2_multiply_add_zero_epi5_fused_identity_o5__identity_o0__multiply_s0_s0__multiply_s0_s2__multiply_s3_o3__add_s0_s4__multiply_s5_o2__tanh_s6__add_s7_o1__multiply_s0_o4__multiply_s8_s9__multiply_s1_s10,fb097ee4fef765b946bb109202f565430c6033c64ae9db3953caa189eba3bcb5,2048,Some(64),db5bd37dc515d289,5487,10104.2,4.96,10625.1,5473.6,
matvec Q4_0,1,omega_reduce_r3_o2_n2_multiply_add_zero_epi5_fused_identity_o5__identity_o0__multiply_s0_s0__multiply_s0_s2__multiply_s3_o3__add_s0_s4__multiply_s5_o2__tanh_s6__add_s7_o1__multiply_s0_o4__multiply_s8_s9__multiply_s1_s10,fb097ee4fef765b946bb109202f565430c6033c64ae9db3953caa189eba3bcb5,2048,Some(64),6f0772e7e4f68a98,5633,10125.0,5.25,10687.5,5990.3,
elementwise identity_g1,1,omega_elementwise_r2_n1_identity_g1,6ea595c3ebd844f92229e8f3fadaebcac19269a6a29bae47509e6ef37c917e1d,1536,None,a0ea152fdb2f1bc3,5659,5750.0,9.94,6291.7,4190.3,
head,1,omega_reduce_r3_o2_n2_multiply_add_zero_epi2_fused_identity_o2__divide_s0_o1__tanh_s1__multiply_s2_o0,c161db611fad8aca6772f577bc8fff19e04e1a779e8c676837aa8ab2b3f35396,4194304,Some(64),979e72a76a9085d5,5666,1143416.6,0.74,1085687.5,1082483.3,
identity copy,1,omega_elementwise_r3_n1_identity,efb05eff38c1debf0420cdb7070c89af386cdd29fea45cc9f04b95f32de533b0,262144,None,9227f76f66904c1b,5668,8937.6,5.98,9604.2,6459.7,
softmax max,1,omega_reduce_r3_o2_n1_identity_maximum_negative_infinity,565c16a08dcdd100fdcee87e1adae800738cc278a414cfd8678e0deed524e10a,65536,Some(128),88486bc53c5e830c,5669,8625.0,4.06,8625.0,5544.4,
softmax max,1,omega_reduce_r2_o1_n1_identity_maximum_negative_infinity,a358f4cb9502df9f8fe4cf631303ddd2e7f15243b7f1d78474689f34f907b6f6,128,Some(128),28fc541522aa221b,5670,5625.1,11.01,5770.9,2504.2,
iota,2,omega_iota_r1,2ed772243b1bc49f15935902584bcb8c4a11d9064c795e04cb7b2070337168f6,512,None,1e23011d8472940f,5672,4124.9,3.73,4000.0,2151.4,
elementwise multiply,1,omega_elementwise_r1_n2_multiply,c5fcdbd8191c476111787a7cad1da090248244cbf37bf49175f1c6999c07340c,512,None,0bc2c90212250be4,5675,5000.0,10.73,4875.0,2695.8,
UNCLASSIFIED omega_reduce_r3_o2_n5_fused_equal_o0_o1__add_o2_o3__select_s0_s1_o4_minimum_positive_infinity,1,omega_reduce_r3_o2_n5_fused_equal_o0_o1__add_o2_o3__select_s0_s1_o4_minimum_positive_infinity,8f117d35fa82c59a5519fbc257d83c44a5ccdaadf0f127c6aa6d3610022fa501,65536,Some(128),484ed68bf5905fe1,5679,14812.5,7.47,15354.1,10186.1,
UNCLASSIFIED omega_reduce_r2_o1_n1_identity_minimum_positive_infinity,1,omega_reduce_r2_o1_n1_identity_minimum_positive_infinity,2b18e2e46efc835c5f6cf97bc830cd9398497d3b9ccfada2bd6f7446efd91236,128,Some(128),28fc541522aa221b,5680,5937.5,17.83,5999.9,2976.4,
matvec f32,1,omega_reduce_r3_o2_n4_fused_greater_o0_o1__greater_o2_o3__multiply_s0_s1_add_zero,b732955972908e7ff2bb71b84909788901716a4352e98da4967d54c91316bc8b,65536,Some(128),8a2fa542d1b8d5df,5686,12479.2,8.32,12791.6,9801.4,
softmax sum,1,omega_reduce_r2_o1_n1_identity_add_zero,055f1105af08851c643a4b53c4e5d96330786aeb35686857236fb04ecb016ba0,128,Some(128),28fc541522aa221b,5687,6000.0,17.28,5791.7,2548.6,
