index,node,kernel,grid_threads,threadgroups,buffer_bindings,bytes_bound_full,static_threadgroup_bytes,dynamic_threadgroup_bytes,pipeline_switch,live_barrier_before,node_keyed_barrier_before,node_and_slot_keyed_barrier_before,isolated_marginal_ns,recorded_mean_us,empty_same_bindings_mean_us,empty_minimal_bindings_mean_us,empty_one_threadgroup_mean_us,recorded_unordered_mean_us
0,4,omega_elementwise_r2_n2_fused_identity_o0__multiply_s0_o1_g10,1024,1,6,1420707496,0,0,1,0,0,0,17946,14.694,2.071,2.022,1.830,7.270
1,38,omega_reduce_r2_o1_n2_multiply_add_zero_epi4_fused_identity_o4__multiply_s0_o3__add_s1_o2__square_root_s2__reciprocal_s3__multiply_s4_o1__multiply_s5_o0,256,1,8,1314217704,32,0,1,0,1,1,4446,14.694,2.071,2.022,1.830,7.270
2,44,omega_reduce_r4_o3_n2_multiply_add_zero,4096,64,4,1311021280,0,0,1,0,1,1,5589,14.694,2.071,2.022,1.830,7.270
3,40,omega_reduce_r4_o3_n2_multiply_add_zero,8192,128,4,1312127200,0,0,0,0,0,1,6595,14.694,2.071,2.022,1.830,7.270
4,42,omega_reduce_r4_o3_n2_multiply_add_zero,4096,64,4,1313794016,0,0,0,0,0,1,5589,14.694,2.071,2.022,1.830,7.270
5,56,omega_elementwise_twin_r3_n4_fused_multiply_o0_o1__multiply_o2_o3__add_s0_s1_fused_multiply_o0_o3__multiply_o2_o1__subtract_s0_s1,256,1,7,577280,0,0,1,0,1,1,3042,14.694,2.071,2.022,1.830,7.270
6,47,omega_elementwise_twin_r3_n4_fused_multiply_o0_o1__multiply_o2_o3__subtract_s0_s1_fused_multiply_o0_o3__multiply_o2_o1__add_s0_s1,512,1,7,759296,0,0,1,0,0,1,3226,14.694,2.071,2.022,1.830,7.270
7,89,omega_cached_attention_q1_h8_g2_d64_s3c800000_ln9223372036854775808_up0_x4_e1_k1_ds,65536,512,11,5498116,1056,0,1,0,1,1,44399,14.694,2.071,2.022,1.830,7.270
8,89,omega_cached_attention_q1_h8_g2_d64_s3c800000_ln9223372036854775808_up0_x4_e1_k1_ds_merge,16384,16,3,332032,0,0,1,0,1,1,4339,14.694,2.071,2.022,1.830,7.270
9,93,omega_reduce_r5_o2_n2_multiply_add_zero_epi2_fused_identity_o2__multiply_s0_o1__add_s1_o0,8192,128,6,1313401572,0,0,1,0,1,1,7518,14.694,2.071,2.022,1.830,7.270
10,101,omega_reduce_r2_o1_n2_multiply_add_zero_epi4_fused_identity_o4__multiply_s0_o3__add_s1_o2__square_root_s2__reciprocal_s3__multiply_s4_o1__multiply_s5_o0,256,1,8,1314052328,32,0,1,0,1,1,4446,14.694,2.071,2.022,1.830,7.270
11,103,omega_reduce_r3_o2_n2_multiply_add_zero,8192,32,4,516864,32,0,1,0,1,1,5548,14.694,2.071,2.022,1.830,7.270
12,109,omega_moe_topk_e32_k8_stacked,32,1,21,1650212,16,0,1,0,1,1,5071,14.694,2.071,2.022,1.830,7.270
13,226,omega_reduce_r4_o3_n2_multiply_add_zero_g10,32768,512,6,1367558624,0,0,1,0,0,1,20643,14.694,2.071,2.022,1.830,7.270
14,234,omega_reduce_r4_o3_n2_multiply_add_zero_epi3_fused_identity_o3__negate_o2__exponential_s1__add_s2_o1__reciprocal_s3__multiply_s4_o0__multiply_s0_s5_g10,32768,512,9,1350102244,0,0,1,0,1,1,20792,14.694,2.071,2.022,1.830,7.270
15,236,omega_reduce_r4_o3_n2_multiply_add_zero_g10,65536,1024,6,1331890656,0,0,1,0,1,1,29411,14.694,2.071,2.022,1.830,7.270
16,249,omega_reduce_r3_o2_n2_multiply_add_zero_epi10_fused_identity_o10__add_o8_o9__add_s1_o7__add_s2_o6__add_s3_o5__add_s4_o4__add_s5_o3__add_s6_o2__reciprocal_s7__multiply_s0_s8__multiply_s9_o1__add_s10_o0,32768,1024,14,1822724,0,0,1,0,1,1,9238,14.694,2.071,2.022,1.830,7.270
17,270,omega_reduce_r2_o1_n2_multiply_add_zero_epi4_fused_identity_o4__multiply_s0_o3__add_s1_o2__square_root_s2__reciprocal_s3__multiply_s4_o1__multiply_s5_o0,256,1,8,1257164008,32,0,1,0,1,1,4446,14.694,2.071,2.022,1.830,7.270
18,276,omega_reduce_r4_o3_n2_multiply_add_zero,4096,64,4,1254066656,0,0,1,0,1,1,5589,14.694,2.071,2.022,1.830,7.270
19,272,omega_reduce_r4_o3_n2_multiply_add_zero,8192,128,4,1255176928,0,0,0,0,0,1,6595,14.694,2.071,2.022,1.830,7.270
20,274,omega_reduce_r4_o3_n2_multiply_add_zero,4096,64,4,1256843744,0,0,0,0,0,1,5589,14.694,2.071,2.022,1.830,7.270
21,288,omega_elementwise_twin_r3_n4_fused_multiply_o0_o1__multiply_o2_o3__add_s0_s1_fused_multiply_o0_o3__multiply_o2_o1__subtract_s0_s1,256,1,7,585984,0,0,1,0,1,1,3042,14.694,2.071,2.022,1.830,7.270
22,279,omega_elementwise_twin_r3_n4_fused_multiply_o0_o1__multiply_o2_o3__subtract_s0_s1_fused_multiply_o0_o3__multiply_o2_o1__add_s0_s1,512,1,7,776704,0,0,1,0,0,1,3226,14.694,2.071,2.022,1.830,7.270
23,321,omega_cached_attention_q1_h8_g2_d64_s3c800000_ln9223372036854775808_up0_x4_e1_k1_ds,65536,512,11,5506820,1056,0,1,0,1,1,44399,14.694,2.071,2.022,1.830,7.270
24,321,omega_cached_attention_q1_h8_g2_d64_s3c800000_ln9223372036854775808_up0_x4_e1_k1_ds_merge,16384,16,3,336384,0,0,1,0,1,1,4339,14.694,2.071,2.022,1.830,7.270
25,325,omega_reduce_r5_o2_n2_multiply_add_zero_epi2_fused_identity_o2__multiply_s0_o1__add_s1_o0,8192,128,6,1256413924,0,0,1,0,1,1,7518,14.694,2.071,2.022,1.830,7.270
26,333,omega_reduce_r2_o1_n2_multiply_add_zero_epi4_fused_identity_o4__multiply_s0_o3__add_s1_o2__square_root_s2__reciprocal_s3__multiply_s4_o1__multiply_s5_o0,256,1,8,1257093352,32,0,1,0,1,1,4446,14.694,2.071,2.022,1.830,7.270
27,335,omega_reduce_r3_o2_n2_multiply_add_zero,8192,32,4,516864,32,0,1,0,1,1,5548,14.694,2.071,2.022,1.830,7.270
28,341,omega_moe_topk_e32_k8_stacked,32,1,21,1650212,16,0,1,0,1,1,5071,14.694,2.071,2.022,1.830,7.270
29,458,omega_reduce_r4_o3_n2_multiply_add_zero_g10,32768,512,6,1310599648,0,0,1,0,0,1,20643,14.694,2.071,2.022,1.830,7.270
30,466,omega_reduce_r4_o3_n2_multiply_add_zero_epi3_fused_identity_o3__negate_o2__exponential_s1__add_s2_o1__reciprocal_s3__multiply_s4_o0__multiply_s0_s5_g10,32768,512,9,1293143268,0,0,1,0,1,1,20792,14.694,2.071,2.022,1.830,7.270
31,468,omega_reduce_r4_o3_n2_multiply_add_zero_g10,65536,1024,6,1274931680,0,0,1,0,1,1,29411,14.694,2.071,2.022,1.830,7.270
32,481,omega_reduce_r3_o2_n2_multiply_add_zero_epi10_fused_identity_o10__add_o8_o9__add_s1_o7__add_s2_o6__add_s3_o5__add_s4_o4__add_s5_o3__add_s6_o2__reciprocal_s7__multiply_s0_s8__multiply_s9_o1__add_s10_o0,32768,1024,14,1822724,0,0,1,0,1,1,9238,14.694,2.071,2.022,1.830,7.270
33,502,omega_reduce_r2_o1_n2_multiply_add_zero_epi4_fused_identity_o4__multiply_s0_o3__add_s1_o2__square_root_s2__reciprocal_s3__multiply_s4_o1__multiply_s5_o0,256,1,8,630615272,32,0,1,0,1,1,4446,14.694,2.071,2.022,1.830,7.270
34,508,omega_reduce_r4_o3_n2_multiply_add_zero,4096,64,4,627517920,0,0,1,0,1,1,5589,14.694,2.071,2.022,1.830,7.270
35,504,omega_reduce_r4_o3_n2_multiply_add_zero,8192,128,4,628628192,0,0,0,0,0,1,6595,14.694,2.071,2.022,1.830,7.270
36,506,omega_reduce_r4_o3_n2_multiply_add_zero,4096,64,4,630295008,0,0,0,0,0,1,5589,14.694,2.071,2.022,1.830,7.270
37,520,omega_elementwise_twin_r3_n4_fused_multiply_o0_o1__multiply_o2_o3__add_s0_s1_fused_multiply_o0_o3__multiply_o2_o1__subtract_s0_s1,256,1,7,585984,0,0,1,0,1,1,3042,14.694,2.071,2.022,1.830,7.270
38,511,omega_elementwise_twin_r3_n4_fused_multiply_o0_o1__multiply_o2_o3__subtract_s0_s1_fused_multiply_o0_o3__multiply_o2_o1__add_s0_s1,512,1,7,776704,0,0,1,0,0,1,3226,14.694,2.071,2.022,1.830,7.270
39,553,omega_cached_attention_q1_h8_g2_d64_s3c800000_ln9223372036854775808_up0_x4_e1_k1_ds,65536,512,11,5506820,1056,0,1,0,1,1,44399,14.694,2.071,2.022,1.830,7.270
40,553,omega_cached_attention_q1_h8_g2_d64_s3c800000_ln9223372036854775808_up0_x4_e1_k1_ds_merge,16384,16,3,336384,0,0,1,0,1,1,4339,14.694,2.071,2.022,1.830,7.270
41,557,omega_reduce_r5_o2_n2_multiply_add_zero_epi2_fused_identity_o2__multiply_s0_o1__add_s1_o0,8192,128,6,629865188,0,0,1,0,1,1,7518,14.694,2.071,2.022,1.830,7.270
42,565,omega_reduce_r2_o1_n2_multiply_add_zero_epi4_fused_identity_o4__multiply_s0_o3__add_s1_o2__square_root_s2__reciprocal_s3__multiply_s4_o1__multiply_s5_o0,256,1,8,630544616,32,0,1,0,1,1,4446,14.694,2.071,2.022,1.830,7.270
43,567,omega_reduce_r3_o2_n2_multiply_add_zero,8192,32,4,516864,32,0,1,0,1,1,5548,14.694,2.071,2.022,1.830,7.270
44,573,omega_moe_topk_e32_k8_stacked,32,1,21,1650212,16,0,1,0,1,1,5071,14.694,2.071,2.022,1.830,7.270
45,690,omega_reduce_r4_o3_n2_multiply_add_zero_g10,32768,512,6,684050912,0,0,1,0,0,1,20643,14.694,2.071,2.022,1.830,7.270
46,698,omega_reduce_r4_o3_n2_multiply_add_zero_epi3_fused_identity_o3__negate_o2__exponential_s1__add_s2_o1__reciprocal_s3__multiply_s4_o0__multiply_s0_s5_g10,32768,512,9,666594532,0,0,1,0,1,1,20792,14.694,2.071,2.022,1.830,7.270
47,700,omega_reduce_r4_o3_n2_multiply_add_zero_g10,65536,1024,6,648382944,0,0,1,0,1,1,29411,14.694,2.071,2.022,1.830,7.270
48,713,omega_reduce_r3_o2_n2_multiply_add_zero_epi10_fused_identity_o10__add_o8_o9__add_s1_o7__add_s2_o6__add_s3_o5__add_s4_o4__add_s5_o3__add_s6_o2__reciprocal_s7__multiply_s0_s8__multiply_s9_o1__add_s10_o0,32768,1024,14,1822724,0,0,1,0,1,1,9238,14.694,2.071,2.022,1.830,7.270
49,734,omega_reduce_r2_o1_n2_multiply_add_zero_epi4_fused_identity_o4__multiply_s0_o3__add_s1_o2__square_root_s2__reciprocal_s3__multiply_s4_o1__multiply_s5_o0,256,1,8,345820392,32,0,1,0,1,1,4446,14.694,2.071,2.022,1.830,7.270
50,740,omega_reduce_r4_o3_n2_multiply_add_zero,4096,64,4,342723040,0,0,1,0,1,1,5589,14.694,2.071,2.022,1.830,7.270
51,736,omega_reduce_r4_o3_n2_multiply_add_zero,8192,128,4,343833312,0,0,0,0,0,1,6595,14.694,2.071,2.022,1.830,7.270
52,738,omega_reduce_r4_o3_n2_multiply_add_zero,4096,64,4,345500128,0,0,0,0,0,1,5589,14.694,2.071,2.022,1.830,7.270
53,752,omega_elementwise_twin_r3_n4_fused_multiply_o0_o1__multiply_o2_o3__add_s0_s1_fused_multiply_o0_o3__multiply_o2_o1__subtract_s0_s1,256,1,7,585984,0,0,1,0,1,1,3042,14.694,2.071,2.022,1.830,7.270
54,743,omega_elementwise_twin_r3_n4_fused_multiply_o0_o1__multiply_o2_o3__subtract_s0_s1_fused_multiply_o0_o3__multiply_o2_o1__add_s0_s1,512,1,7,776704,0,0,1,0,0,1,3226,14.694,2.071,2.022,1.830,7.270
55,785,omega_cached_attention_q1_h8_g2_d64_s3c800000_ln9223372036854775808_up0_x4_e1_k1_ds,65536,512,11,5506820,1056,0,1,0,1,1,44399,14.694,2.071,2.022,1.830,7.270
56,785,omega_cached_attention_q1_h8_g2_d64_s3c800000_ln9223372036854775808_up0_x4_e1_k1_ds_merge,16384,16,3,336384,0,0,1,0,1,1,4339,14.694,2.071,2.022,1.830,7.270
57,789,omega_reduce_r5_o2_n2_multiply_add_zero_epi2_fused_identity_o2__multiply_s0_o1__add_s1_o0,8192,128,6,345070308,0,0,1,0,1,1,7518,14.694,2.071,2.022,1.830,7.270
58,797,omega_reduce_r2_o1_n2_multiply_add_zero_epi4_fused_identity_o4__multiply_s0_o3__add_s1_o2__square_root_s2__reciprocal_s3__multiply_s4_o1__multiply_s5_o0,256,1,8,345749736,32,0,1,0,1,1,4446,14.694,2.071,2.022,1.830,7.270
59,799,omega_reduce_r3_o2_n2_multiply_add_zero,8192,32,4,516864,32,0,1,0,1,1,5548,14.694,2.071,2.022,1.830,7.270
60,805,omega_moe_topk_e32_k8_stacked,32,1,21,1650212,16,0,1,0,1,1,5071,14.694,2.071,2.022,1.830,7.270
61,922,omega_reduce_r4_o3_n2_multiply_add_zero_g10,32768,512,6,399256032,0,0,1,0,0,1,20643,14.694,2.071,2.022,1.830,7.270
62,930,omega_reduce_r4_o3_n2_multiply_add_zero_epi3_fused_identity_o3__negate_o2__exponential_s1__add_s2_o1__reciprocal_s3__multiply_s4_o0__multiply_s0_s5_g10,32768,512,9,381799652,0,0,1,0,1,1,20792,14.694,2.071,2.022,1.830,7.270
63,932,omega_reduce_r4_o3_n2_multiply_add_zero_g10,65536,1024,6,363588064,0,0,1,0,1,1,29411,14.694,2.071,2.022,1.830,7.270
64,945,omega_reduce_r3_o2_n2_multiply_add_zero_epi10_fused_identity_o10__add_o8_o9__add_s1_o7__add_s2_o6__add_s3_o5__add_s4_o4__add_s5_o3__add_s6_o2__reciprocal_s7__multiply_s0_s8__multiply_s9_o1__add_s10_o0,32768,1024,14,1822724,0,0,1,0,1,1,9238,14.694,2.071,2.022,1.830,7.270
65,966,omega_reduce_r2_o1_n2_multiply_add_zero_epi4_fused_identity_o4__multiply_s0_o3__add_s1_o2__square_root_s2__reciprocal_s3__multiply_s4_o1__multiply_s5_o0,256,1,8,288861416,32,0,1,0,1,1,4446,14.694,2.071,2.022,1.830,7.270
66,972,omega_reduce_r4_o3_n2_multiply_add_zero,4096,64,4,285764064,0,0,1,0,1,1,5589,14.694,2.071,2.022,1.830,7.270
67,968,omega_reduce_r4_o3_n2_multiply_add_zero,8192,128,4,286874336,0,0,0,0,0,1,6595,14.694,2.071,2.022,1.830,7.270
68,970,omega_reduce_r4_o3_n2_multiply_add_zero,4096,64,4,288541152,0,0,0,0,0,1,5589,14.694,2.071,2.022,1.830,7.270
69,984,omega_elementwise_twin_r3_n4_fused_multiply_o0_o1__multiply_o2_o3__add_s0_s1_fused_multiply_o0_o3__multiply_o2_o1__subtract_s0_s1,256,1,7,585984,0,0,1,0,1,1,3042,14.694,2.071,2.022,1.830,7.270
70,975,omega_elementwise_twin_r3_n4_fused_multiply_o0_o1__multiply_o2_o3__subtract_s0_s1_fused_multiply_o0_o3__multiply_o2_o1__add_s0_s1,512,1,7,776704,0,0,1,0,0,1,3226,14.694,2.071,2.022,1.830,7.270
71,1017,omega_cached_attention_q1_h8_g2_d64_s3c800000_ln9223372036854775808_up0_x4_e1_k1_ds,65536,512,11,5506820,1056,0,1,0,1,1,44399,14.694,2.071,2.022,1.830,7.270
72,1017,omega_cached_attention_q1_h8_g2_d64_s3c800000_ln9223372036854775808_up0_x4_e1_k1_ds_merge,16384,16,3,336384,0,0,1,0,1,1,4339,14.694,2.071,2.022,1.830,7.270
73,1021,omega_reduce_r5_o2_n2_multiply_add_zero_epi2_fused_identity_o2__multiply_s0_o1__add_s1_o0,8192,128,6,288111332,0,0,1,0,1,1,7518,14.694,2.071,2.022,1.830,7.270
74,1029,omega_reduce_r2_o1_n2_multiply_add_zero_epi4_fused_identity_o4__multiply_s0_o3__add_s1_o2__square_root_s2__reciprocal_s3__multiply_s4_o1__multiply_s5_o0,256,1,8,288790760,32,0,1,0,1,1,4446,14.694,2.071,2.022,1.830,7.270
75,1031,omega_reduce_r3_o2_n2_multiply_add_zero,8192,32,4,516864,32,0,1,0,1,1,5548,14.694,2.071,2.022,1.830,7.270
76,1037,omega_moe_topk_e32_k8_stacked,32,1,21,1650212,16,0,1,0,1,1,5071,14.694,2.071,2.022,1.830,7.270
77,1154,omega_reduce_r4_o3_n2_multiply_add_zero_g10,32768,512,6,342297056,0,0,1,0,0,1,20643,14.694,2.071,2.022,1.830,7.270
78,1162,omega_reduce_r4_o3_n2_multiply_add_zero_epi3_fused_identity_o3__negate_o2__exponential_s1__add_s2_o1__reciprocal_s3__multiply_s4_o0__multiply_s0_s5_g10,32768,512,9,324840676,0,0,1,0,1,1,20792,14.694,2.071,2.022,1.830,7.270
79,1164,omega_reduce_r4_o3_n2_multiply_add_zero_g10,65536,1024,6,306629088,0,0,1,0,1,1,29411,14.694,2.071,2.022,1.830,7.270
80,1177,omega_reduce_r3_o2_n2_multiply_add_zero_epi10_fused_identity_o10__add_o8_o9__add_s1_o7__add_s2_o6__add_s3_o5__add_s4_o4__add_s5_o3__add_s6_o2__reciprocal_s7__multiply_s0_s8__multiply_s9_o1__add_s10_o0,32768,1024,14,1822724,0,0,1,0,1,1,9238,14.694,2.071,2.022,1.830,7.270
81,1198,omega_reduce_r2_o1_n2_multiply_add_zero_epi4_fused_identity_o4__multiply_s0_o3__add_s1_o2__square_root_s2__reciprocal_s3__multiply_s4_o1__multiply_s5_o0,256,1,8,231902440,32,0,1,0,1,1,4446,14.694,2.071,2.022,1.830,7.270
82,1204,omega_reduce_r4_o3_n2_multiply_add_zero,4096,64,4,228805088,0,0,1,0,1,1,5589,14.694,2.071,2.022,1.830,7.270
83,1200,omega_reduce_r4_o3_n2_multiply_add_zero,8192,128,4,229915360,0,0,0,0,0,1,6595,14.694,2.071,2.022,1.830,7.270
84,1202,omega_reduce_r4_o3_n2_multiply_add_zero,4096,64,4,231582176,0,0,0,0,0,1,5589,14.694,2.071,2.022,1.830,7.270
85,1216,omega_elementwise_twin_r3_n4_fused_multiply_o0_o1__multiply_o2_o3__add_s0_s1_fused_multiply_o0_o3__multiply_o2_o1__subtract_s0_s1,256,1,7,585984,0,0,1,0,1,1,3042,14.694,2.071,2.022,1.830,7.270
86,1207,omega_elementwise_twin_r3_n4_fused_multiply_o0_o1__multiply_o2_o3__subtract_s0_s1_fused_multiply_o0_o3__multiply_o2_o1__add_s0_s1,512,1,7,776704,0,0,1,0,0,1,3226,14.694,2.071,2.022,1.830,7.270
87,1249,omega_cached_attention_q1_h8_g2_d64_s3c800000_ln9223372036854775808_up0_x4_e1_k1_ds,65536,512,11,5506820,1056,0,1,0,1,1,44399,14.694,2.071,2.022,1.830,7.270
88,1249,omega_cached_attention_q1_h8_g2_d64_s3c800000_ln9223372036854775808_up0_x4_e1_k1_ds_merge,16384,16,3,336384,0,0,1,0,1,1,4339,14.694,2.071,2.022,1.830,7.270
89,1253,omega_reduce_r5_o2_n2_multiply_add_zero_epi2_fused_identity_o2__multiply_s0_o1__add_s1_o0,8192,128,6,231152356,0,0,1,0,1,1,7518,14.694,2.071,2.022,1.830,7.270
90,1261,omega_reduce_r2_o1_n2_multiply_add_zero_epi4_fused_identity_o4__multiply_s0_o3__add_s1_o2__square_root_s2__reciprocal_s3__multiply_s4_o1__multiply_s5_o0,256,1,8,231831784,32,0,1,0,1,1,4446,14.694,2.071,2.022,1.830,7.270
91,1263,omega_reduce_r3_o2_n2_multiply_add_zero,8192,32,4,516864,32,0,1,0,1,1,5548,14.694,2.071,2.022,1.830,7.270
92,1269,omega_moe_topk_e32_k8_stacked,32,1,21,1650212,16,0,1,0,1,1,5071,14.694,2.071,2.022,1.830,7.270
93,1386,omega_reduce_r4_o3_n2_multiply_add_zero_g10,32768,512,6,285338080,0,0,1,0,0,1,20643,14.694,2.071,2.022,1.830,7.270
94,1394,omega_reduce_r4_o3_n2_multiply_add_zero_epi3_fused_identity_o3__negate_o2__exponential_s1__add_s2_o1__reciprocal_s3__multiply_s4_o0__multiply_s0_s5_g10,32768,512,9,267881700,0,0,1,0,1,1,20792,14.694,2.071,2.022,1.830,7.270
95,1396,omega_reduce_r4_o3_n2_multiply_add_zero_g10,65536,1024,6,249670112,0,0,1,0,1,1,29411,14.694,2.071,2.022,1.830,7.270
96,1409,omega_reduce_r3_o2_n2_multiply_add_zero_epi10_fused_identity_o10__add_o8_o9__add_s1_o7__add_s2_o6__add_s3_o5__add_s4_o4__add_s5_o3__add_s6_o2__reciprocal_s7__multiply_s0_s8__multiply_s9_o1__add_s10_o0,32768,1024,14,1822724,0,0,1,0,1,1,9238,14.694,2.071,2.022,1.830,7.270
97,1430,omega_reduce_r2_o1_n2_multiply_add_zero_epi4_fused_identity_o4__multiply_s0_o3__add_s1_o2__square_root_s2__reciprocal_s3__multiply_s4_o1__multiply_s5_o0,256,1,8,174943464,32,0,1,0,1,1,4446,14.694,2.071,2.022,1.830,7.270
98,1436,omega_reduce_r4_o3_n2_multiply_add_zero,4096,64,4,171846112,0,0,1,0,1,1,5589,14.694,2.071,2.022,1.830,7.270
99,1432,omega_reduce_r4_o3_n2_multiply_add_zero,8192,128,4,172956384,0,0,0,0,0,1,6595,14.694,2.071,2.022,1.830,7.270
100,1434,omega_reduce_r4_o3_n2_multiply_add_zero,4096,64,4,174623200,0,0,0,0,0,1,5589,14.694,2.071,2.022,1.830,7.270
101,1448,omega_elementwise_twin_r3_n4_fused_multiply_o0_o1__multiply_o2_o3__add_s0_s1_fused_multiply_o0_o3__multiply_o2_o1__subtract_s0_s1,256,1,7,585984,0,0,1,0,1,1,3042,14.694,2.071,2.022,1.830,7.270
102,1439,omega_elementwise_twin_r3_n4_fused_multiply_o0_o1__multiply_o2_o3__subtract_s0_s1_fused_multiply_o0_o3__multiply_o2_o1__add_s0_s1,512,1,7,776704,0,0,1,0,0,1,3226,14.694,2.071,2.022,1.830,7.270
103,1481,omega_cached_attention_q1_h8_g2_d64_s3c800000_ln9223372036854775808_up0_x4_e1_k1_ds,65536,512,11,5506820,1056,0,1,0,1,1,44399,14.694,2.071,2.022,1.830,7.270
104,1481,omega_cached_attention_q1_h8_g2_d64_s3c800000_ln9223372036854775808_up0_x4_e1_k1_ds_merge,16384,16,3,336384,0,0,1,0,1,1,4339,14.694,2.071,2.022,1.830,7.270
105,1485,omega_reduce_r5_o2_n2_multiply_add_zero_epi2_fused_identity_o2__multiply_s0_o1__add_s1_o0,8192,128,6,174193380,0,0,1,0,1,1,7518,14.694,2.071,2.022,1.830,7.270
106,1493,omega_reduce_r2_o1_n2_multiply_add_zero_epi4_fused_identity_o4__multiply_s0_o3__add_s1_o2__square_root_s2__reciprocal_s3__multiply_s4_o1__multiply_s5_o0,256,1,8,174872808,32,0,1,0,1,1,4446,14.694,2.071,2.022,1.830,7.270
107,1495,omega_reduce_r3_o2_n2_multiply_add_zero,8192,32,4,516864,32,0,1,0,1,1,5548,14.694,2.071,2.022,1.830,7.270
108,1501,omega_moe_topk_e32_k8_stacked,32,1,21,1650212,16,0,1,0,1,1,5071,14.694,2.071,2.022,1.830,7.270
109,1618,omega_reduce_r4_o3_n2_multiply_add_zero_g10,32768,512,6,228379104,0,0,1,0,0,1,20643,14.694,2.071,2.022,1.830,7.270
110,1626,omega_reduce_r4_o3_n2_multiply_add_zero_epi3_fused_identity_o3__negate_o2__exponential_s1__add_s2_o1__reciprocal_s3__multiply_s4_o0__multiply_s0_s5_g10,32768,512,9,210922724,0,0,1,0,1,1,20792,14.694,2.071,2.022,1.830,7.270
111,1628,omega_reduce_r4_o3_n2_multiply_add_zero_g10,65536,1024,6,192711136,0,0,1,0,1,1,29411,14.694,2.071,2.022,1.830,7.270
112,1641,omega_reduce_r3_o2_n2_multiply_add_zero_epi10_fused_identity_o10__add_o8_o9__add_s1_o7__add_s2_o6__add_s3_o5__add_s4_o4__add_s5_o3__add_s6_o2__reciprocal_s7__multiply_s0_s8__multiply_s9_o1__add_s10_o0,32768,1024,14,1822724,0,0,1,0,1,1,9238,14.694,2.071,2.022,1.830,7.270
113,1662,omega_reduce_r2_o1_n2_multiply_add_zero_epi4_fused_identity_o4__multiply_s0_o3__add_s1_o2__square_root_s2__reciprocal_s3__multiply_s4_o1__multiply_s5_o0,256,1,8,117984488,32,0,1,0,1,1,4446,14.694,2.071,2.022,1.830,7.270
114,1668,omega_reduce_r4_o3_n2_multiply_add_zero,4096,64,4,114887136,0,0,1,0,1,1,5589,14.694,2.071,2.022,1.830,7.270
115,1664,omega_reduce_r4_o3_n2_multiply_add_zero,8192,128,4,115997408,0,0,0,0,0,1,6595,14.694,2.071,2.022,1.830,7.270
116,1666,omega_reduce_r4_o3_n2_multiply_add_zero,4096,64,4,117664224,0,0,0,0,0,1,5589,14.694,2.071,2.022,1.830,7.270
117,1680,omega_elementwise_twin_r3_n4_fused_multiply_o0_o1__multiply_o2_o3__add_s0_s1_fused_multiply_o0_o3__multiply_o2_o1__subtract_s0_s1,256,1,7,585984,0,0,1,0,1,1,3042,14.694,2.071,2.022,1.830,7.270
118,1671,omega_elementwise_twin_r3_n4_fused_multiply_o0_o1__multiply_o2_o3__subtract_s0_s1_fused_multiply_o0_o3__multiply_o2_o1__add_s0_s1,512,1,7,776704,0,0,1,0,0,1,3226,14.694,2.071,2.022,1.830,7.270
119,1713,omega_cached_attention_q1_h8_g2_d64_s3c800000_ln9223372036854775808_up0_x4_e1_k1_ds,65536,512,11,5506820,1056,0,1,0,1,1,44399,14.694,2.071,2.022,1.830,7.270
120,1713,omega_cached_attention_q1_h8_g2_d64_s3c800000_ln9223372036854775808_up0_x4_e1_k1_ds_merge,16384,16,3,336384,0,0,1,0,1,1,4339,14.694,2.071,2.022,1.830,7.270
121,1717,omega_reduce_r5_o2_n2_multiply_add_zero_epi2_fused_identity_o2__multiply_s0_o1__add_s1_o0,8192,128,6,117234404,0,0,1,0,1,1,7518,14.694,2.071,2.022,1.830,7.270
122,1725,omega_reduce_r2_o1_n2_multiply_add_zero_epi4_fused_identity_o4__multiply_s0_o3__add_s1_o2__square_root_s2__reciprocal_s3__multiply_s4_o1__multiply_s5_o0,256,1,8,117913832,32,0,1,0,1,1,4446,14.694,2.071,2.022,1.830,7.270
123,1727,omega_reduce_r3_o2_n2_multiply_add_zero,8192,32,4,516864,32,0,1,0,1,1,5548,14.694,2.071,2.022,1.830,7.270
124,1733,omega_moe_topk_e32_k8_stacked,32,1,21,1650212,16,0,1,0,1,1,5071,14.694,2.071,2.022,1.830,7.270
125,1850,omega_reduce_r4_o3_n2_multiply_add_zero_g10,32768,512,6,171420128,0,0,1,0,0,1,20643,14.694,2.071,2.022,1.830,7.270
126,1858,omega_reduce_r4_o3_n2_multiply_add_zero_epi3_fused_identity_o3__negate_o2__exponential_s1__add_s2_o1__reciprocal_s3__multiply_s4_o0__multiply_s0_s5_g10,32768,512,9,153963748,0,0,1,0,1,1,20792,14.694,2.071,2.022,1.830,7.270
127,1860,omega_reduce_r4_o3_n2_multiply_add_zero_g10,65536,1024,6,135752160,0,0,1,0,1,1,29411,14.694,2.071,2.022,1.830,7.270
128,1873,omega_reduce_r3_o2_n2_multiply_add_zero_epi10_fused_identity_o10__add_o8_o9__add_s1_o7__add_s2_o6__add_s3_o5__add_s4_o4__add_s5_o3__add_s6_o2__reciprocal_s7__multiply_s0_s8__multiply_s9_o1__add_s10_o0,32768,1024,14,1822724,0,0,1,0,1,1,9238,14.694,2.071,2.022,1.830,7.270
129,1894,omega_reduce_r2_o1_n2_multiply_add_zero_epi4_fused_identity_o4__multiply_s0_o3__add_s1_o2__square_root_s2__reciprocal_s3__multiply_s4_o1__multiply_s5_o0,256,1,8,61025512,32,0,1,0,1,1,4446,14.694,2.071,2.022,1.830,7.270
130,1900,omega_reduce_r4_o3_n2_multiply_add_zero,4096,64,4,57928160,0,0,1,0,1,1,5589,14.694,2.071,2.022,1.830,7.270
131,1896,omega_reduce_r4_o3_n2_multiply_add_zero,8192,128,4,59038432,0,0,0,0,0,1,6595,14.694,2.071,2.022,1.830,7.270
132,1898,omega_reduce_r4_o3_n2_multiply_add_zero,4096,64,4,60705248,0,0,0,0,0,1,5589,14.694,2.071,2.022,1.830,7.270
133,1912,omega_elementwise_twin_r3_n4_fused_multiply_o0_o1__multiply_o2_o3__add_s0_s1_fused_multiply_o0_o3__multiply_o2_o1__subtract_s0_s1,256,1,7,585984,0,0,1,0,1,1,3042,14.694,2.071,2.022,1.830,7.270
134,1903,omega_elementwise_twin_r3_n4_fused_multiply_o0_o1__multiply_o2_o3__subtract_s0_s1_fused_multiply_o0_o3__multiply_o2_o1__add_s0_s1,512,1,7,776704,0,0,1,0,0,1,3226,14.694,2.071,2.022,1.830,7.270
135,1945,omega_cached_attention_q1_h8_g2_d64_s3c800000_ln9223372036854775808_up0_x4_e1_k1_ds,65536,512,11,5506820,1056,0,1,0,1,1,44399,14.694,2.071,2.022,1.830,7.270
136,1945,omega_cached_attention_q1_h8_g2_d64_s3c800000_ln9223372036854775808_up0_x4_e1_k1_ds_merge,16384,16,3,336384,0,0,1,0,1,1,4339,14.694,2.071,2.022,1.830,7.270
137,1949,omega_reduce_r5_o2_n2_multiply_add_zero_epi2_fused_identity_o2__multiply_s0_o1__add_s1_o0,8192,128,6,60275428,0,0,1,0,1,1,7518,14.694,2.071,2.022,1.830,7.270
138,1957,omega_reduce_r2_o1_n2_multiply_add_zero_epi4_fused_identity_o4__multiply_s0_o3__add_s1_o2__square_root_s2__reciprocal_s3__multiply_s4_o1__multiply_s5_o0,256,1,8,60954856,32,0,1,0,1,1,4446,14.694,2.071,2.022,1.830,7.270
139,1959,omega_reduce_r3_o2_n2_multiply_add_zero,8192,32,4,516864,32,0,1,0,1,1,5548,14.694,2.071,2.022,1.830,7.270
140,1965,omega_moe_topk_e32_k8_stacked,32,1,21,1650212,16,0,1,0,1,1,5071,14.694,2.071,2.022,1.830,7.270
141,2082,omega_reduce_r4_o3_n2_multiply_add_zero_g10,32768,512,6,114461152,0,0,1,0,0,1,20643,14.694,2.071,2.022,1.830,7.270
142,2090,omega_reduce_r4_o3_n2_multiply_add_zero_epi3_fused_identity_o3__negate_o2__exponential_s1__add_s2_o1__reciprocal_s3__multiply_s4_o0__multiply_s0_s5_g10,32768,512,9,97004772,0,0,1,0,1,1,20792,14.694,2.071,2.022,1.830,7.270
143,2092,omega_reduce_r4_o3_n2_multiply_add_zero_g10,65536,1024,6,78793184,0,0,1,0,1,1,29411,14.694,2.071,2.022,1.830,7.270
144,2105,omega_reduce_r3_o2_n2_multiply_add_zero_epi10_fused_identity_o10__add_o8_o9__add_s1_o7__add_s2_o6__add_s3_o5__add_s4_o4__add_s5_o3__add_s6_o2__reciprocal_s7__multiply_s0_s8__multiply_s9_o1__add_s10_o0,32768,1024,14,1822724,0,0,1,0,1,1,9238,14.694,2.071,2.022,1.830,7.270
145,2126,omega_reduce_r2_o1_n2_multiply_add_zero_epi4_fused_identity_o4__multiply_s0_o3__add_s1_o2__square_root_s2__reciprocal_s3__multiply_s4_o1__multiply_s5_o0,256,1,8,4066536,32,0,1,0,1,1,4446,14.694,2.071,2.022,1.830,7.270
146,2132,omega_reduce_r4_o3_n2_multiply_add_zero,4096,64,4,969184,0,0,1,0,1,1,5589,14.694,2.071,2.022,1.830,7.270
147,2128,omega_reduce_r4_o3_n2_multiply_add_zero,8192,128,4,2079456,0,0,0,0,0,1,6595,14.694,2.071,2.022,1.830,7.270
148,2130,omega_reduce_r4_o3_n2_multiply_add_zero,4096,64,4,3746272,0,0,0,0,0,1,5589,14.694,2.071,2.022,1.830,7.270
149,2144,omega_elementwise_twin_r3_n4_fused_multiply_o0_o1__multiply_o2_o3__add_s0_s1_fused_multiply_o0_o3__multiply_o2_o1__subtract_s0_s1,256,1,7,585984,0,0,1,0,1,1,3042,14.694,2.071,2.022,1.830,7.270
150,2135,omega_elementwise_twin_r3_n4_fused_multiply_o0_o1__multiply_o2_o3__subtract_s0_s1_fused_multiply_o0_o3__multiply_o2_o1__add_s0_s1,512,1,7,776704,0,0,1,0,0,1,3226,14.694,2.071,2.022,1.830,7.270
151,2177,omega_cached_attention_q1_h8_g2_d64_s3c800000_ln9223372036854775808_up0_x4_e1_k1_ds,65536,512,11,5506820,1056,0,1,0,1,1,44399,14.694,2.071,2.022,1.830,7.270
152,2177,omega_cached_attention_q1_h8_g2_d64_s3c800000_ln9223372036854775808_up0_x4_e1_k1_ds_merge,16384,16,3,336384,0,0,1,0,1,1,4339,14.694,2.071,2.022,1.830,7.270
153,2181,omega_reduce_r5_o2_n2_multiply_add_zero_epi2_fused_identity_o2__multiply_s0_o1__add_s1_o0,8192,128,6,3316452,0,0,1,0,1,1,7518,14.694,2.071,2.022,1.830,7.270
154,2189,omega_reduce_r2_o1_n2_multiply_add_zero_epi4_fused_identity_o4__multiply_s0_o3__add_s1_o2__square_root_s2__reciprocal_s3__multiply_s4_o1__multiply_s5_o0,256,1,8,3995880,32,0,1,0,1,1,4446,14.694,2.071,2.022,1.830,7.270
155,2191,omega_reduce_r3_o2_n2_multiply_add_zero,8192,32,4,516864,32,0,1,0,1,1,5548,14.694,2.071,2.022,1.830,7.270
156,2197,omega_moe_topk_e32_k8_stacked,32,1,21,1650212,16,0,1,0,1,1,5071,14.694,2.071,2.022,1.830,7.270
157,2314,omega_reduce_r4_o3_n2_multiply_add_zero_g10,32768,512,6,57502176,0,0,1,0,0,1,20643,14.694,2.071,2.022,1.830,7.270
158,2322,omega_reduce_r4_o3_n2_multiply_add_zero_epi3_fused_identity_o3__negate_o2__exponential_s1__add_s2_o1__reciprocal_s3__multiply_s4_o0__multiply_s0_s5_g10,32768,512,9,40045796,0,0,1,0,1,1,20792,14.694,2.071,2.022,1.830,7.270
159,2324,omega_reduce_r4_o3_n2_multiply_add_zero_g10,65536,1024,6,21834208,0,0,1,0,1,1,29411,14.694,2.071,2.022,1.830,7.270
160,2337,omega_reduce_r3_o2_n2_multiply_add_zero_epi10_fused_identity_o10__add_o8_o9__add_s1_o7__add_s2_o6__add_s3_o5__add_s4_o4__add_s5_o3__add_s6_o2__reciprocal_s7__multiply_s0_s8__multiply_s9_o1__add_s10_o0,32768,1024,14,1822724,0,0,1,0,1,1,9238,14.694,2.071,2.022,1.830,7.270
161,2358,omega_reduce_r2_o1_n2_multiply_add_zero_epi4_fused_identity_o4__multiply_s0_o3__add_s1_o2__square_root_s2__reciprocal_s3__multiply_s4_o1__multiply_s5_o0,256,1,8,1200205032,32,0,1,0,1,1,4446,14.694,2.071,2.022,1.830,7.270
162,2364,omega_reduce_r4_o3_n2_multiply_add_zero,4096,64,4,1197107680,0,0,1,0,1,1,5589,14.694,2.071,2.022,1.830,7.270
163,2360,omega_reduce_r4_o3_n2_multiply_add_zero,8192,128,4,1198217952,0,0,0,0,0,1,6595,14.694,2.071,2.022,1.830,7.270
164,2362,omega_reduce_r4_o3_n2_multiply_add_zero,4096,64,4,1199884768,0,0,0,0,0,1,5589,14.694,2.071,2.022,1.830,7.270
165,2376,omega_elementwise_twin_r3_n4_fused_multiply_o0_o1__multiply_o2_o3__add_s0_s1_fused_multiply_o0_o3__multiply_o2_o1__subtract_s0_s1,256,1,7,585984,0,0,1,0,1,1,3042,14.694,2.071,2.022,1.830,7.270
166,2367,omega_elementwise_twin_r3_n4_fused_multiply_o0_o1__multiply_o2_o3__subtract_s0_s1_fused_multiply_o0_o3__multiply_o2_o1__add_s0_s1,512,1,7,776704,0,0,1,0,0,1,3226,14.694,2.071,2.022,1.830,7.270
167,2409,omega_cached_attention_q1_h8_g2_d64_s3c800000_ln9223372036854775808_up0_x4_e1_k1_ds,65536,512,11,5506820,1056,0,1,0,1,1,44399,14.694,2.071,2.022,1.830,7.270
168,2409,omega_cached_attention_q1_h8_g2_d64_s3c800000_ln9223372036854775808_up0_x4_e1_k1_ds_merge,16384,16,3,336384,0,0,1,0,1,1,4339,14.694,2.071,2.022,1.830,7.270
169,2413,omega_reduce_r5_o2_n2_multiply_add_zero_epi2_fused_identity_o2__multiply_s0_o1__add_s1_o0,8192,128,6,1199454948,0,0,1,0,1,1,7518,14.694,2.071,2.022,1.830,7.270
170,2421,omega_reduce_r2_o1_n2_multiply_add_zero_epi4_fused_identity_o4__multiply_s0_o3__add_s1_o2__square_root_s2__reciprocal_s3__multiply_s4_o1__multiply_s5_o0,256,1,8,1200134376,32,0,1,0,1,1,4446,14.694,2.071,2.022,1.830,7.270
171,2423,omega_reduce_r3_o2_n2_multiply_add_zero,8192,32,4,516864,32,0,1,0,1,1,5548,14.694,2.071,2.022,1.830,7.270
172,2429,omega_moe_topk_e32_k8_stacked,32,1,21,1650212,16,0,1,0,1,1,5071,14.694,2.071,2.022,1.830,7.270
173,2546,omega_reduce_r4_o3_n2_multiply_add_zero_g10,32768,512,6,1253640672,0,0,1,0,0,1,20643,14.694,2.071,2.022,1.830,7.270
174,2554,omega_reduce_r4_o3_n2_multiply_add_zero_epi3_fused_identity_o3__negate_o2__exponential_s1__add_s2_o1__reciprocal_s3__multiply_s4_o0__multiply_s0_s5_g10,32768,512,9,1236184292,0,0,1,0,1,1,20792,14.694,2.071,2.022,1.830,7.270
175,2556,omega_reduce_r4_o3_n2_multiply_add_zero_g10,65536,1024,6,1217972704,0,0,1,0,1,1,29411,14.694,2.071,2.022,1.830,7.270
176,2569,omega_reduce_r3_o2_n2_multiply_add_zero_epi10_fused_identity_o10__add_o8_o9__add_s1_o7__add_s2_o6__add_s3_o5__add_s4_o4__add_s5_o3__add_s6_o2__reciprocal_s7__multiply_s0_s8__multiply_s9_o1__add_s10_o0,32768,1024,14,1822724,0,0,1,0,1,1,9238,14.694,2.071,2.022,1.830,7.270
177,2590,omega_reduce_r2_o1_n2_multiply_add_zero_epi4_fused_identity_o4__multiply_s0_o3__add_s1_o2__square_root_s2__reciprocal_s3__multiply_s4_o1__multiply_s5_o0,256,1,8,1143246056,32,0,1,0,1,1,4446,14.694,2.071,2.022,1.830,7.270
178,2596,omega_reduce_r4_o3_n2_multiply_add_zero,4096,64,4,1140148704,0,0,1,0,1,1,5589,14.694,2.071,2.022,1.830,7.270
179,2592,omega_reduce_r4_o3_n2_multiply_add_zero,8192,128,4,1141258976,0,0,0,0,0,1,6595,14.694,2.071,2.022,1.830,7.270
180,2594,omega_reduce_r4_o3_n2_multiply_add_zero,4096,64,4,1142925792,0,0,0,0,0,1,5589,14.694,2.071,2.022,1.830,7.270
181,2608,omega_elementwise_twin_r3_n4_fused_multiply_o0_o1__multiply_o2_o3__add_s0_s1_fused_multiply_o0_o3__multiply_o2_o1__subtract_s0_s1,256,1,7,585984,0,0,1,0,1,1,3042,14.694,2.071,2.022,1.830,7.270
182,2599,omega_elementwise_twin_r3_n4_fused_multiply_o0_o1__multiply_o2_o3__subtract_s0_s1_fused_multiply_o0_o3__multiply_o2_o1__add_s0_s1,512,1,7,776704,0,0,1,0,0,1,3226,14.694,2.071,2.022,1.830,7.270
183,2641,omega_cached_attention_q1_h8_g2_d64_s3c800000_ln9223372036854775808_up0_x4_e1_k1_ds,65536,512,11,5506820,1056,0,1,0,1,1,44399,14.694,2.071,2.022,1.830,7.270
184,2641,omega_cached_attention_q1_h8_g2_d64_s3c800000_ln9223372036854775808_up0_x4_e1_k1_ds_merge,16384,16,3,336384,0,0,1,0,1,1,4339,14.694,2.071,2.022,1.830,7.270
185,2645,omega_reduce_r5_o2_n2_multiply_add_zero_epi2_fused_identity_o2__multiply_s0_o1__add_s1_o0,8192,128,6,1142495972,0,0,1,0,1,1,7518,14.694,2.071,2.022,1.830,7.270
186,2653,omega_reduce_r2_o1_n2_multiply_add_zero_epi4_fused_identity_o4__multiply_s0_o3__add_s1_o2__square_root_s2__reciprocal_s3__multiply_s4_o1__multiply_s5_o0,256,1,8,1143175400,32,0,1,0,1,1,4446,14.694,2.071,2.022,1.830,7.270
187,2655,omega_reduce_r3_o2_n2_multiply_add_zero,8192,32,4,516864,32,0,1,0,1,1,5548,14.694,2.071,2.022,1.830,7.270
188,2661,omega_moe_topk_e32_k8_stacked,32,1,21,1650212,16,0,1,0,1,1,5071,14.694,2.071,2.022,1.830,7.270
189,2778,omega_reduce_r4_o3_n2_multiply_add_zero_g10,32768,512,6,1196681696,0,0,1,0,0,1,20643,14.694,2.071,2.022,1.830,7.270
190,2786,omega_reduce_r4_o3_n2_multiply_add_zero_epi3_fused_identity_o3__negate_o2__exponential_s1__add_s2_o1__reciprocal_s3__multiply_s4_o0__multiply_s0_s5_g10,32768,512,9,1179225316,0,0,1,0,1,1,20792,14.694,2.071,2.022,1.830,7.270
191,2788,omega_reduce_r4_o3_n2_multiply_add_zero_g10,65536,1024,6,1161013728,0,0,1,0,1,1,29411,14.694,2.071,2.022,1.830,7.270
192,2801,omega_reduce_r3_o2_n2_multiply_add_zero_epi10_fused_identity_o10__add_o8_o9__add_s1_o7__add_s2_o6__add_s3_o5__add_s4_o4__add_s5_o3__add_s6_o2__reciprocal_s7__multiply_s0_s8__multiply_s9_o1__add_s10_o0,32768,1024,14,1822724,0,0,1,0,1,1,9238,14.694,2.071,2.022,1.830,7.270
193,2822,omega_reduce_r2_o1_n2_multiply_add_zero_epi4_fused_identity_o4__multiply_s0_o3__add_s1_o2__square_root_s2__reciprocal_s3__multiply_s4_o1__multiply_s5_o0,256,1,8,1086287080,32,0,1,0,1,1,4446,14.694,2.071,2.022,1.830,7.270
194,2828,omega_reduce_r4_o3_n2_multiply_add_zero,4096,64,4,1083189728,0,0,1,0,1,1,5589,14.694,2.071,2.022,1.830,7.270
195,2824,omega_reduce_r4_o3_n2_multiply_add_zero,8192,128,4,1084300000,0,0,0,0,0,1,6595,14.694,2.071,2.022,1.830,7.270
196,2826,omega_reduce_r4_o3_n2_multiply_add_zero,4096,64,4,1085966816,0,0,0,0,0,1,5589,14.694,2.071,2.022,1.830,7.270
197,2840,omega_elementwise_twin_r3_n4_fused_multiply_o0_o1__multiply_o2_o3__add_s0_s1_fused_multiply_o0_o3__multiply_o2_o1__subtract_s0_s1,256,1,7,585984,0,0,1,0,1,1,3042,14.694,2.071,2.022,1.830,7.270
198,2831,omega_elementwise_twin_r3_n4_fused_multiply_o0_o1__multiply_o2_o3__subtract_s0_s1_fused_multiply_o0_o3__multiply_o2_o1__add_s0_s1,512,1,7,776704,0,0,1,0,0,1,3226,14.694,2.071,2.022,1.830,7.270
199,2873,omega_cached_attention_q1_h8_g2_d64_s3c800000_ln9223372036854775808_up0_x4_e1_k1_ds,65536,512,11,5506820,1056,0,1,0,1,1,44399,14.694,2.071,2.022,1.830,7.270
200,2873,omega_cached_attention_q1_h8_g2_d64_s3c800000_ln9223372036854775808_up0_x4_e1_k1_ds_merge,16384,16,3,336384,0,0,1,0,1,1,4339,14.694,2.071,2.022,1.830,7.270
201,2877,omega_reduce_r5_o2_n2_multiply_add_zero_epi2_fused_identity_o2__multiply_s0_o1__add_s1_o0,8192,128,6,1085536996,0,0,1,0,1,1,7518,14.694,2.071,2.022,1.830,7.270
202,2885,omega_reduce_r2_o1_n2_multiply_add_zero_epi4_fused_identity_o4__multiply_s0_o3__add_s1_o2__square_root_s2__reciprocal_s3__multiply_s4_o1__multiply_s5_o0,256,1,8,1086216424,32,0,1,0,1,1,4446,14.694,2.071,2.022,1.830,7.270
203,2887,omega_reduce_r3_o2_n2_multiply_add_zero,8192,32,4,516864,32,0,1,0,1,1,5548,14.694,2.071,2.022,1.830,7.270
204,2893,omega_moe_topk_e32_k8_stacked,32,1,21,1650212,16,0,1,0,1,1,5071,14.694,2.071,2.022,1.830,7.270
205,3010,omega_reduce_r4_o3_n2_multiply_add_zero_g10,32768,512,6,1139722720,0,0,1,0,0,1,20643,14.694,2.071,2.022,1.830,7.270
206,3018,omega_reduce_r4_o3_n2_multiply_add_zero_epi3_fused_identity_o3__negate_o2__exponential_s1__add_s2_o1__reciprocal_s3__multiply_s4_o0__multiply_s0_s5_g10,32768,512,9,1122266340,0,0,1,0,1,1,20792,14.694,2.071,2.022,1.830,7.270
207,3020,omega_reduce_r4_o3_n2_multiply_add_zero_g10,65536,1024,6,1104054752,0,0,1,0,1,1,29411,14.694,2.071,2.022,1.830,7.270
208,3033,omega_reduce_r3_o2_n2_multiply_add_zero_epi10_fused_identity_o10__add_o8_o9__add_s1_o7__add_s2_o6__add_s3_o5__add_s4_o4__add_s5_o3__add_s6_o2__reciprocal_s7__multiply_s0_s8__multiply_s9_o1__add_s10_o0,32768,1024,14,1822724,0,0,1,0,1,1,9238,14.694,2.071,2.022,1.830,7.270
209,3054,omega_reduce_r2_o1_n2_multiply_add_zero_epi4_fused_identity_o4__multiply_s0_o3__add_s1_o2__square_root_s2__reciprocal_s3__multiply_s4_o1__multiply_s5_o0,256,1,8,1029328104,32,0,1,0,1,1,4446,14.694,2.071,2.022,1.830,7.270
210,3060,omega_reduce_r4_o3_n2_multiply_add_zero,4096,64,4,1026230752,0,0,1,0,1,1,5589,14.694,2.071,2.022,1.830,7.270
211,3056,omega_reduce_r4_o3_n2_multiply_add_zero,8192,128,4,1027341024,0,0,0,0,0,1,6595,14.694,2.071,2.022,1.830,7.270
212,3058,omega_reduce_r4_o3_n2_multiply_add_zero,4096,64,4,1029007840,0,0,0,0,0,1,5589,14.694,2.071,2.022,1.830,7.270
213,3072,omega_elementwise_twin_r3_n4_fused_multiply_o0_o1__multiply_o2_o3__add_s0_s1_fused_multiply_o0_o3__multiply_o2_o1__subtract_s0_s1,256,1,7,585984,0,0,1,0,1,1,3042,14.694,2.071,2.022,1.830,7.270
214,3063,omega_elementwise_twin_r3_n4_fused_multiply_o0_o1__multiply_o2_o3__subtract_s0_s1_fused_multiply_o0_o3__multiply_o2_o1__add_s0_s1,512,1,7,776704,0,0,1,0,0,1,3226,14.694,2.071,2.022,1.830,7.270
215,3105,omega_cached_attention_q1_h8_g2_d64_s3c800000_ln9223372036854775808_up0_x4_e1_k1_ds,65536,512,11,5506820,1056,0,1,0,1,1,44399,14.694,2.071,2.022,1.830,7.270
216,3105,omega_cached_attention_q1_h8_g2_d64_s3c800000_ln9223372036854775808_up0_x4_e1_k1_ds_merge,16384,16,3,336384,0,0,1,0,1,1,4339,14.694,2.071,2.022,1.830,7.270
217,3109,omega_reduce_r5_o2_n2_multiply_add_zero_epi2_fused_identity_o2__multiply_s0_o1__add_s1_o0,8192,128,6,1028578020,0,0,1,0,1,1,7518,14.694,2.071,2.022,1.830,7.270
218,3117,omega_reduce_r2_o1_n2_multiply_add_zero_epi4_fused_identity_o4__multiply_s0_o3__add_s1_o2__square_root_s2__reciprocal_s3__multiply_s4_o1__multiply_s5_o0,256,1,8,1029257448,32,0,1,0,1,1,4446,14.694,2.071,2.022,1.830,7.270
219,3119,omega_reduce_r3_o2_n2_multiply_add_zero,8192,32,4,516864,32,0,1,0,1,1,5548,14.694,2.071,2.022,1.830,7.270
220,3125,omega_moe_topk_e32_k8_stacked,32,1,21,1650212,16,0,1,0,1,1,5071,14.694,2.071,2.022,1.830,7.270
221,3242,omega_reduce_r4_o3_n2_multiply_add_zero_g10,32768,512,6,1082763744,0,0,1,0,0,1,20643,14.694,2.071,2.022,1.830,7.270
222,3250,omega_reduce_r4_o3_n2_multiply_add_zero_epi3_fused_identity_o3__negate_o2__exponential_s1__add_s2_o1__reciprocal_s3__multiply_s4_o0__multiply_s0_s5_g10,32768,512,9,1065307364,0,0,1,0,1,1,20792,14.694,2.071,2.022,1.830,7.270
223,3252,omega_reduce_r4_o3_n2_multiply_add_zero_g10,65536,1024,6,1047095776,0,0,1,0,1,1,29411,14.694,2.071,2.022,1.830,7.270
224,3265,omega_reduce_r3_o2_n2_multiply_add_zero_epi10_fused_identity_o10__add_o8_o9__add_s1_o7__add_s2_o6__add_s3_o5__add_s4_o4__add_s5_o3__add_s6_o2__reciprocal_s7__multiply_s0_s8__multiply_s9_o1__add_s10_o0,32768,1024,14,1822724,0,0,1,0,1,1,9238,14.694,2.071,2.022,1.830,7.270
225,3286,omega_reduce_r2_o1_n2_multiply_add_zero_epi4_fused_identity_o4__multiply_s0_o3__add_s1_o2__square_root_s2__reciprocal_s3__multiply_s4_o1__multiply_s5_o0,256,1,8,972369128,32,0,1,0,1,1,4446,14.694,2.071,2.022,1.830,7.270
226,3292,omega_reduce_r4_o3_n2_multiply_add_zero,4096,64,4,969271776,0,0,1,0,1,1,5589,14.694,2.071,2.022,1.830,7.270
227,3288,omega_reduce_r4_o3_n2_multiply_add_zero,8192,128,4,970382048,0,0,0,0,0,1,6595,14.694,2.071,2.022,1.830,7.270
228,3290,omega_reduce_r4_o3_n2_multiply_add_zero,4096,64,4,972048864,0,0,0,0,0,1,5589,14.694,2.071,2.022,1.830,7.270
229,3304,omega_elementwise_twin_r3_n4_fused_multiply_o0_o1__multiply_o2_o3__add_s0_s1_fused_multiply_o0_o3__multiply_o2_o1__subtract_s0_s1,256,1,7,585984,0,0,1,0,1,1,3042,14.694,2.071,2.022,1.830,7.270
230,3295,omega_elementwise_twin_r3_n4_fused_multiply_o0_o1__multiply_o2_o3__subtract_s0_s1_fused_multiply_o0_o3__multiply_o2_o1__add_s0_s1,512,1,7,776704,0,0,1,0,0,1,3226,14.694,2.071,2.022,1.830,7.270
231,3337,omega_cached_attention_q1_h8_g2_d64_s3c800000_ln9223372036854775808_up0_x4_e1_k1_ds,65536,512,11,5506820,1056,0,1,0,1,1,44399,14.694,2.071,2.022,1.830,7.270
232,3337,omega_cached_attention_q1_h8_g2_d64_s3c800000_ln9223372036854775808_up0_x4_e1_k1_ds_merge,16384,16,3,336384,0,0,1,0,1,1,4339,14.694,2.071,2.022,1.830,7.270
233,3341,omega_reduce_r5_o2_n2_multiply_add_zero_epi2_fused_identity_o2__multiply_s0_o1__add_s1_o0,8192,128,6,971619044,0,0,1,0,1,1,7518,14.694,2.071,2.022,1.830,7.270
234,3349,omega_reduce_r2_o1_n2_multiply_add_zero_epi4_fused_identity_o4__multiply_s0_o3__add_s1_o2__square_root_s2__reciprocal_s3__multiply_s4_o1__multiply_s5_o0,256,1,8,972298472,32,0,1,0,1,1,4446,14.694,2.071,2.022,1.830,7.270
235,3351,omega_reduce_r3_o2_n2_multiply_add_zero,8192,32,4,516864,32,0,1,0,1,1,5548,14.694,2.071,2.022,1.830,7.270
236,3357,omega_moe_topk_e32_k8_stacked,32,1,21,1650212,16,0,1,0,1,1,5071,14.694,2.071,2.022,1.830,7.270
237,3474,omega_reduce_r4_o3_n2_multiply_add_zero_g10,32768,512,6,1025804768,0,0,1,0,0,1,20643,14.694,2.071,2.022,1.830,7.270
238,3482,omega_reduce_r4_o3_n2_multiply_add_zero_epi3_fused_identity_o3__negate_o2__exponential_s1__add_s2_o1__reciprocal_s3__multiply_s4_o0__multiply_s0_s5_g10,32768,512,9,1008348388,0,0,1,0,1,1,20792,14.694,2.071,2.022,1.830,7.270
239,3484,omega_reduce_r4_o3_n2_multiply_add_zero_g10,65536,1024,6,990136800,0,0,1,0,1,1,29411,14.694,2.071,2.022,1.830,7.270
240,3497,omega_reduce_r3_o2_n2_multiply_add_zero_epi10_fused_identity_o10__add_o8_o9__add_s1_o7__add_s2_o6__add_s3_o5__add_s4_o4__add_s5_o3__add_s6_o2__reciprocal_s7__multiply_s0_s8__multiply_s9_o1__add_s10_o0,32768,1024,14,1822724,0,0,1,0,1,1,9238,14.694,2.071,2.022,1.830,7.270
241,3518,omega_reduce_r2_o1_n2_multiply_add_zero_epi4_fused_identity_o4__multiply_s0_o3__add_s1_o2__square_root_s2__reciprocal_s3__multiply_s4_o1__multiply_s5_o0,256,1,8,915410152,32,0,1,0,1,1,4446,14.694,2.071,2.022,1.830,7.270
242,3524,omega_reduce_r4_o3_n2_multiply_add_zero,4096,64,4,912312800,0,0,1,0,1,1,5589,14.694,2.071,2.022,1.830,7.270
243,3520,omega_reduce_r4_o3_n2_multiply_add_zero,8192,128,4,913423072,0,0,0,0,0,1,6595,14.694,2.071,2.022,1.830,7.270
244,3522,omega_reduce_r4_o3_n2_multiply_add_zero,4096,64,4,915089888,0,0,0,0,0,1,5589,14.694,2.071,2.022,1.830,7.270
245,3536,omega_elementwise_twin_r3_n4_fused_multiply_o0_o1__multiply_o2_o3__add_s0_s1_fused_multiply_o0_o3__multiply_o2_o1__subtract_s0_s1,256,1,7,585984,0,0,1,0,1,1,3042,14.694,2.071,2.022,1.830,7.270
246,3527,omega_elementwise_twin_r3_n4_fused_multiply_o0_o1__multiply_o2_o3__subtract_s0_s1_fused_multiply_o0_o3__multiply_o2_o1__add_s0_s1,512,1,7,776704,0,0,1,0,0,1,3226,14.694,2.071,2.022,1.830,7.270
247,3569,omega_cached_attention_q1_h8_g2_d64_s3c800000_ln9223372036854775808_up0_x4_e1_k1_ds,65536,512,11,5506820,1056,0,1,0,1,1,44399,14.694,2.071,2.022,1.830,7.270
248,3569,omega_cached_attention_q1_h8_g2_d64_s3c800000_ln9223372036854775808_up0_x4_e1_k1_ds_merge,16384,16,3,336384,0,0,1,0,1,1,4339,14.694,2.071,2.022,1.830,7.270
249,3573,omega_reduce_r5_o2_n2_multiply_add_zero_epi2_fused_identity_o2__multiply_s0_o1__add_s1_o0,8192,128,6,914660068,0,0,1,0,1,1,7518,14.694,2.071,2.022,1.830,7.270
250,3581,omega_reduce_r2_o1_n2_multiply_add_zero_epi4_fused_identity_o4__multiply_s0_o3__add_s1_o2__square_root_s2__reciprocal_s3__multiply_s4_o1__multiply_s5_o0,256,1,8,915339496,32,0,1,0,1,1,4446,14.694,2.071,2.022,1.830,7.270
251,3583,omega_reduce_r3_o2_n2_multiply_add_zero,8192,32,4,516864,32,0,1,0,1,1,5548,14.694,2.071,2.022,1.830,7.270
252,3589,omega_moe_topk_e32_k8_stacked,32,1,21,1650212,16,0,1,0,1,1,5071,14.694,2.071,2.022,1.830,7.270
253,3706,omega_reduce_r4_o3_n2_multiply_add_zero_g10,32768,512,6,968845792,0,0,1,0,0,1,20643,14.694,2.071,2.022,1.830,7.270
254,3714,omega_reduce_r4_o3_n2_multiply_add_zero_epi3_fused_identity_o3__negate_o2__exponential_s1__add_s2_o1__reciprocal_s3__multiply_s4_o0__multiply_s0_s5_g10,32768,512,9,951389412,0,0,1,0,1,1,20792,14.694,2.071,2.022,1.830,7.270
255,3716,omega_reduce_r4_o3_n2_multiply_add_zero_g10,65536,1024,6,933177824,0,0,1,0,1,1,29411,14.694,2.071,2.022,1.830,7.270
256,3729,omega_reduce_r3_o2_n2_multiply_add_zero_epi10_fused_identity_o10__add_o8_o9__add_s1_o7__add_s2_o6__add_s3_o5__add_s4_o4__add_s5_o3__add_s6_o2__reciprocal_s7__multiply_s0_s8__multiply_s9_o1__add_s10_o0,32768,1024,14,1822724,0,0,1,0,1,1,9238,14.694,2.071,2.022,1.830,7.270
257,3750,omega_reduce_r2_o1_n2_multiply_add_zero_epi4_fused_identity_o4__multiply_s0_o3__add_s1_o2__square_root_s2__reciprocal_s3__multiply_s4_o1__multiply_s5_o0,256,1,8,858451176,32,0,1,0,1,1,4446,14.694,2.071,2.022,1.830,7.270
258,3756,omega_reduce_r4_o3_n2_multiply_add_zero,4096,64,4,855353824,0,0,1,0,1,1,5589,14.694,2.071,2.022,1.830,7.270
259,3752,omega_reduce_r4_o3_n2_multiply_add_zero,8192,128,4,856464096,0,0,0,0,0,1,6595,14.694,2.071,2.022,1.830,7.270
260,3754,omega_reduce_r4_o3_n2_multiply_add_zero,4096,64,4,858130912,0,0,0,0,0,1,5589,14.694,2.071,2.022,1.830,7.270
261,3768,omega_elementwise_twin_r3_n4_fused_multiply_o0_o1__multiply_o2_o3__add_s0_s1_fused_multiply_o0_o3__multiply_o2_o1__subtract_s0_s1,256,1,7,585984,0,0,1,0,1,1,3042,14.694,2.071,2.022,1.830,7.270
262,3759,omega_elementwise_twin_r3_n4_fused_multiply_o0_o1__multiply_o2_o3__subtract_s0_s1_fused_multiply_o0_o3__multiply_o2_o1__add_s0_s1,512,1,7,776704,0,0,1,0,0,1,3226,14.694,2.071,2.022,1.830,7.270
263,3801,omega_cached_attention_q1_h8_g2_d64_s3c800000_ln9223372036854775808_up0_x4_e1_k1_ds,65536,512,11,5506820,1056,0,1,0,1,1,44399,14.694,2.071,2.022,1.830,7.270
264,3801,omega_cached_attention_q1_h8_g2_d64_s3c800000_ln9223372036854775808_up0_x4_e1_k1_ds_merge,16384,16,3,336384,0,0,1,0,1,1,4339,14.694,2.071,2.022,1.830,7.270
265,3805,omega_reduce_r5_o2_n2_multiply_add_zero_epi2_fused_identity_o2__multiply_s0_o1__add_s1_o0,8192,128,6,857701092,0,0,1,0,1,1,7518,14.694,2.071,2.022,1.830,7.270
266,3813,omega_reduce_r2_o1_n2_multiply_add_zero_epi4_fused_identity_o4__multiply_s0_o3__add_s1_o2__square_root_s2__reciprocal_s3__multiply_s4_o1__multiply_s5_o0,256,1,8,858380520,32,0,1,0,1,1,4446,14.694,2.071,2.022,1.830,7.270
267,3815,omega_reduce_r3_o2_n2_multiply_add_zero,8192,32,4,516864,32,0,1,0,1,1,5548,14.694,2.071,2.022,1.830,7.270
268,3821,omega_moe_topk_e32_k8_stacked,32,1,21,1650212,16,0,1,0,1,1,5071,14.694,2.071,2.022,1.830,7.270
269,3938,omega_reduce_r4_o3_n2_multiply_add_zero_g10,32768,512,6,911886816,0,0,1,0,0,1,20643,14.694,2.071,2.022,1.830,7.270
270,3946,omega_reduce_r4_o3_n2_multiply_add_zero_epi3_fused_identity_o3__negate_o2__exponential_s1__add_s2_o1__reciprocal_s3__multiply_s4_o0__multiply_s0_s5_g10,32768,512,9,894430436,0,0,1,0,1,1,20792,14.694,2.071,2.022,1.830,7.270
271,3948,omega_reduce_r4_o3_n2_multiply_add_zero_g10,65536,1024,6,876218848,0,0,1,0,1,1,29411,14.694,2.071,2.022,1.830,7.270
272,3961,omega_reduce_r3_o2_n2_multiply_add_zero_epi10_fused_identity_o10__add_o8_o9__add_s1_o7__add_s2_o6__add_s3_o5__add_s4_o4__add_s5_o3__add_s6_o2__reciprocal_s7__multiply_s0_s8__multiply_s9_o1__add_s10_o0,32768,1024,14,1822724,0,0,1,0,1,1,9238,14.694,2.071,2.022,1.830,7.270
273,3982,omega_reduce_r2_o1_n2_multiply_add_zero_epi4_fused_identity_o4__multiply_s0_o3__add_s1_o2__square_root_s2__reciprocal_s3__multiply_s4_o1__multiply_s5_o0,256,1,8,801492200,32,0,1,0,1,1,4446,14.694,2.071,2.022,1.830,7.270
274,3988,omega_reduce_r4_o3_n2_multiply_add_zero,4096,64,4,798394848,0,0,1,0,1,1,5589,14.694,2.071,2.022,1.830,7.270
275,3984,omega_reduce_r4_o3_n2_multiply_add_zero,8192,128,4,799505120,0,0,0,0,0,1,6595,14.694,2.071,2.022,1.830,7.270
276,3986,omega_reduce_r4_o3_n2_multiply_add_zero,4096,64,4,801171936,0,0,0,0,0,1,5589,14.694,2.071,2.022,1.830,7.270
277,4000,omega_elementwise_twin_r3_n4_fused_multiply_o0_o1__multiply_o2_o3__add_s0_s1_fused_multiply_o0_o3__multiply_o2_o1__subtract_s0_s1,256,1,7,585984,0,0,1,0,1,1,3042,14.694,2.071,2.022,1.830,7.270
278,3991,omega_elementwise_twin_r3_n4_fused_multiply_o0_o1__multiply_o2_o3__subtract_s0_s1_fused_multiply_o0_o3__multiply_o2_o1__add_s0_s1,512,1,7,776704,0,0,1,0,0,1,3226,14.694,2.071,2.022,1.830,7.270
279,4033,omega_cached_attention_q1_h8_g2_d64_s3c800000_ln9223372036854775808_up0_x4_e1_k1_ds,65536,512,11,5506820,1056,0,1,0,1,1,44399,14.694,2.071,2.022,1.830,7.270
280,4033,omega_cached_attention_q1_h8_g2_d64_s3c800000_ln9223372036854775808_up0_x4_e1_k1_ds_merge,16384,16,3,336384,0,0,1,0,1,1,4339,14.694,2.071,2.022,1.830,7.270
281,4037,omega_reduce_r5_o2_n2_multiply_add_zero_epi2_fused_identity_o2__multiply_s0_o1__add_s1_o0,8192,128,6,800742116,0,0,1,0,1,1,7518,14.694,2.071,2.022,1.830,7.270
282,4045,omega_reduce_r2_o1_n2_multiply_add_zero_epi4_fused_identity_o4__multiply_s0_o3__add_s1_o2__square_root_s2__reciprocal_s3__multiply_s4_o1__multiply_s5_o0,256,1,8,801421544,32,0,1,0,1,1,4446,14.694,2.071,2.022,1.830,7.270
283,4047,omega_reduce_r3_o2_n2_multiply_add_zero,8192,32,4,516864,32,0,1,0,1,1,5548,14.694,2.071,2.022,1.830,7.270
284,4053,omega_moe_topk_e32_k8_stacked,32,1,21,1650212,16,0,1,0,1,1,5071,14.694,2.071,2.022,1.830,7.270
285,4170,omega_reduce_r4_o3_n2_multiply_add_zero_g10,32768,512,6,854927840,0,0,1,0,0,1,20643,14.694,2.071,2.022,1.830,7.270
286,4178,omega_reduce_r4_o3_n2_multiply_add_zero_epi3_fused_identity_o3__negate_o2__exponential_s1__add_s2_o1__reciprocal_s3__multiply_s4_o0__multiply_s0_s5_g10,32768,512,9,837471460,0,0,1,0,1,1,20792,14.694,2.071,2.022,1.830,7.270
287,4180,omega_reduce_r4_o3_n2_multiply_add_zero_g10,65536,1024,6,819259872,0,0,1,0,1,1,29411,14.694,2.071,2.022,1.830,7.270
288,4193,omega_reduce_r3_o2_n2_multiply_add_zero_epi10_fused_identity_o10__add_o8_o9__add_s1_o7__add_s2_o6__add_s3_o5__add_s4_o4__add_s5_o3__add_s6_o2__reciprocal_s7__multiply_s0_s8__multiply_s9_o1__add_s10_o0,32768,1024,14,1822724,0,0,1,0,1,1,9238,14.694,2.071,2.022,1.830,7.270
289,4214,omega_reduce_r2_o1_n2_multiply_add_zero_epi4_fused_identity_o4__multiply_s0_o3__add_s1_o2__square_root_s2__reciprocal_s3__multiply_s4_o1__multiply_s5_o0,256,1,8,744533224,32,0,1,0,1,1,4446,14.694,2.071,2.022,1.830,7.270
290,4220,omega_reduce_r4_o3_n2_multiply_add_zero,4096,64,4,741435872,0,0,1,0,1,1,5589,14.694,2.071,2.022,1.830,7.270
291,4216,omega_reduce_r4_o3_n2_multiply_add_zero,8192,128,4,742546144,0,0,0,0,0,1,6595,14.694,2.071,2.022,1.830,7.270
292,4218,omega_reduce_r4_o3_n2_multiply_add_zero,4096,64,4,744212960,0,0,0,0,0,1,5589,14.694,2.071,2.022,1.830,7.270
293,4232,omega_elementwise_twin_r3_n4_fused_multiply_o0_o1__multiply_o2_o3__add_s0_s1_fused_multiply_o0_o3__multiply_o2_o1__subtract_s0_s1,256,1,7,585984,0,0,1,0,1,1,3042,14.694,2.071,2.022,1.830,7.270
294,4223,omega_elementwise_twin_r3_n4_fused_multiply_o0_o1__multiply_o2_o3__subtract_s0_s1_fused_multiply_o0_o3__multiply_o2_o1__add_s0_s1,512,1,7,776704,0,0,1,0,0,1,3226,14.694,2.071,2.022,1.830,7.270
295,4265,omega_cached_attention_q1_h8_g2_d64_s3c800000_ln9223372036854775808_up0_x4_e1_k1_ds,65536,512,11,5506820,1056,0,1,0,1,1,44399,14.694,2.071,2.022,1.830,7.270
296,4265,omega_cached_attention_q1_h8_g2_d64_s3c800000_ln9223372036854775808_up0_x4_e1_k1_ds_merge,16384,16,3,336384,0,0,1,0,1,1,4339,14.694,2.071,2.022,1.830,7.270
297,4269,omega_reduce_r5_o2_n2_multiply_add_zero_epi2_fused_identity_o2__multiply_s0_o1__add_s1_o0,8192,128,6,743783140,0,0,1,0,1,1,7518,14.694,2.071,2.022,1.830,7.270
298,4277,omega_reduce_r2_o1_n2_multiply_add_zero_epi4_fused_identity_o4__multiply_s0_o3__add_s1_o2__square_root_s2__reciprocal_s3__multiply_s4_o1__multiply_s5_o0,256,1,8,744462568,32,0,1,0,1,1,4446,14.694,2.071,2.022,1.830,7.270
299,4279,omega_reduce_r3_o2_n2_multiply_add_zero,8192,32,4,516864,32,0,1,0,1,1,5548,14.694,2.071,2.022,1.830,7.270
300,4285,omega_moe_topk_e32_k8_stacked,32,1,21,1650212,16,0,1,0,1,1,5071,14.694,2.071,2.022,1.830,7.270
301,4402,omega_reduce_r4_o3_n2_multiply_add_zero_g10,32768,512,6,797968864,0,0,1,0,0,1,20643,14.694,2.071,2.022,1.830,7.270
302,4410,omega_reduce_r4_o3_n2_multiply_add_zero_epi3_fused_identity_o3__negate_o2__exponential_s1__add_s2_o1__reciprocal_s3__multiply_s4_o0__multiply_s0_s5_g10,32768,512,9,780512484,0,0,1,0,1,1,20792,14.694,2.071,2.022,1.830,7.270
303,4412,omega_reduce_r4_o3_n2_multiply_add_zero_g10,65536,1024,6,762300896,0,0,1,0,1,1,29411,14.694,2.071,2.022,1.830,7.270
304,4425,omega_reduce_r3_o2_n2_multiply_add_zero_epi10_fused_identity_o10__add_o8_o9__add_s1_o7__add_s2_o6__add_s3_o5__add_s4_o4__add_s5_o3__add_s6_o2__reciprocal_s7__multiply_s0_s8__multiply_s9_o1__add_s10_o0,32768,1024,14,1822724,0,0,1,0,1,1,9238,14.694,2.071,2.022,1.830,7.270
305,4446,omega_reduce_r2_o1_n2_multiply_add_zero_epi4_fused_identity_o4__multiply_s0_o3__add_s1_o2__square_root_s2__reciprocal_s3__multiply_s4_o1__multiply_s5_o0,256,1,8,687574248,32,0,1,0,1,1,4446,14.694,2.071,2.022,1.830,7.270
306,4452,omega_reduce_r4_o3_n2_multiply_add_zero,4096,64,4,684476896,0,0,1,0,1,1,5589,14.694,2.071,2.022,1.830,7.270
307,4448,omega_reduce_r4_o3_n2_multiply_add_zero,8192,128,4,685587168,0,0,0,0,0,1,6595,14.694,2.071,2.022,1.830,7.270
308,4450,omega_reduce_r4_o3_n2_multiply_add_zero,4096,64,4,687253984,0,0,0,0,0,1,5589,14.694,2.071,2.022,1.830,7.270
309,4464,omega_elementwise_twin_r3_n4_fused_multiply_o0_o1__multiply_o2_o3__add_s0_s1_fused_multiply_o0_o3__multiply_o2_o1__subtract_s0_s1,256,1,7,585984,0,0,1,0,1,1,3042,14.694,2.071,2.022,1.830,7.270
310,4455,omega_elementwise_twin_r3_n4_fused_multiply_o0_o1__multiply_o2_o3__subtract_s0_s1_fused_multiply_o0_o3__multiply_o2_o1__add_s0_s1,512,1,7,776704,0,0,1,0,0,1,3226,14.694,2.071,2.022,1.830,7.270
311,4497,omega_cached_attention_q1_h8_g2_d64_s3c800000_ln9223372036854775808_up0_x4_e1_k1_ds,65536,512,11,5506820,1056,0,1,0,1,1,44399,14.694,2.071,2.022,1.830,7.270
312,4497,omega_cached_attention_q1_h8_g2_d64_s3c800000_ln9223372036854775808_up0_x4_e1_k1_ds_merge,16384,16,3,336384,0,0,1,0,1,1,4339,14.694,2.071,2.022,1.830,7.270
313,4501,omega_reduce_r5_o2_n2_multiply_add_zero_epi2_fused_identity_o2__multiply_s0_o1__add_s1_o0,8192,128,6,686824164,0,0,1,0,1,1,7518,14.694,2.071,2.022,1.830,7.270
314,4509,omega_reduce_r2_o1_n2_multiply_add_zero_epi4_fused_identity_o4__multiply_s0_o3__add_s1_o2__square_root_s2__reciprocal_s3__multiply_s4_o1__multiply_s5_o0,256,1,8,687503592,32,0,1,0,1,1,4446,14.694,2.071,2.022,1.830,7.270
315,4511,omega_reduce_r3_o2_n2_multiply_add_zero,8192,32,4,516864,32,0,1,0,1,1,5548,14.694,2.071,2.022,1.830,7.270
316,4517,omega_moe_topk_e32_k8_stacked,32,1,21,1650212,16,0,1,0,1,1,5071,14.694,2.071,2.022,1.830,7.270
317,4634,omega_reduce_r4_o3_n2_multiply_add_zero_g10,32768,512,6,741009888,0,0,1,0,0,1,20643,14.694,2.071,2.022,1.830,7.270
318,4642,omega_reduce_r4_o3_n2_multiply_add_zero_epi3_fused_identity_o3__negate_o2__exponential_s1__add_s2_o1__reciprocal_s3__multiply_s4_o0__multiply_s0_s5_g10,32768,512,9,723553508,0,0,1,0,1,1,20792,14.694,2.071,2.022,1.830,7.270
319,4644,omega_reduce_r4_o3_n2_multiply_add_zero_g10,65536,1024,6,705341920,0,0,1,0,1,1,29411,14.694,2.071,2.022,1.830,7.270
320,4657,omega_reduce_r3_o2_n2_multiply_add_zero_epi10_fused_identity_o10__add_o8_o9__add_s1_o7__add_s2_o6__add_s3_o5__add_s4_o4__add_s5_o3__add_s6_o2__reciprocal_s7__multiply_s0_s8__multiply_s9_o1__add_s10_o0,32768,1024,14,1822724,0,0,1,0,1,1,9238,14.694,2.071,2.022,1.830,7.270
321,4678,omega_reduce_r2_o1_n2_multiply_add_zero_epi4_fused_identity_o4__multiply_s0_o3__add_s1_o2__square_root_s2__reciprocal_s3__multiply_s4_o1__multiply_s5_o0,256,1,8,573656296,32,0,1,0,1,1,4446,14.694,2.071,2.022,1.830,7.270
322,4684,omega_reduce_r4_o3_n2_multiply_add_zero,4096,64,4,570558944,0,0,1,0,1,1,5589,14.694,2.071,2.022,1.830,7.270
323,4680,omega_reduce_r4_o3_n2_multiply_add_zero,8192,128,4,571669216,0,0,0,0,0,1,6595,14.694,2.071,2.022,1.830,7.270
324,4682,omega_reduce_r4_o3_n2_multiply_add_zero,4096,64,4,573336032,0,0,0,0,0,1,5589,14.694,2.071,2.022,1.830,7.270
325,4696,omega_elementwise_twin_r3_n4_fused_multiply_o0_o1__multiply_o2_o3__add_s0_s1_fused_multiply_o0_o3__multiply_o2_o1__subtract_s0_s1,256,1,7,585984,0,0,1,0,1,1,3042,14.694,2.071,2.022,1.830,7.270
326,4687,omega_elementwise_twin_r3_n4_fused_multiply_o0_o1__multiply_o2_o3__subtract_s0_s1_fused_multiply_o0_o3__multiply_o2_o1__add_s0_s1,512,1,7,776704,0,0,1,0,0,1,3226,14.694,2.071,2.022,1.830,7.270
327,4729,omega_cached_attention_q1_h8_g2_d64_s3c800000_ln9223372036854775808_up0_x4_e1_k1_ds,65536,512,11,5506820,1056,0,1,0,1,1,44399,14.694,2.071,2.022,1.830,7.270
328,4729,omega_cached_attention_q1_h8_g2_d64_s3c800000_ln9223372036854775808_up0_x4_e1_k1_ds_merge,16384,16,3,336384,0,0,1,0,1,1,4339,14.694,2.071,2.022,1.830,7.270
329,4733,omega_reduce_r5_o2_n2_multiply_add_zero_epi2_fused_identity_o2__multiply_s0_o1__add_s1_o0,8192,128,6,572906212,0,0,1,0,1,1,7518,14.694,2.071,2.022,1.830,7.270
330,4741,omega_reduce_r2_o1_n2_multiply_add_zero_epi4_fused_identity_o4__multiply_s0_o3__add_s1_o2__square_root_s2__reciprocal_s3__multiply_s4_o1__multiply_s5_o0,256,1,8,573585640,32,0,1,0,1,1,4446,14.694,2.071,2.022,1.830,7.270
331,4743,omega_reduce_r3_o2_n2_multiply_add_zero,8192,32,4,516864,32,0,1,0,1,1,5548,14.694,2.071,2.022,1.830,7.270
332,4749,omega_moe_topk_e32_k8_stacked,32,1,21,1650212,16,0,1,0,1,1,5071,14.694,2.071,2.022,1.830,7.270
333,4866,omega_reduce_r4_o3_n2_multiply_add_zero_g10,32768,512,6,627091936,0,0,1,0,0,1,20643,14.694,2.071,2.022,1.830,7.270
334,4874,omega_reduce_r4_o3_n2_multiply_add_zero_epi3_fused_identity_o3__negate_o2__exponential_s1__add_s2_o1__reciprocal_s3__multiply_s4_o0__multiply_s0_s5_g10,32768,512,9,609635556,0,0,1,0,1,1,20792,14.694,2.071,2.022,1.830,7.270
335,4876,omega_reduce_r4_o3_n2_multiply_add_zero_g10,65536,1024,6,591423968,0,0,1,0,1,1,29411,14.694,2.071,2.022,1.830,7.270
336,4889,omega_reduce_r3_o2_n2_multiply_add_zero_epi10_fused_identity_o10__add_o8_o9__add_s1_o7__add_s2_o6__add_s3_o5__add_s4_o4__add_s5_o3__add_s6_o2__reciprocal_s7__multiply_s0_s8__multiply_s9_o1__add_s10_o0,32768,1024,14,1822724,0,0,1,0,1,1,9238,14.694,2.071,2.022,1.830,7.270
337,4910,omega_reduce_r2_o1_n2_multiply_add_zero_epi4_fused_identity_o4__multiply_s0_o3__add_s1_o2__square_root_s2__reciprocal_s3__multiply_s4_o1__multiply_s5_o0,256,1,8,516697320,32,0,1,0,1,1,4446,14.694,2.071,2.022,1.830,7.270
338,4916,omega_reduce_r4_o3_n2_multiply_add_zero,4096,64,4,513599968,0,0,1,0,1,1,5589,14.694,2.071,2.022,1.830,7.270
339,4912,omega_reduce_r4_o3_n2_multiply_add_zero,8192,128,4,514710240,0,0,0,0,0,1,6595,14.694,2.071,2.022,1.830,7.270
340,4914,omega_reduce_r4_o3_n2_multiply_add_zero,4096,64,4,516377056,0,0,0,0,0,1,5589,14.694,2.071,2.022,1.830,7.270
341,4928,omega_elementwise_twin_r3_n4_fused_multiply_o0_o1__multiply_o2_o3__add_s0_s1_fused_multiply_o0_o3__multiply_o2_o1__subtract_s0_s1,256,1,7,585984,0,0,1,0,1,1,3042,14.694,2.071,2.022,1.830,7.270
342,4919,omega_elementwise_twin_r3_n4_fused_multiply_o0_o1__multiply_o2_o3__subtract_s0_s1_fused_multiply_o0_o3__multiply_o2_o1__add_s0_s1,512,1,7,776704,0,0,1,0,0,1,3226,14.694,2.071,2.022,1.830,7.270
343,4961,omega_cached_attention_q1_h8_g2_d64_s3c800000_ln9223372036854775808_up0_x4_e1_k1_ds,65536,512,11,5506820,1056,0,1,0,1,1,44399,14.694,2.071,2.022,1.830,7.270
344,4961,omega_cached_attention_q1_h8_g2_d64_s3c800000_ln9223372036854775808_up0_x4_e1_k1_ds_merge,16384,16,3,336384,0,0,1,0,1,1,4339,14.694,2.071,2.022,1.830,7.270
345,4965,omega_reduce_r5_o2_n2_multiply_add_zero_epi2_fused_identity_o2__multiply_s0_o1__add_s1_o0,8192,128,6,515947236,0,0,1,0,1,1,7518,14.694,2.071,2.022,1.830,7.270
346,4973,omega_reduce_r2_o1_n2_multiply_add_zero_epi4_fused_identity_o4__multiply_s0_o3__add_s1_o2__square_root_s2__reciprocal_s3__multiply_s4_o1__multiply_s5_o0,256,1,8,516626664,32,0,1,0,1,1,4446,14.694,2.071,2.022,1.830,7.270
347,4975,omega_reduce_r3_o2_n2_multiply_add_zero,8192,32,4,516864,32,0,1,0,1,1,5548,14.694,2.071,2.022,1.830,7.270
348,4981,omega_moe_topk_e32_k8_stacked,32,1,21,1650212,16,0,1,0,1,1,5071,14.694,2.071,2.022,1.830,7.270
349,5098,omega_reduce_r4_o3_n2_multiply_add_zero_g10,32768,512,6,570132960,0,0,1,0,0,1,20643,14.694,2.071,2.022,1.830,7.270
350,5106,omega_reduce_r4_o3_n2_multiply_add_zero_epi3_fused_identity_o3__negate_o2__exponential_s1__add_s2_o1__reciprocal_s3__multiply_s4_o0__multiply_s0_s5_g10,32768,512,9,552676580,0,0,1,0,1,1,20792,14.694,2.071,2.022,1.830,7.270
351,5108,omega_reduce_r4_o3_n2_multiply_add_zero_g10,65536,1024,6,534464992,0,0,1,0,1,1,29411,14.694,2.071,2.022,1.830,7.270
352,5121,omega_reduce_r3_o2_n2_multiply_add_zero_epi10_fused_identity_o10__add_o8_o9__add_s1_o7__add_s2_o6__add_s3_o5__add_s4_o4__add_s5_o3__add_s6_o2__reciprocal_s7__multiply_s0_s8__multiply_s9_o1__add_s10_o0,32768,1024,14,1822724,0,0,1,0,1,1,9238,14.694,2.071,2.022,1.830,7.270
353,5142,omega_reduce_r2_o1_n2_multiply_add_zero_epi4_fused_identity_o4__multiply_s0_o3__add_s1_o2__square_root_s2__reciprocal_s3__multiply_s4_o1__multiply_s5_o0,256,1,8,459738344,32,0,1,0,1,1,4446,14.694,2.071,2.022,1.830,7.270
354,5148,omega_reduce_r4_o3_n2_multiply_add_zero,4096,64,4,456640992,0,0,1,0,1,1,5589,14.694,2.071,2.022,1.830,7.270
355,5144,omega_reduce_r4_o3_n2_multiply_add_zero,8192,128,4,457751264,0,0,0,0,0,1,6595,14.694,2.071,2.022,1.830,7.270
356,5146,omega_reduce_r4_o3_n2_multiply_add_zero,4096,64,4,459418080,0,0,0,0,0,1,5589,14.694,2.071,2.022,1.830,7.270
357,5160,omega_elementwise_twin_r3_n4_fused_multiply_o0_o1__multiply_o2_o3__add_s0_s1_fused_multiply_o0_o3__multiply_o2_o1__subtract_s0_s1,256,1,7,585984,0,0,1,0,1,1,3042,14.694,2.071,2.022,1.830,7.270
358,5151,omega_elementwise_twin_r3_n4_fused_multiply_o0_o1__multiply_o2_o3__subtract_s0_s1_fused_multiply_o0_o3__multiply_o2_o1__add_s0_s1,512,1,7,776704,0,0,1,0,0,1,3226,14.694,2.071,2.022,1.830,7.270
359,5193,omega_cached_attention_q1_h8_g2_d64_s3c800000_ln9223372036854775808_up0_x4_e1_k1_ds,65536,512,11,5506820,1056,0,1,0,1,1,44399,14.694,2.071,2.022,1.830,7.270
360,5193,omega_cached_attention_q1_h8_g2_d64_s3c800000_ln9223372036854775808_up0_x4_e1_k1_ds_merge,16384,16,3,336384,0,0,1,0,1,1,4339,14.694,2.071,2.022,1.830,7.270
361,5197,omega_reduce_r5_o2_n2_multiply_add_zero_epi2_fused_identity_o2__multiply_s0_o1__add_s1_o0,8192,128,6,458988260,0,0,1,0,1,1,7518,14.694,2.071,2.022,1.830,7.270
362,5205,omega_reduce_r2_o1_n2_multiply_add_zero_epi4_fused_identity_o4__multiply_s0_o3__add_s1_o2__square_root_s2__reciprocal_s3__multiply_s4_o1__multiply_s5_o0,256,1,8,459667688,32,0,1,0,1,1,4446,14.694,2.071,2.022,1.830,7.270
363,5207,omega_reduce_r3_o2_n2_multiply_add_zero,8192,32,4,516864,32,0,1,0,1,1,5548,14.694,2.071,2.022,1.830,7.270
364,5213,omega_moe_topk_e32_k8_stacked,32,1,21,1650212,16,0,1,0,1,1,5071,14.694,2.071,2.022,1.830,7.270
365,5330,omega_reduce_r4_o3_n2_multiply_add_zero_g10,32768,512,6,513173984,0,0,1,0,0,1,20643,14.694,2.071,2.022,1.830,7.270
366,5338,omega_reduce_r4_o3_n2_multiply_add_zero_epi3_fused_identity_o3__negate_o2__exponential_s1__add_s2_o1__reciprocal_s3__multiply_s4_o0__multiply_s0_s5_g10,32768,512,9,495717604,0,0,1,0,1,1,20792,14.694,2.071,2.022,1.830,7.270
367,5340,omega_reduce_r4_o3_n2_multiply_add_zero_g10,65536,1024,6,477506016,0,0,1,0,1,1,29411,14.694,2.071,2.022,1.830,7.270
368,5353,omega_reduce_r3_o2_n2_multiply_add_zero_epi10_fused_identity_o10__add_o8_o9__add_s1_o7__add_s2_o6__add_s3_o5__add_s4_o4__add_s5_o3__add_s6_o2__reciprocal_s7__multiply_s0_s8__multiply_s9_o1__add_s10_o0,32768,1024,14,1822724,0,0,1,0,1,1,9238,14.694,2.071,2.022,1.830,7.270
369,5374,omega_reduce_r2_o1_n2_multiply_add_zero_epi4_fused_identity_o4__multiply_s0_o3__add_s1_o2__square_root_s2__reciprocal_s3__multiply_s4_o1__multiply_s5_o0,256,1,8,402779368,32,0,1,0,1,1,4446,14.694,2.071,2.022,1.830,7.270
370,5380,omega_reduce_r4_o3_n2_multiply_add_zero,4096,64,4,399682016,0,0,1,0,1,1,5589,14.694,2.071,2.022,1.830,7.270
371,5376,omega_reduce_r4_o3_n2_multiply_add_zero,8192,128,4,400792288,0,0,0,0,0,1,6595,14.694,2.071,2.022,1.830,7.270
372,5378,omega_reduce_r4_o3_n2_multiply_add_zero,4096,64,4,402459104,0,0,0,0,0,1,5589,14.694,2.071,2.022,1.830,7.270
373,5392,omega_elementwise_twin_r3_n4_fused_multiply_o0_o1__multiply_o2_o3__add_s0_s1_fused_multiply_o0_o3__multiply_o2_o1__subtract_s0_s1,256,1,7,585984,0,0,1,0,1,1,3042,14.694,2.071,2.022,1.830,7.270
374,5383,omega_elementwise_twin_r3_n4_fused_multiply_o0_o1__multiply_o2_o3__subtract_s0_s1_fused_multiply_o0_o3__multiply_o2_o1__add_s0_s1,512,1,7,776704,0,0,1,0,0,1,3226,14.694,2.071,2.022,1.830,7.270
375,5425,omega_cached_attention_q1_h8_g2_d64_s3c800000_ln9223372036854775808_up0_x4_e1_k1_ds,65536,512,11,5506820,1056,0,1,0,1,1,44399,14.694,2.071,2.022,1.830,7.270
376,5425,omega_cached_attention_q1_h8_g2_d64_s3c800000_ln9223372036854775808_up0_x4_e1_k1_ds_merge,16384,16,3,336384,0,0,1,0,1,1,4339,14.694,2.071,2.022,1.830,7.270
377,5429,omega_reduce_r5_o2_n2_multiply_add_zero_epi2_fused_identity_o2__multiply_s0_o1__add_s1_o0,8192,128,6,402029284,0,0,1,0,1,1,7518,14.694,2.071,2.022,1.830,7.270
378,5437,omega_reduce_r2_o1_n2_multiply_add_zero_epi4_fused_identity_o4__multiply_s0_o3__add_s1_o2__square_root_s2__reciprocal_s3__multiply_s4_o1__multiply_s5_o0,256,1,8,402708712,32,0,1,0,1,1,4446,14.694,2.071,2.022,1.830,7.270
379,5439,omega_reduce_r3_o2_n2_multiply_add_zero,8192,32,4,516864,32,0,1,0,1,1,5548,14.694,2.071,2.022,1.830,7.270
380,5445,omega_moe_topk_e32_k8_stacked,32,1,21,1650212,16,0,1,0,1,1,5071,14.694,2.071,2.022,1.830,7.270
381,5562,omega_reduce_r4_o3_n2_multiply_add_zero_g10,32768,512,6,456215008,0,0,1,0,0,1,20643,14.694,2.071,2.022,1.830,7.270
382,5570,omega_reduce_r4_o3_n2_multiply_add_zero_epi3_fused_identity_o3__negate_o2__exponential_s1__add_s2_o1__reciprocal_s3__multiply_s4_o0__multiply_s0_s5_g10,32768,512,9,438758628,0,0,1,0,1,1,20792,14.694,2.071,2.022,1.830,7.270
383,5572,omega_reduce_r4_o3_n2_multiply_add_zero_g10,65536,1024,6,420547040,0,0,1,0,1,1,29411,14.694,2.071,2.022,1.830,7.270
384,5585,omega_reduce_r3_o2_n2_multiply_add_zero_epi10_fused_identity_o10__add_o8_o9__add_s1_o7__add_s2_o6__add_s3_o5__add_s4_o4__add_s5_o3__add_s6_o2__reciprocal_s7__multiply_s0_s8__multiply_s9_o1__add_s10_o0,32768,1024,14,1822724,0,0,1,0,1,1,9238,14.694,2.071,2.022,1.830,7.270
385,5594,omega_reduce_r2_o1_n2_multiply_add_zero_epi4_fused_identity_o4__multiply_s0_o3__add_s1_o2__square_root_s2__reciprocal_s3__multiply_s4_o1__multiply_s5_o0,256,1,8,716008,32,0,1,0,1,1,4446,14.694,2.071,2.022,1.830,7.270
386,5596,omega_elementwise_r2_n1_identity_g1,1024,1,5,398084,0,0,1,0,1,1,3595,14.694,2.071,2.022,1.830,7.270
387,5601,omega_reduce_r3_o2_n2_multiply_add_zero_epi1_fused_identity_o1__multiply_s0_o0,393248,6145,5,1420899760,0,0,1,0,1,1,157280,14.694,2.071,2.022,1.830,7.270
388,5603,omega_elementwise_r3_n1_identity,49155,49,3,397836,0,0,1,0,1,1,3149,14.694,2.071,2.022,1.830,7.270
389,5604,omega_reduce_r3_o2_n1_identity_maximum_negative_infinity,14464,113,3,205312,16,0,1,0,1,1,3940,14.694,2.071,2.022,1.830,7.270
390,5605,omega_reduce_r2_o1_n1_identity_maximum_negative_infinity,32,1,3,4608,0,0,1,0,1,1,2393,14.694,2.071,2.022,1.830,7.270
391,5607,omega_iota_r1,113,1,2,2048,0,0,1,0,0,1,2196,14.694,2.071,2.022,1.830,7.270
392,5608,omega_iota_r1,435,1,2,4096,0,0,0,0,0,1,2179,14.694,2.071,2.022,1.830,7.270
393,5610,omega_elementwise_r1_n2_multiply,113,1,4,3332,0,0,1,0,1,1,2673,14.694,2.071,2.022,1.830,7.270
394,5614,omega_reduce_r3_o2_n5_fused_equal_o0_o1__add_o2_o3__select_s0_s1_o4_minimum_positive_infinity,14464,113,7,209156,16,0,1,0,1,1,5625,14.694,2.071,2.022,1.830,7.270
395,5615,omega_reduce_r2_o1_n1_identity_minimum_positive_infinity,32,1,3,2052,0,0,1,0,1,1,2881,14.694,2.071,2.022,1.830,7.270
396,5621,omega_reduce_r3_o2_n4_fused_greater_o0_o1__greater_o2_o3__multiply_s0_s1_add_zero,14464,113,6,406536,16,0,1,0,0,1,4845,14.694,2.071,2.022,1.830,7.270
397,5622,omega_reduce_r2_o1_n1_identity_add_zero,32,1,3,4100,0,0,1,0,1,1,2571,14.694,2.071,2.022,1.830,7.270
