1561	38294528	1626062848
1562	38294528	1626062848
1564	38294528	1626062848
1565	38294528	1626062848
1566	38294528	1626062848
1567	38294528	1626062848
1569	38294528	1626062848
1570	38294528	1626062848
1571	38294528	1626062848
1573	38294528	1626062848
1574	38294528	1626062848
1575	38294528	1626062848
1576	38294528	1626062848
1578	38294528	1626062848
1579	38294528	1626062848
1580	38294528	1626062848
1581	38294528	1626062848
1583	38294528	1626062848
1584	38294528	1626062848
1585	38294528	1626062848
1587	38294528	1626062848
1588	38294528	1626062848
1589	38294528	1626062848
1590	38294528	1626062848
1591	38294528	1626062848
1593	38294528	1626062848
1594	38294528	1626062848
1595	38294528	1626062848
1596	38294528	1626062848
1598	38245184	1525399552
1599	38130048	1290518528
1600	37998464	1022083072
1601	37866880	753647616
1603	37735296	485212160
1604	37587264	203816960
1605	37587264	203816960
1607	37587264	203816960
1608	37587264	203816960
1609	0	201867264
1610	0	201867264
