index,node,kernel,grid_threads,threadgroups,buffer_bindings,bytes_bound_full,static_threadgroup_bytes,dynamic_threadgroup_bytes,pipeline_switch,isolated_marginal_ns,round4_isolated_marginal_ns,cold_penalty_ns,stamped_isolated_ns,instream_ns_median,instream_ns_min,instream_ns_max,instream_cov_pct,gap_ns_median,empty_instream_ns_median,empty_gap_ns_median,instream_minus_isolated_ns,instream_over_isolated,work_ns,work_minus_isolated_ns,stamped_excess_ns
0,4,omega_elementwise_r2_n2_fused_identity_o0__multiply_s0_o1_g10,1024,1,6,1420707496,0,0,1,18375,17946,792,18750,23750,19417,60833,35.73,0,7458,0,5375,1.293,16292,-2083,5000
1,38,omega_reduce_r2_o1_n2_multiply_add_zero_epi4_fused_identity_o4__multiply_s0_o3__add_s1_o2__square_root_s2__reciprocal_s3__multiply_s4_o1__multiply_s5_o0,256,1,8,1314217704,32,0,1,5530,4446,833,11042,12250,11833,26625,24.84,17208,4792,18125,6720,2.215,7458,1928,1208
2,44,omega_reduce_r4_o3_n2_multiply_add_zero,4096,64,4,1310955744,0,0,1,6518,5589,2500,11041,14084,11750,28708,27.81,10375,5208,23250,7566,2.161,8876,2358,3043
3,40,omega_reduce_r4_o3_n2_multiply_add_zero,8192,128,4,1312127200,0,0,0,8220,6595,2875,12042,14625,12291,30292,33.41,7000,4708,10292,6405,1.779,9917,1697,2583
4,42,omega_reduce_r4_o3_n2_multiply_add_zero,4096,64,4,1313794016,0,0,0,6518,5589,542,11000,12958,10875,27209,30.88,8458,4667,19000,6440,1.988,8291,1773,1958
5,56,omega_elementwise_twin_r3_n4_fused_multiply_o0_o1__multiply_o2_o3__add_s0_s1_fused_multiply_o0_o3__multiply_o2_o1__subtract_s0_s1,256,1,7,511744,0,0,1,2774,3042,625,5625,6250,5333,15166,40.12,6500,4500,10625,3476,2.253,1750,-1024,625
6,47,omega_elementwise_twin_r3_n4_fused_multiply_o0_o1__multiply_o2_o3__subtract_s0_s1_fused_multiply_o0_o3__multiply_o2_o1__add_s0_s1,512,1,7,759296,0,0,1,3399,3226,333,5667,5666,5167,12583,28.31,47875,4041,59208,2267,1.667,1625,-1774,-1
7,89,omega_cached_attention_q1_h8_g2_d64_s3c800000_ln9223372036854775808_up0_x4_e1_k1_ds,65536,512,11,5235972,1056,0,1,47089,44399,2833,49834,50250,49542,152541,39.88,9958,4250,9000,3161,1.067,46000,-1089,416
8,89,omega_cached_attention_q1_h8_g2_d64_s3c800000_ln9223372036854775808_up0_x4_e1_k1_ds_merge,16384,16,3,332032,0,0,1,4452,4339,625,6500,6417,6250,15250,29.61,9583,3834,16917,1965,1.441,2583,-1869,-83
9,93,omega_reduce_r5_o2_n2_multiply_add_zero_epi2_fused_identity_o2__multiply_s0_o1__add_s1_o0,8192,128,6,1313401572,0,0,1,6875,7518,667,10417,11042,10333,25958,28.95,5416,4250,6584,4167,1.606,6792,-83,625
10,101,omega_reduce_r2_o1_n2_multiply_add_zero_epi4_fused_identity_o4__multiply_s0_o3__add_s1_o2__square_root_s2__reciprocal_s3__multiply_s4_o1__multiply_s5_o0,256,1,8,1314052328,32,0,1,5530,4446,583,11083,10666,10166,26417,31.38,6292,3834,17709,5136,1.929,6832,1302,-417
11,103,omega_reduce_r3_o2_n2_multiply_add_zero,8192,32,4,516864,32,0,1,5762,5548,625,8417,8917,8333,21000,29.31,6459,4083,7000,3155,1.548,4834,-928,500
12,109,omega_moe_topk_e32_k8_stacked,32,1,21,1650212,16,0,1,4780,5071,583,8417,8500,7916,21209,32.00,8000,4000,44917,3720,1.778,4500,-280,83
13,226,omega_reduce_r4_o3_n2_multiply_add_zero_g10,32768,512,6,1367558624,0,0,1,21083,20643,1708,26875,31292,28125,74750,31.13,6834,4125,9666,10209,1.484,27167,6084,4417
14,234,omega_reduce_r4_o3_n2_multiply_add_zero_epi3_fused_identity_o3__negate_o2__exponential_s1__add_s2_o1__reciprocal_s3__multiply_s4_o0__multiply_s0_s5_g10,32768,512,9,1350102244,0,0,1,21560,20792,1417,27416,31792,29250,76083,29.98,9292,4250,14541,10232,1.475,27542,5982,4376
15,236,omega_reduce_r4_o3_n2_multiply_add_zero_g10,65536,1024,6,1331890656,0,0,1,29571,29411,2417,33333,36542,35666,102667,35.59,10000,4542,9542,6971,1.236,32000,2429,3209
16,249,omega_reduce_r3_o2_n2_multiply_add_zero_epi10_fused_identity_o10__add_o8_o9__add_s1_o7__add_s2_o6__add_s3_o5__add_s4_o4__add_s5_o3__add_s6_o2__reciprocal_s7__multiply_s0_s8__multiply_s9_o1__add_s10_o0,32768,1024,14,1822724,0,0,1,9619,9238,375,11791,12292,11375,31084,34.14,9875,4541,12917,2673,1.278,7751,-1868,501
17,270,omega_reduce_r2_o1_n2_multiply_add_zero_epi4_fused_identity_o4__multiply_s0_o3__add_s1_o2__square_root_s2__reciprocal_s3__multiply_s4_o1__multiply_s5_o0,256,1,8,1257164008,32,0,1,5530,4446,1750,11375,11042,10583,27167,30.59,8042,4000,10208,5512,1.997,7042,1512,-333
18,276,omega_reduce_r4_o3_n2_multiply_add_zero,4096,64,4,1254001120,0,0,1,6518,5589,1125,11125,12042,11417,28625,29.63,8042,4125,45041,5524,1.848,7917,1399,917
19,272,omega_reduce_r4_o3_n2_multiply_add_zero,8192,128,4,1255176928,0,0,0,8220,6595,833,11958,12333,12166,30250,30.22,8125,4042,9292,4113,1.500,8291,71,375
20,274,omega_reduce_r4_o3_n2_multiply_add_zero,4096,64,4,1256843744,0,0,0,6518,5589,875,11209,11500,10958,27417,29.35,8083,3959,15792,4982,1.764,7541,1023,291
21,288,omega_elementwise_twin_r3_n4_fused_multiply_o0_o1__multiply_o2_o3__add_s0_s1_fused_multiply_o0_o3__multiply_o2_o1__subtract_s0_s1,256,1,7,520448,0,0,1,2774,3042,292,5625,6083,5375,13167,27.16,8166,3958,9250,3309,2.193,2125,-649,458
22,279,omega_elementwise_twin_r3_n4_fused_multiply_o0_o1__multiply_o2_o3__subtract_s0_s1_fused_multiply_o0_o3__multiply_o2_o1__add_s0_s1,512,1,7,776704,0,0,1,3399,3226,250,5625,5584,5166,12666,29.14,5333,4083,16125,2185,1.643,1501,-1898,-41
23,321,omega_cached_attention_q1_h8_g2_d64_s3c800000_ln9223372036854775808_up0_x4_e1_k1_ds,65536,512,11,5244676,1056,0,1,47089,44399,542,49750,50167,49667,152708,39.25,5583,4458,8542,3078,1.065,45709,-1380,417
24,321,omega_cached_attention_q1_h8_g2_d64_s3c800000_ln9223372036854775808_up0_x4_e1_k1_ds_merge,16384,16,3,336384,0,0,1,4452,4339,792,6667,7000,6709,15792,29.27,8625,3792,43875,2548,1.572,3208,-1244,333
25,325,omega_reduce_r5_o2_n2_multiply_add_zero_epi2_fused_identity_o2__multiply_s0_o1__add_s1_o0,8192,128,6,1256413924,0,0,1,6875,7518,2667,10500,11084,10875,26292,30.06,6167,4209,12042,4209,1.612,6875,-0,584
26,333,omega_reduce_r2_o1_n2_multiply_add_zero_epi4_fused_identity_o4__multiply_s0_o3__add_s1_o2__square_root_s2__reciprocal_s3__multiply_s4_o1__multiply_s5_o0,256,1,8,1257093352,32,0,1,5530,4446,833,11084,10708,10250,26792,34.64,7958,3750,16042,5178,1.936,6958,1428,-376
27,335,omega_reduce_r3_o2_n2_multiply_add_zero,8192,32,4,516864,32,0,1,5762,5548,1333,8333,8709,8333,20541,28.56,8167,4042,11125,2947,1.511,4667,-1095,376
28,341,omega_moe_topk_e32_k8_stacked,32,1,21,1650212,16,0,1,4780,5071,1000,8167,8000,7667,20750,32.01,8167,4042,15625,3220,1.674,3958,-822,-167
29,458,omega_reduce_r4_o3_n2_multiply_add_zero_g10,32768,512,6,1310599648,0,0,1,21083,20643,4125,25208,32792,28209,81291,31.98,5292,4167,8584,11709,1.555,28625,7542,7584
30,466,omega_reduce_r4_o3_n2_multiply_add_zero_epi3_fused_identity_o3__negate_o2__exponential_s1__add_s2_o1__reciprocal_s3__multiply_s4_o0__multiply_s0_s5_g10,32768,512,9,1293143268,0,0,1,21560,20792,1500,27416,30209,29333,76833,33.60,9750,4167,42375,8649,1.401,26042,4482,2793
31,468,omega_reduce_r4_o3_n2_multiply_add_zero_g10,65536,1024,6,1274931680,0,0,1,29571,29411,1167,33375,36750,35458,102875,36.02,9334,4292,9542,7179,1.243,32458,2887,3375
32,481,omega_reduce_r3_o2_n2_multiply_add_zero_epi10_fused_identity_o10__add_o8_o9__add_s1_o7__add_s2_o6__add_s3_o5__add_s4_o4__add_s5_o3__add_s6_o2__reciprocal_s7__multiply_s0_s8__multiply_s9_o1__add_s10_o0,32768,1024,14,1822724,0,0,1,9619,9238,333,11875,11666,11084,30000,32.63,11958,4542,15459,2047,1.213,7124,-2495,-209
33,502,omega_reduce_r2_o1_n2_multiply_add_zero_epi4_fused_identity_o4__multiply_s0_o3__add_s1_o2__square_root_s2__reciprocal_s3__multiply_s4_o1__multiply_s5_o0,256,1,8,630615272,32,0,1,5530,4446,333,11375,10875,10416,26375,30.19,8042,4167,9542,5345,1.967,6708,1178,-500
34,508,omega_reduce_r4_o3_n2_multiply_add_zero,4096,64,4,627452384,0,0,1,6518,5589,417,10875,11834,11292,28083,29.46,8083,3959,17041,5316,1.816,7875,1357,959
35,504,omega_reduce_r4_o3_n2_multiply_add_zero,8192,128,4,628628192,0,0,0,8220,6595,-2333,12000,12458,12125,30417,30.89,7667,4042,10333,4238,1.516,8416,196,458
36,506,omega_reduce_r4_o3_n2_multiply_add_zero,4096,64,4,630295008,0,0,0,6518,5589,625,11042,11459,11000,27042,28.76,8125,3792,42750,4941,1.758,7667,1149,417
37,520,omega_elementwise_twin_r3_n4_fused_multiply_o0_o1__multiply_o2_o3__add_s0_s1_fused_multiply_o0_o3__multiply_o2_o1__subtract_s0_s1,256,1,7,520448,0,0,1,2774,3042,750,5584,5709,5250,13084,27.92,7958,4125,10208,2935,2.058,1584,-1190,125
38,511,omega_elementwise_twin_r3_n4_fused_multiply_o0_o1__multiply_o2_o3__subtract_s0_s1_fused_multiply_o0_o3__multiply_o2_o1__add_s0_s1,512,1,7,776704,0,0,1,3399,3226,500,5584,5542,5250,12917,28.61,5542,3834,16875,2143,1.631,1708,-1691,-42
39,553,omega_cached_attention_q1_h8_g2_d64_s3c800000_ln9223372036854775808_up0_x4_e1_k1_ds,65536,512,11,5244676,1056,0,1,47089,44399,417,49833,50333,49958,152750,39.33,5791,4291,9875,3244,1.069,46042,-1047,500
40,553,omega_cached_attention_q1_h8_g2_d64_s3c800000_ln9223372036854775808_up0_x4_e1_k1_ds_merge,16384,16,3,336384,0,0,1,4452,4339,917,6458,6667,6458,15625,30.60,9542,3875,14125,2215,1.497,2792,-1660,209
41,557,omega_reduce_r5_o2_n2_multiply_add_zero_epi2_fused_identity_o2__multiply_s0_o1__add_s1_o0,8192,128,6,629865188,0,0,1,6875,7518,250,10416,11333,10708,26958,29.62,5792,4625,7792,4458,1.648,6708,-167,917
42,565,omega_reduce_r2_o1_n2_multiply_add_zero_epi4_fused_identity_o4__multiply_s0_o3__add_s1_o2__square_root_s2__reciprocal_s3__multiply_s4_o1__multiply_s5_o0,256,1,8,630544616,32,0,1,5530,4446,500,11208,11084,10500,26708,29.95,8042,3875,48208,5554,2.004,7209,1679,-124
43,567,omega_reduce_r3_o2_n2_multiply_add_zero,8192,32,4,516864,32,0,1,5762,5548,583,8458,8500,8125,20500,29.53,8084,4375,9917,2738,1.475,4125,-1637,42
44,573,omega_moe_topk_e32_k8_stacked,32,1,21,1650212,16,0,1,4780,5071,708,8375,8458,8042,20750,30.84,9041,4291,14917,3678,1.770,4167,-613,83
45,690,omega_reduce_r4_o3_n2_multiply_add_zero_g10,32768,512,6,684050912,0,0,1,21083,20643,1167,26500,29750,28208,74250,31.62,8208,4417,9375,8667,1.411,25333,4250,3250
46,698,omega_reduce_r4_o3_n2_multiply_add_zero_epi3_fused_identity_o3__negate_o2__exponential_s1__add_s2_o1__reciprocal_s3__multiply_s4_o0__multiply_s0_s5_g10,32768,512,9,666594532,0,0,1,21560,20792,2208,27667,31084,29667,84417,34.95,9458,4209,17041,9524,1.442,26875,5315,3417
47,700,omega_reduce_r4_o3_n2_multiply_add_zero_g10,65536,1024,6,648382944,0,0,1,29571,29411,1833,33291,36167,35500,101791,36.42,9583,4541,8167,6596,1.223,31626,2055,2876
48,713,omega_reduce_r3_o2_n2_multiply_add_zero_epi10_fused_identity_o10__add_o8_o9__add_s1_o7__add_s2_o6__add_s3_o5__add_s4_o4__add_s5_o3__add_s6_o2__reciprocal_s7__multiply_s0_s8__multiply_s9_o1__add_s10_o0,32768,1024,14,1822724,0,0,1,9619,9238,250,12000,11834,11250,30916,33.12,9625,4583,41000,2215,1.230,7251,-2368,-166
49,734,omega_reduce_r2_o1_n2_multiply_add_zero_epi4_fused_identity_o4__multiply_s0_o3__add_s1_o2__square_root_s2__reciprocal_s3__multiply_s4_o1__multiply_s5_o0,256,1,8,345820392,32,0,1,5530,4446,1083,11375,11125,10792,26083,28.77,8167,4000,9625,5595,2.012,7125,1595,-250
50,740,omega_reduce_r4_o3_n2_multiply_add_zero,4096,64,4,342657504,0,0,1,6518,5589,1292,11041,12000,11458,27833,28.55,8209,4209,13625,5482,1.841,7791,1273,959
51,736,omega_reduce_r4_o3_n2_multiply_add_zero,8192,128,4,343833312,0,0,0,8220,6595,500,11875,12459,12083,30000,30.54,8000,4083,8458,4239,1.516,8376,156,584
52,738,omega_reduce_r4_o3_n2_multiply_add_zero,4096,64,4,345500128,0,0,0,6518,5589,792,11000,11500,11000,26750,28.76,8333,4042,15875,4982,1.764,7458,940,500
53,752,omega_elementwise_twin_r3_n4_fused_multiply_o0_o1__multiply_o2_o3__add_s0_s1_fused_multiply_o0_o3__multiply_o2_o1__subtract_s0_s1,256,1,7,520448,0,0,1,2774,3042,292,5542,5917,5333,12542,25.62,7916,4083,11084,3143,2.133,1834,-940,375
54,743,omega_elementwise_twin_r3_n4_fused_multiply_o0_o1__multiply_o2_o3__subtract_s0_s1_fused_multiply_o0_o3__multiply_o2_o1__add_s0_s1,512,1,7,776704,0,0,1,3399,3226,292,5666,5458,5167,13208,29.44,5459,4041,41667,2059,1.606,1417,-1982,-208
55,785,omega_cached_attention_q1_h8_g2_d64_s3c800000_ln9223372036854775808_up0_x4_e1_k1_ds,65536,512,11,5244676,1056,0,1,47089,44399,2083,49750,49958,49458,152542,39.59,8041,4208,10708,2869,1.061,45750,-1339,208
56,785,omega_cached_attention_q1_h8_g2_d64_s3c800000_ln9223372036854775808_up0_x4_e1_k1_ds_merge,16384,16,3,336384,0,0,1,4452,4339,917,6500,6625,6375,15417,28.27,11750,4042,14708,2173,1.488,2583,-1869,125
57,789,omega_reduce_r5_o2_n2_multiply_add_zero_epi2_fused_identity_o2__multiply_s0_o1__add_s1_o0,8192,128,6,345070308,0,0,1,6875,7518,667,10500,11500,11167,27334,29.45,5750,4334,6208,4625,1.673,7166,291,1000
58,797,omega_reduce_r2_o1_n2_multiply_add_zero_epi4_fused_identity_o4__multiply_s0_o3__add_s1_o2__square_root_s2__reciprocal_s3__multiply_s4_o1__multiply_s5_o0,256,1,8,345749736,32,0,1,5530,4446,3792,11291,10959,10417,25916,28.93,8042,3958,15333,5429,1.982,7001,1471,-332
59,799,omega_reduce_r3_o2_n2_multiply_add_zero,8192,32,4,516864,32,0,1,5762,5548,625,8375,9042,8584,20625,29.67,7959,4416,8541,3280,1.569,4626,-1136,667
60,805,omega_moe_topk_e32_k8_stacked,32,1,21,1650212,16,0,1,4780,5071,875,8292,8125,7958,20708,31.01,8334,4000,50167,3345,1.700,4125,-655,-167
61,922,omega_reduce_r4_o3_n2_multiply_add_zero_g10,32768,512,6,399256032,0,0,1,21083,20643,4667,25584,31916,28000,80375,33.90,5750,4208,9708,10833,1.514,27708,6625,6332
62,930,omega_reduce_r4_o3_n2_multiply_add_zero_epi3_fused_identity_o3__negate_o2__exponential_s1__add_s2_o1__reciprocal_s3__multiply_s4_o0__multiply_s0_s5_g10,32768,512,9,381799652,0,0,1,21560,20792,2083,27708,29625,28459,82417,35.41,12292,4083,14625,8065,1.374,25542,3982,1917
63,932,omega_reduce_r4_o3_n2_multiply_add_zero_g10,65536,1024,6,363588064,0,0,1,29571,29411,1208,33167,36125,35292,101292,36.15,9542,4417,9125,6554,1.222,31708,2137,2958
64,945,omega_reduce_r3_o2_n2_multiply_add_zero_epi10_fused_identity_o10__add_o8_o9__add_s1_o7__add_s2_o6__add_s3_o5__add_s4_o4__add_s5_o3__add_s6_o2__reciprocal_s7__multiply_s0_s8__multiply_s9_o1__add_s10_o0,32768,1024,14,1822724,0,0,1,9619,9238,208,11667,11708,11125,31083,33.23,9709,4666,17042,2089,1.217,7042,-2577,41
65,966,omega_reduce_r2_o1_n2_multiply_add_zero_epi4_fused_identity_o4__multiply_s0_o3__add_s1_o2__square_root_s2__reciprocal_s3__multiply_s4_o1__multiply_s5_o0,256,1,8,288861416,32,0,1,5530,4446,1292,11166,10958,10500,26042,28.57,7917,4167,10959,5428,1.982,6791,1261,-208
66,972,omega_reduce_r4_o3_n2_multiply_add_zero,4096,64,4,285698528,0,0,1,6518,5589,1042,10958,11833,11500,27417,27.39,7958,4083,41125,5315,1.815,7750,1232,875
67,968,omega_reduce_r4_o3_n2_multiply_add_zero,8192,128,4,286874336,0,0,0,8220,6595,625,11791,12458,12125,30084,29.41,8042,4167,9625,4238,1.516,8291,71,667
68,970,omega_reduce_r4_o3_n2_multiply_add_zero,4096,64,4,288541152,0,0,0,6518,5589,500,10959,11500,10917,27000,28.35,8250,3916,13875,4982,1.764,7584,1066,541
69,984,omega_elementwise_twin_r3_n4_fused_multiply_o0_o1__multiply_o2_o3__add_s0_s1_fused_multiply_o0_o3__multiply_o2_o1__subtract_s0_s1,256,1,7,520448,0,0,1,2774,3042,875,5625,6042,5417,12583,24.69,8000,4166,6375,3268,2.178,1876,-898,417
70,975,omega_elementwise_twin_r3_n4_fused_multiply_o0_o1__multiply_o2_o3__subtract_s0_s1_fused_multiply_o0_o3__multiply_o2_o1__add_s0_s1,512,1,7,776704,0,0,1,3399,3226,458,5583,5500,5292,12583,27.69,5500,3833,15875,2101,1.618,1667,-1732,-83
71,1017,omega_cached_attention_q1_h8_g2_d64_s3c800000_ln9223372036854775808_up0_x4_e1_k1_ds,65536,512,11,5244676,1056,0,1,47089,44399,625,49833,50125,49667,152125,39.28,7916,4416,7917,3036,1.064,45709,-1380,292
72,1017,omega_cached_attention_q1_h8_g2_d64_s3c800000_ln9223372036854775808_up0_x4_e1_k1_ds_merge,16384,16,3,336384,0,0,1,4452,4339,1000,6666,6708,6541,16167,29.31,18000,3958,41416,2256,1.507,2750,-1702,42
73,1021,omega_reduce_r5_o2_n2_multiply_add_zero_epi2_fused_identity_o2__multiply_s0_o1__add_s1_o0,8192,128,6,288111332,0,0,1,6875,7518,250,10458,10959,10709,26708,29.13,5875,4417,9416,4084,1.594,6542,-333,501
74,1029,omega_reduce_r2_o1_n2_multiply_add_zero_epi4_fused_identity_o4__multiply_s0_o3__add_s1_o2__square_root_s2__reciprocal_s3__multiply_s4_o1__multiply_s5_o0,256,1,8,288790760,32,0,1,5530,4446,1875,11291,11042,10625,26500,29.70,8167,3792,13083,5512,1.997,7250,1720,-249
75,1031,omega_reduce_r3_o2_n2_multiply_add_zero,8192,32,4,516864,32,0,1,5762,5548,708,8416,8625,8208,20459,28.64,8125,4208,8375,2863,1.497,4417,-1345,209
76,1037,omega_moe_topk_e32_k8_stacked,32,1,21,1650212,16,0,1,4780,5071,1125,8375,8375,8000,21333,31.40,8000,4125,17083,3595,1.752,4250,-530,0
77,1154,omega_reduce_r4_o3_n2_multiply_add_zero_g10,32768,512,6,342297056,0,0,1,21083,20643,750,26625,32625,27834,74917,31.01,5833,4125,12708,11542,1.547,28500,7417,6000
78,1162,omega_reduce_r4_o3_n2_multiply_add_zero_epi3_fused_identity_o3__negate_o2__exponential_s1__add_s2_o1__reciprocal_s3__multiply_s4_o0__multiply_s0_s5_g10,32768,512,9,324840676,0,0,1,21560,20792,1792,26041,29750,29333,85084,36.61,14625,4291,43416,8190,1.380,25459,3899,3709
79,1164,omega_reduce_r4_o3_n2_multiply_add_zero_g10,65536,1024,6,306629088,0,0,1,29571,29411,1250,33625,35917,35459,110375,39.60,12458,4458,10708,6346,1.215,31459,1888,2292
80,1177,omega_reduce_r3_o2_n2_multiply_add_zero_epi10_fused_identity_o10__add_o8_o9__add_s1_o7__add_s2_o6__add_s3_o5__add_s4_o4__add_s5_o3__add_s6_o2__reciprocal_s7__multiply_s0_s8__multiply_s9_o1__add_s10_o0,32768,1024,14,1822724,0,0,1,9619,9238,792,11833,11375,11084,30833,33.85,549583,4417,461292,1756,1.183,6958,-2661,-458
81,1198,omega_reduce_r2_o1_n2_multiply_add_zero_epi4_fused_identity_o4__multiply_s0_o3__add_s1_o2__square_root_s2__reciprocal_s3__multiply_s4_o1__multiply_s5_o0,256,1,8,231902440,32,0,1,5530,4446,625,11166,10625,10334,26625,30.93,16209,3833,15000,5095,1.921,6792,1262,-541
82,1204,omega_reduce_r4_o3_n2_multiply_add_zero,4096,64,4,228739552,0,0,1,6518,5589,708,10958,11458,11291,27584,31.35,11083,4042,23250,4940,1.758,7416,898,500
83,1200,omega_reduce_r4_o3_n2_multiply_add_zero,8192,128,4,229915360,0,0,0,8220,6595,1500,11916,12250,12000,30125,30.56,6958,4000,11166,4030,1.490,8250,30,334
84,1202,omega_reduce_r4_o3_n2_multiply_add_zero,4096,64,4,231582176,0,0,0,6518,5589,500,11125,11125,10875,27125,30.05,6750,3959,50833,4607,1.707,7166,648,0
85,1216,omega_elementwise_twin_r3_n4_fused_multiply_o0_o1__multiply_o2_o3__add_s0_s1_fused_multiply_o0_o3__multiply_o2_o1__subtract_s0_s1,256,1,7,520448,0,0,1,2774,3042,458,5625,5708,5417,12959,28.02,6416,3916,10084,2934,2.058,1792,-982,83
86,1207,omega_elementwise_twin_r3_n4_fused_multiply_o0_o1__multiply_o2_o3__subtract_s0_s1_fused_multiply_o0_o3__multiply_o2_o1__add_s0_s1,512,1,7,776704,0,0,1,3399,3226,458,5667,5375,5208,12833,29.53,61375,3834,16791,1976,1.581,1541,-1858,-292
87,1249,omega_cached_attention_q1_h8_g2_d64_s3c800000_ln9223372036854775808_up0_x4_e1_k1_ds,65536,512,11,5244676,1056,0,1,47089,44399,958,49916,49959,49625,152125,39.28,7542,4167,10125,2870,1.061,45792,-1297,43
88,1249,omega_cached_attention_q1_h8_g2_d64_s3c800000_ln9223372036854775808_up0_x4_e1_k1_ds_merge,16384,16,3,336384,0,0,1,4452,4339,1042,6417,6542,6333,15666,29.88,10125,3958,15084,2090,1.469,2584,-1868,125
89,1253,omega_reduce_r5_o2_n2_multiply_add_zero_epi2_fused_identity_o2__multiply_s0_o1__add_s1_o0,8192,128,6,231152356,0,0,1,6875,7518,375,10375,10708,10500,26333,30.76,6125,4000,11458,3833,1.558,6708,-167,333
90,1261,omega_reduce_r2_o1_n2_multiply_add_zero_epi4_fused_identity_o4__multiply_s0_o3__add_s1_o2__square_root_s2__reciprocal_s3__multiply_s4_o1__multiply_s5_o0,256,1,8,231831784,32,0,1,5530,4446,583,11250,10792,10417,26209,29.95,6125,3750,42292,5262,1.952,7042,1512,-458
91,1263,omega_reduce_r3_o2_n2_multiply_add_zero,8192,32,4,516864,32,0,1,5762,5548,792,8458,8459,8208,20542,29.76,6083,4084,10125,2697,1.468,4375,-1387,1
92,1269,omega_moe_topk_e32_k8_stacked,32,1,21,1650212,16,0,1,4780,5071,542,8375,8083,7875,21000,32.75,6375,4125,14541,3303,1.691,3958,-822,-292
93,1386,omega_reduce_r4_o3_n2_multiply_add_zero_g10,32768,512,6,285338080,0,0,1,21083,20643,208,25208,28541,27625,73416,32.82,5958,4084,9875,7458,1.354,24457,3374,3333
94,1394,omega_reduce_r4_o3_n2_multiply_add_zero_epi3_fused_identity_o3__negate_o2__exponential_s1__add_s2_o1__reciprocal_s3__multiply_s4_o0__multiply_s0_s5_g10,32768,512,9,267881700,0,0,1,21560,20792,375,27959,30292,28708,78708,34.31,9542,4375,14250,8732,1.405,25917,4357,2333
95,1396,omega_reduce_r4_o3_n2_multiply_add_zero_g10,65536,1024,6,249670112,0,0,1,29571,29411,708,33333,36167,35458,102333,36.14,10208,4500,10500,6596,1.223,31667,2096,2834
96,1409,omega_reduce_r3_o2_n2_multiply_add_zero_epi10_fused_identity_o10__add_o8_o9__add_s1_o7__add_s2_o6__add_s3_o5__add_s4_o4__add_s5_o3__add_s6_o2__reciprocal_s7__multiply_s0_s8__multiply_s9_o1__add_s10_o0,32768,1024,14,1822724,0,0,1,9619,9238,417,11958,11666,11250,30208,32.45,9250,4625,42542,2047,1.213,7041,-2578,-292
97,1430,omega_reduce_r2_o1_n2_multiply_add_zero_epi4_fused_identity_o4__multiply_s0_o3__add_s1_o2__square_root_s2__reciprocal_s3__multiply_s4_o1__multiply_s5_o0,256,1,8,174943464,32,0,1,5530,4446,750,11417,11125,10625,26667,29.80,6000,4000,6708,5595,2.012,7125,1595,-292
98,1436,omega_reduce_r4_o3_n2_multiply_add_zero,4096,64,4,171780576,0,0,1,6518,5589,1542,11083,11833,11416,27959,29.05,7916,4084,14250,5315,1.815,7749,1231,750
99,1432,omega_reduce_r4_o3_n2_multiply_add_zero,8192,128,4,172956384,0,0,0,8220,6595,1125,11917,12541,12083,30333,30.23,8042,4083,10833,4321,1.526,8458,238,624
100,1434,omega_reduce_r4_o3_n2_multiply_add_zero,4096,64,4,174623200,0,0,0,6518,5589,375,11084,11458,11000,27208,28.60,8333,3958,13041,4940,1.758,7500,982,374
101,1448,omega_elementwise_twin_r3_n4_fused_multiply_o0_o1__multiply_o2_o3__add_s0_s1_fused_multiply_o0_o3__multiply_o2_o1__subtract_s0_s1,256,1,7,520448,0,0,1,2774,3042,458,5625,5875,5458,12834,25.32,8209,3875,6917,3101,2.118,2000,-774,250
102,1439,omega_elementwise_twin_r3_n4_fused_multiply_o0_o1__multiply_o2_o3__subtract_s0_s1_fused_multiply_o0_o3__multiply_o2_o1__add_s0_s1,512,1,7,776704,0,0,1,3399,3226,625,5583,5625,5416,13000,28.36,5250,3916,44834,2226,1.655,1709,-1690,42
103,1481,omega_cached_attention_q1_h8_g2_d64_s3c800000_ln9223372036854775808_up0_x4_e1_k1_ds,65536,512,11,5244676,1056,0,1,47089,44399,42,49791,50250,49750,152208,38.94,6167,4250,10291,3161,1.067,46000,-1089,459
104,1481,omega_cached_attention_q1_h8_g2_d64_s3c800000_ln9223372036854775808_up0_x4_e1_k1_ds_merge,16384,16,3,336384,0,0,1,4452,4339,1083,6625,6833,6542,16625,36.60,9584,3917,14583,2381,1.535,2916,-1536,208
105,1485,omega_reduce_r5_o2_n2_multiply_add_zero_epi2_fused_identity_o2__multiply_s0_o1__add_s1_o0,8192,128,6,174193380,0,0,1,6875,7518,542,10458,11667,11250,28334,31.10,5500,4292,10459,4792,1.697,7375,500,1209
106,1493,omega_reduce_r2_o1_n2_multiply_add_zero_epi4_fused_identity_o4__multiply_s0_o3__add_s1_o2__square_root_s2__reciprocal_s3__multiply_s4_o1__multiply_s5_o0,256,1,8,174872808,32,0,1,5530,4446,2000,11167,10625,10291,26375,30.21,7666,3833,11958,5095,1.921,6792,1262,-542
107,1495,omega_reduce_r3_o2_n2_multiply_add_zero,8192,32,4,516864,32,0,1,5762,5548,792,8333,8875,8458,20791,28.61,6875,4042,6167,3113,1.540,4833,-929,542
108,1501,omega_moe_topk_e32_k8_stacked,32,1,21,1650212,16,0,1,4780,5071,833,8416,8125,7958,21000,30.92,7041,3916,39917,3345,1.700,4209,-571,-291
109,1618,omega_reduce_r4_o3_n2_multiply_add_zero_g10,32768,512,6,228379104,0,0,1,21083,20643,-42,26750,30500,27834,74209,31.59,5667,4084,9542,9417,1.447,26416,5333,3750
110,1626,omega_reduce_r4_o3_n2_multiply_add_zero_epi3_fused_identity_o3__negate_o2__exponential_s1__add_s2_o1__reciprocal_s3__multiply_s4_o0__multiply_s0_s5_g10,32768,512,9,210922724,0,0,1,21560,20792,542,27875,29959,28875,77458,32.70,10500,4209,14416,8399,1.390,25750,4190,2084
111,1628,omega_reduce_r4_o3_n2_multiply_add_zero_g10,65536,1024,6,192711136,0,0,1,29571,29411,750,33166,36042,35375,101416,35.47,9542,4417,10459,6471,1.219,31625,2054,2876
112,1641,omega_reduce_r3_o2_n2_multiply_add_zero_epi10_fused_identity_o10__add_o8_o9__add_s1_o7__add_s2_o6__add_s3_o5__add_s4_o4__add_s5_o3__add_s6_o2__reciprocal_s7__multiply_s0_s8__multiply_s9_o1__add_s10_o0,32768,1024,14,1822724,0,0,1,9619,9238,500,12083,11167,10875,30791,34.53,9375,4500,12708,1548,1.161,6667,-2952,-916
113,1662,omega_reduce_r2_o1_n2_multiply_add_zero_epi4_fused_identity_o4__multiply_s0_o3__add_s1_o2__square_root_s2__reciprocal_s3__multiply_s4_o1__multiply_s5_o0,256,1,8,117984488,32,0,1,5530,4446,583,11458,11125,10584,26791,29.24,8000,3917,10792,5595,2.012,7208,1678,-333
114,1668,omega_reduce_r4_o3_n2_multiply_add_zero,4096,64,4,114821600,0,0,1,6518,5589,375,11083,11459,11042,27458,29.15,7750,4125,39667,4941,1.758,7334,816,376
115,1664,omega_reduce_r4_o3_n2_multiply_add_zero,8192,128,4,115997408,0,0,0,8220,6595,750,11916,12459,12000,30542,31.83,7958,4125,9584,4239,1.516,8334,114,543
116,1666,omega_reduce_r4_o3_n2_multiply_add_zero,4096,64,4,117664224,0,0,0,6518,5589,792,11042,11667,10916,27583,29.01,7958,3917,12541,5149,1.790,7750,1232,625
117,1680,omega_elementwise_twin_r3_n4_fused_multiply_o0_o1__multiply_o2_o3__add_s0_s1_fused_multiply_o0_o3__multiply_o2_o1__subtract_s0_s1,256,1,7,520448,0,0,1,2774,3042,792,5542,5791,5291,12625,26.88,7959,4000,10709,3017,2.088,1791,-983,249
118,1671,omega_elementwise_twin_r3_n4_fused_multiply_o0_o1__multiply_o2_o3__subtract_s0_s1_fused_multiply_o0_o3__multiply_o2_o1__add_s0_s1,512,1,7,776704,0,0,1,3399,3226,3750,5667,5542,5333,12959,28.45,5250,3834,12958,2143,1.631,1708,-1691,-125
119,1713,omega_cached_attention_q1_h8_g2_d64_s3c800000_ln9223372036854775808_up0_x4_e1_k1_ds,65536,512,11,5244676,1056,0,1,47089,44399,1208,49834,50041,49750,151917,39.45,5500,4209,12500,2952,1.063,45832,-1257,207
120,1713,omega_cached_attention_q1_h8_g2_d64_s3c800000_ln9223372036854775808_up0_x4_e1_k1_ds_merge,16384,16,3,336384,0,0,1,4452,4339,1167,6666,6625,6458,15500,29.18,12125,3875,40375,2173,1.488,2750,-1702,-41
121,1717,omega_reduce_r5_o2_n2_multiply_add_zero_epi2_fused_identity_o2__multiply_s0_o1__add_s1_o0,8192,128,6,117234404,0,0,1,6875,7518,1375,10458,11333,10792,26458,28.85,6083,4167,10583,4458,1.648,7166,291,875
122,1725,omega_reduce_r2_o1_n2_multiply_add_zero_epi4_fused_identity_o4__multiply_s0_o3__add_s1_o2__square_root_s2__reciprocal_s3__multiply_s4_o1__multiply_s5_o0,256,1,8,117913832,32,0,1,5530,4446,500,11250,10875,10500,25875,28.73,8375,4042,12875,5345,1.967,6833,1303,-375
123,1727,omega_reduce_r3_o2_n2_multiply_add_zero,8192,32,4,516864,32,0,1,5762,5548,375,8375,8708,8333,20459,28.47,7791,4458,10834,2946,1.511,4250,-1512,333
124,1733,omega_moe_topk_e32_k8_stacked,32,1,21,1650212,16,0,1,4780,5071,750,8292,8000,7792,20750,32.16,8750,4209,12000,3220,1.674,3791,-989,-292
125,1850,omega_reduce_r4_o3_n2_multiply_add_zero_g10,32768,512,6,171420128,0,0,1,21083,20643,667,26459,32291,27583,82125,34.51,5542,4125,12959,11208,1.532,28166,7083,5832
126,1858,omega_reduce_r4_o3_n2_multiply_add_zero_epi3_fused_identity_o3__negate_o2__exponential_s1__add_s2_o1__reciprocal_s3__multiply_s4_o0__multiply_s0_s5_g10,32768,512,9,153963748,0,0,1,21560,20792,2833,27583,30333,28583,83000,36.00,10166,4375,38625,8773,1.407,25958,4398,2750
127,1860,omega_reduce_r4_o3_n2_multiply_add_zero_g10,65536,1024,6,135752160,0,0,1,29571,29411,1583,33042,36083,35417,101292,35.94,9375,4417,10125,6512,1.220,31666,2095,3041
128,1873,omega_reduce_r3_o2_n2_multiply_add_zero_epi10_fused_identity_o10__add_o8_o9__add_s1_o7__add_s2_o6__add_s3_o5__add_s4_o4__add_s5_o3__add_s6_o2__reciprocal_s7__multiply_s0_s8__multiply_s9_o1__add_s10_o0,32768,1024,14,1822724,0,0,1,9619,9238,667,11833,11625,11125,31333,34.11,10583,4250,9417,2006,1.209,7375,-2244,-208
129,1894,omega_reduce_r2_o1_n2_multiply_add_zero_epi4_fused_identity_o4__multiply_s0_o3__add_s1_o2__square_root_s2__reciprocal_s3__multiply_s4_o1__multiply_s5_o0,256,1,8,61025512,32,0,1,5530,4446,583,11292,11000,10375,26292,28.98,8083,3875,12708,5470,1.989,7125,1595,-292
130,1900,omega_reduce_r4_o3_n2_multiply_add_zero,4096,64,4,57862624,0,0,1,6518,5589,1125,11125,11583,11208,27417,28.49,8042,3875,10042,5065,1.777,7708,1190,458
131,1896,omega_reduce_r4_o3_n2_multiply_add_zero,8192,128,4,59038432,0,0,0,8220,6595,792,11916,12250,11916,30500,32.19,7666,3916,12959,4030,1.490,8334,114,334
132,1898,omega_reduce_r4_o3_n2_multiply_add_zero,4096,64,4,60705248,0,0,0,6518,5589,875,11083,11417,10958,27250,28.94,8250,4042,17792,4899,1.752,7375,857,334
133,1912,omega_elementwise_twin_r3_n4_fused_multiply_o0_o1__multiply_o2_o3__add_s0_s1_fused_multiply_o0_o3__multiply_o2_o1__subtract_s0_s1,256,1,7,520448,0,0,1,2774,3042,417,5542,5542,5292,12625,26.81,7916,3875,9417,2768,1.998,1667,-1107,0
134,1903,omega_elementwise_twin_r3_n4_fused_multiply_o0_o1__multiply_o2_o3__subtract_s0_s1_fused_multiply_o0_o3__multiply_o2_o1__add_s0_s1,512,1,7,776704,0,0,1,3399,3226,333,5584,5542,5333,12625,27.89,5500,3958,12542,2143,1.631,1584,-1815,-42
135,1945,omega_cached_attention_q1_h8_g2_d64_s3c800000_ln9223372036854775808_up0_x4_e1_k1_ds,65536,512,11,5244676,1056,0,1,47089,44399,667,49792,49958,49708,151958,38.80,5459,4458,8292,2869,1.061,45500,-1589,166
136,1945,omega_cached_attention_q1_h8_g2_d64_s3c800000_ln9223372036854775808_up0_x4_e1_k1_ds_merge,16384,16,3,336384,0,0,1,4452,4339,1083,6542,6542,6417,15417,32.14,9584,4000,12542,2090,1.469,2542,-1910,0
137,1949,omega_reduce_r5_o2_n2_multiply_add_zero_epi2_fused_identity_o2__multiply_s0_o1__add_s1_o0,8192,128,6,60275428,0,0,1,6875,7518,1125,10500,11667,11333,27084,29.98,5458,4250,9708,4792,1.697,7417,542,1167
138,1957,omega_reduce_r2_o1_n2_multiply_add_zero_epi4_fused_identity_o4__multiply_s0_o3__add_s1_o2__square_root_s2__reciprocal_s3__multiply_s4_o1__multiply_s5_o0,256,1,8,60954856,32,0,1,5530,4446,1042,11292,10667,10250,26375,29.77,6292,3750,17584,5137,1.929,6917,1387,-625
139,1959,omega_reduce_r3_o2_n2_multiply_add_zero,8192,32,4,516864,32,0,1,5762,5548,1417,8458,8667,8333,21209,29.65,7833,4291,12292,2905,1.504,4376,-1386,209
140,1965,omega_moe_topk_e32_k8_stacked,32,1,21,1650212,16,0,1,4780,5071,667,8334,8125,7625,20750,31.67,7916,3958,12542,3345,1.700,4167,-613,-209
141,2082,omega_reduce_r4_o3_n2_multiply_add_zero_g10,32768,512,6,114461152,0,0,1,21083,20643,2208,26333,32208,27875,74541,29.22,5541,4500,12708,11125,1.528,27708,6625,5875
142,2090,omega_reduce_r4_o3_n2_multiply_add_zero_epi3_fused_identity_o3__negate_o2__exponential_s1__add_s2_o1__reciprocal_s3__multiply_s4_o0__multiply_s0_s5_g10,32768,512,9,97004772,0,0,1,21560,20792,2042,26417,29791,28750,84917,36.18,12000,4208,13000,8231,1.382,25583,4023,3374
143,2092,omega_reduce_r4_o3_n2_multiply_add_zero_g10,65536,1024,6,78793184,0,0,1,29571,29411,1667,33209,36083,35583,100625,34.68,9291,4708,11042,6512,1.220,31375,1804,2874
144,2105,omega_reduce_r3_o2_n2_multiply_add_zero_epi10_fused_identity_o10__add_o8_o9__add_s1_o7__add_s2_o6__add_s3_o5__add_s4_o4__add_s5_o3__add_s6_o2__reciprocal_s7__multiply_s0_s8__multiply_s9_o1__add_s10_o0,32768,1024,14,1822724,0,0,1,9619,9238,250,11833,11667,11125,29834,31.82,9458,4625,14125,2048,1.213,7042,-2577,-166
145,2126,omega_reduce_r2_o1_n2_multiply_add_zero_epi4_fused_identity_o4__multiply_s0_o3__add_s1_o2__square_root_s2__reciprocal_s3__multiply_s4_o1__multiply_s5_o0,256,1,8,4066536,32,0,1,5530,4446,417,11417,11458,11000,26958,28.14,8000,3875,8709,5928,2.072,7583,2053,41
146,2132,omega_reduce_r4_o3_n2_multiply_add_zero,4096,64,4,903648,0,0,1,6518,5589,875,11125,11833,11250,27375,27.26,6209,4042,12292,5315,1.815,7791,1273,708
147,2128,omega_reduce_r4_o3_n2_multiply_add_zero,8192,128,4,2079456,0,0,0,8220,6595,542,11834,12584,12250,29875,28.36,6000,4250,12208,4364,1.531,8334,114,750
148,2130,omega_reduce_r4_o3_n2_multiply_add_zero,4096,64,4,3746272,0,0,0,6518,5589,875,10917,11416,10792,26625,27.95,7041,4209,12541,4898,1.751,7207,689,499
149,2144,omega_elementwise_twin_r3_n4_fused_multiply_o0_o1__multiply_o2_o3__add_s0_s1_fused_multiply_o0_o3__multiply_o2_o1__subtract_s0_s1,256,1,7,520448,0,0,1,2774,3042,1042,5458,6083,5417,12958,24.40,7958,4250,11167,3309,2.193,1833,-941,625
150,2135,omega_elementwise_twin_r3_n4_fused_multiply_o0_o1__multiply_o2_o3__subtract_s0_s1_fused_multiply_o0_o3__multiply_o2_o1__add_s0_s1,512,1,7,776704,0,0,1,3399,3226,375,5375,5334,5208,13083,29.01,5375,3958,13958,1935,1.569,1376,-2023,-41
151,2177,omega_cached_attention_q1_h8_g2_d64_s3c800000_ln9223372036854775808_up0_x4_e1_k1_ds,65536,512,11,5244676,1056,0,1,47089,44399,1250,49459,50375,49792,152792,38.18,5667,4458,9334,3286,1.070,45917,-1172,916
152,2177,omega_cached_attention_q1_h8_g2_d64_s3c800000_ln9223372036854775808_up0_x4_e1_k1_ds_merge,16384,16,3,336384,0,0,1,4452,4339,1333,6250,6750,6542,15625,27.12,11042,4041,12625,2298,1.516,2709,-1743,500
153,2181,omega_reduce_r5_o2_n2_multiply_add_zero_epi2_fused_identity_o2__multiply_s0_o1__add_s1_o0,8192,128,6,3316452,0,0,1,6875,7518,1000,10375,11167,10833,26584,28.61,5625,4125,11708,4292,1.624,7042,167,792
154,2189,omega_reduce_r2_o1_n2_multiply_add_zero_epi4_fused_identity_o4__multiply_s0_o3__add_s1_o2__square_root_s2__reciprocal_s3__multiply_s4_o1__multiply_s5_o0,256,1,8,3995880,32,0,1,5530,4446,417,10708,10750,10292,26125,28.96,8125,3875,12792,5220,1.944,6875,1345,42
155,2191,omega_reduce_r3_o2_n2_multiply_add_zero,8192,32,4,516864,32,0,1,5762,5548,1000,7958,8667,8167,20292,27.69,8125,4500,13417,2905,1.504,4167,-1595,709
156,2197,omega_moe_topk_e32_k8_stacked,32,1,21,1650212,16,0,1,4780,5071,625,8042,8458,7958,20833,30.37,8958,4167,12916,3678,1.770,4291,-489,416
157,2314,omega_reduce_r4_o3_n2_multiply_add_zero_g10,32768,512,6,57502176,0,0,1,21083,20643,2958,25250,31833,27750,81833,33.91,5625,4667,9667,10750,1.510,27166,6083,6583
158,2322,omega_reduce_r4_o3_n2_multiply_add_zero_epi3_fused_identity_o3__negate_o2__exponential_s1__add_s2_o1__reciprocal_s3__multiply_s4_o0__multiply_s0_s5_g10,32768,512,9,40045796,0,0,1,21560,20792,1583,27750,29833,28875,84292,35.35,12167,4250,14708,8273,1.384,25583,4023,2083
159,2324,omega_reduce_r4_o3_n2_multiply_add_zero_g10,65536,1024,6,21834208,0,0,1,29571,29411,1625,33167,36000,35291,102292,35.74,13375,4750,9917,6429,1.217,31250,1679,2833
160,2337,omega_reduce_r3_o2_n2_multiply_add_zero_epi10_fused_identity_o10__add_o8_o9__add_s1_o7__add_s2_o6__add_s3_o5__add_s4_o4__add_s5_o3__add_s6_o2__reciprocal_s7__multiply_s0_s8__multiply_s9_o1__add_s10_o0,32768,1024,14,1822724,0,0,1,9619,9238,208,11333,11458,10958,26042,26.70,520625,4500,451250,1839,1.191,6958,-2661,125
161,2358,omega_reduce_r2_o1_n2_multiply_add_zero_epi4_fused_identity_o4__multiply_s0_o3__add_s1_o2__square_root_s2__reciprocal_s3__multiply_s4_o1__multiply_s5_o0,256,1,8,1200205032,32,0,1,5530,4446,583,10917,10833,10584,22875,23.82,14625,3959,14959,5303,1.959,6874,1344,-84
162,2364,omega_reduce_r4_o3_n2_multiply_add_zero,4096,64,4,1197042144,0,0,1,6518,5589,1000,10459,11542,11167,23458,22.82,10792,4208,23084,5024,1.771,7334,816,1083
163,2360,omega_reduce_r4_o3_n2_multiply_add_zero,8192,128,4,1198217952,0,0,0,8220,6595,875,11708,12333,12041,26000,24.74,6708,3875,10542,4113,1.500,8458,238,625
164,2362,omega_reduce_r4_o3_n2_multiply_add_zero,4096,64,4,1199884768,0,0,0,6518,5589,1000,10708,11166,10958,22958,23.29,6375,4000,13875,4648,1.713,7166,648,458
165,2376,omega_elementwise_twin_r3_n4_fused_multiply_o0_o1__multiply_o2_o3__add_s0_s1_fused_multiply_o0_o3__multiply_o2_o1__subtract_s0_s1,256,1,7,520448,0,0,1,2774,3042,917,5416,5750,5375,11334,21.79,6584,3833,11625,2976,2.073,1917,-857,334
166,2367,omega_elementwise_twin_r3_n4_fused_multiply_o0_o1__multiply_o2_o3__subtract_s0_s1_fused_multiply_o0_o3__multiply_o2_o1__add_s0_s1,512,1,7,776704,0,0,1,3399,3226,417,5375,5542,5208,10917,22.42,59916,4000,12000,2143,1.631,1542,-1857,167
167,2409,omega_cached_attention_q1_h8_g2_d64_s3c800000_ln9223372036854775808_up0_x4_e1_k1_ds,65536,512,11,5244676,1056,0,1,47089,44399,542,49417,49875,49541,128500,32.84,10250,4209,12083,2786,1.059,45666,-1423,458
168,2409,omega_cached_attention_q1_h8_g2_d64_s3c800000_ln9223372036854775808_up0_x4_e1_k1_ds_merge,16384,16,3,336384,0,0,1,4452,4339,1833,6250,6625,6416,13542,23.92,9000,4083,11458,2173,1.488,2542,-1910,375
169,2413,omega_reduce_r5_o2_n2_multiply_add_zero_epi2_fused_identity_o2__multiply_s0_o1__add_s1_o0,8192,128,6,1199454948,0,0,1,6875,7518,833,9958,10875,10584,22167,24.45,6208,4375,10500,4000,1.582,6500,-375,917
170,2421,omega_reduce_r2_o1_n2_multiply_add_zero_epi4_fused_identity_o4__multiply_s0_o3__add_s1_o2__square_root_s2__reciprocal_s3__multiply_s4_o1__multiply_s5_o0,256,1,8,1200134376,32,0,1,5530,4446,667,10625,10541,10292,22375,24.90,6375,3916,11666,5011,1.906,6625,1095,-84
171,2423,omega_reduce_r3_o2_n2_multiply_add_zero,8192,32,4,516864,32,0,1,5762,5548,625,8125,8541,8291,17541,23.35,6083,4084,10208,2779,1.482,4457,-1305,416
172,2429,omega_moe_topk_e32_k8_stacked,32,1,21,1650212,16,0,1,4780,5071,667,7958,7917,7666,17667,27.00,6250,4041,11500,3137,1.656,3876,-904,-41
173,2546,omega_reduce_r4_o3_n2_multiply_add_zero_g10,32768,512,6,1253640672,0,0,1,21083,20643,3125,25833,28625,27792,62834,27.50,6083,4084,10625,7542,1.358,24541,3458,2792
174,2554,omega_reduce_r4_o3_n2_multiply_add_zero_epi3_fused_identity_o3__negate_o2__exponential_s1__add_s2_o1__reciprocal_s3__multiply_s4_o0__multiply_s0_s5_g10,32768,512,9,1236184292,0,0,1,21560,20792,3542,27750,29875,28791,64167,27.12,10083,4375,11333,8315,1.386,25500,3940,2125
175,2556,omega_reduce_r4_o3_n2_multiply_add_zero_g10,65536,1024,6,1217972704,0,0,1,29571,29411,1292,33167,36125,35625,83875,28.69,9708,4417,11542,6554,1.222,31708,2137,2958
176,2569,omega_reduce_r3_o2_n2_multiply_add_zero_epi10_fused_identity_o10__add_o8_o9__add_s1_o7__add_s2_o6__add_s3_o5__add_s4_o4__add_s5_o3__add_s6_o2__reciprocal_s7__multiply_s0_s8__multiply_s9_o1__add_s10_o0,32768,1024,14,1822724,0,0,1,9619,9238,375,11416,11708,11375,25250,25.65,9125,4542,12083,2089,1.217,7166,-2453,292
177,2590,omega_reduce_r2_o1_n2_multiply_add_zero_epi4_fused_identity_o4__multiply_s0_o3__add_s1_o2__square_root_s2__reciprocal_s3__multiply_s4_o1__multiply_s5_o0,256,1,8,1143246056,32,0,1,5530,4446,583,11000,11250,10792,22666,23.29,8000,3833,10250,5720,2.034,7417,1887,250
178,2596,omega_reduce_r4_o3_n2_multiply_add_zero,4096,64,4,1140083168,0,0,1,6518,5589,750,10708,11625,11292,23708,23.63,8000,4208,11292,5107,1.784,7417,899,917
179,2592,omega_reduce_r4_o3_n2_multiply_add_zero,8192,128,4,1141258976,0,0,0,8220,6595,500,11750,12500,12041,25666,24.45,8000,3875,10250,4280,1.521,8625,405,750
180,2594,omega_reduce_r4_o3_n2_multiply_add_zero,4096,64,4,1142925792,0,0,0,6518,5589,792,10792,11459,10958,23084,22.66,8334,3875,11250,4941,1.758,7584,1066,667
181,2608,omega_elementwise_twin_r3_n4_fused_multiply_o0_o1__multiply_o2_o3__add_s0_s1_fused_multiply_o0_o3__multiply_o2_o1__subtract_s0_s1,256,1,7,520448,0,0,1,2774,3042,292,5375,5750,5167,10750,21.11,8042,3750,9542,2976,2.073,2000,-774,375
182,2599,omega_elementwise_twin_r3_n4_fused_multiply_o0_o1__multiply_o2_o3__subtract_s0_s1_fused_multiply_o0_o3__multiply_o2_o1__add_s0_s1,512,1,7,776704,0,0,1,3399,3226,333,5584,5208,5083,11083,24.41,5500,3708,10541,1809,1.532,1500,-1899,-376
183,2641,omega_cached_attention_q1_h8_g2_d64_s3c800000_ln9223372036854775808_up0_x4_e1_k1_ds,65536,512,11,5244676,1056,0,1,47089,44399,1958,49750,49958,49584,122667,30.64,5917,4084,10125,2869,1.061,45874,-1215,208
184,2641,omega_cached_attention_q1_h8_g2_d64_s3c800000_ln9223372036854775808_up0_x4_e1_k1_ds_merge,16384,16,3,336384,0,0,1,4452,4339,1500,6750,6750,6459,13500,23.24,9542,3792,10666,2298,1.516,2958,-1494,0
185,2645,omega_reduce_r5_o2_n2_multiply_add_zero_epi2_fused_identity_o2__multiply_s0_o1__add_s1_o0,8192,128,6,1142495972,0,0,1,6875,7518,542,10375,11250,10875,22042,23.76,5583,4125,14625,4375,1.636,7125,250,875
186,2653,omega_reduce_r2_o1_n2_multiply_add_zero_epi4_fused_identity_o4__multiply_s0_o3__add_s1_o2__square_root_s2__reciprocal_s3__multiply_s4_o1__multiply_s5_o0,256,1,8,1143175400,32,0,1,5530,4446,667,11166,10833,10167,22125,23.82,7917,3833,10750,5303,1.959,7000,1470,-333
187,2655,omega_reduce_r3_o2_n2_multiply_add_zero,8192,32,4,516864,32,0,1,5762,5548,708,8250,8750,8208,17500,22.97,7750,3958,11084,2988,1.519,4792,-970,500
188,2661,omega_moe_topk_e32_k8_stacked,32,1,21,1650212,16,0,1,4780,5071,542,8250,8375,7875,17833,25.54,8459,3959,10208,3595,1.752,4416,-364,125
189,2778,omega_reduce_r4_o3_n2_multiply_add_zero_g10,32768,512,6,1196681696,0,0,1,21083,20643,2292,25083,30417,27958,63750,26.34,6541,4166,12375,9334,1.443,26251,5168,5334
190,2786,omega_reduce_r4_o3_n2_multiply_add_zero_epi3_fused_identity_o3__negate_o2__exponential_s1__add_s2_o1__reciprocal_s3__multiply_s4_o0__multiply_s0_s5_g10,32768,512,9,1179225316,0,0,1,21560,20792,4625,28042,29541,28917,64000,27.42,9792,4084,12583,7981,1.370,25457,3897,1499
191,2788,omega_reduce_r4_o3_n2_multiply_add_zero_g10,65536,1024,6,1161013728,0,0,1,29571,29411,-1042,33333,36000,35292,83375,28.23,10000,4375,13375,6429,1.217,31625,2054,2667
192,2801,omega_reduce_r3_o2_n2_multiply_add_zero_epi10_fused_identity_o10__add_o8_o9__add_s1_o7__add_s2_o6__add_s3_o5__add_s4_o4__add_s5_o3__add_s6_o2__reciprocal_s7__multiply_s0_s8__multiply_s9_o1__add_s10_o0,32768,1024,14,1822724,0,0,1,9619,9238,250,11709,11625,11084,24666,26.89,9542,4500,11042,2006,1.209,7125,-2494,-84
193,2822,omega_reduce_r2_o1_n2_multiply_add_zero_epi4_fused_identity_o4__multiply_s0_o3__add_s1_o2__square_root_s2__reciprocal_s3__multiply_s4_o1__multiply_s5_o0,256,1,8,1086287080,32,0,1,5530,4446,792,11292,10958,10458,23042,24.24,7833,3834,12875,5428,1.982,7124,1594,-334
194,2828,omega_reduce_r4_o3_n2_multiply_add_zero,4096,64,4,1083124192,0,0,1,6518,5589,792,11083,11750,11292,23916,23.16,8083,4666,10209,5232,1.803,7084,566,667
195,2824,omega_reduce_r4_o3_n2_multiply_add_zero,8192,128,4,1084300000,0,0,0,8220,6595,1167,11958,12500,12125,25458,24.18,8041,4250,12125,4280,1.521,8250,30,542
196,2826,omega_reduce_r4_o3_n2_multiply_add_zero,4096,64,4,1085966816,0,0,0,6518,5589,458,11042,11583,11209,23375,23.35,8125,4125,12167,5065,1.777,7458,940,541
197,2840,omega_elementwise_twin_r3_n4_fused_multiply_o0_o1__multiply_o2_o3__add_s0_s1_fused_multiply_o0_o3__multiply_o2_o1__subtract_s0_s1,256,1,7,520448,0,0,1,2774,3042,375,5584,5750,5500,11542,22.69,8291,4041,13667,2976,2.073,1709,-1065,166
198,2831,omega_elementwise_twin_r3_n4_fused_multiply_o0_o1__multiply_o2_o3__subtract_s0_s1_fused_multiply_o0_o3__multiply_o2_o1__add_s0_s1,512,1,7,776704,0,0,1,3399,3226,292,5667,5417,5292,10958,23.78,5500,4042,12958,2018,1.594,1375,-2024,-250
199,2873,omega_cached_attention_q1_h8_g2_d64_s3c800000_ln9223372036854775808_up0_x4_e1_k1_ds,65536,512,11,5244676,1056,0,1,47089,44399,792,49792,50167,49666,122916,31.23,7667,4416,16042,3078,1.065,45751,-1338,375
200,2873,omega_cached_attention_q1_h8_g2_d64_s3c800000_ln9223372036854775808_up0_x4_e1_k1_ds_merge,16384,16,3,336384,0,0,1,4452,4339,1000,6500,6583,6417,14291,30.07,10875,3917,12834,2131,1.479,2666,-1786,83
201,2877,omega_reduce_r5_o2_n2_multiply_add_zero_epi2_fused_identity_o2__multiply_s0_o1__add_s1_o0,8192,128,6,1085536996,0,0,1,6875,7518,500,10500,11083,10792,30250,34.17,5541,4417,12708,4208,1.612,6666,-209,583
202,2885,omega_reduce_r2_o1_n2_multiply_add_zero_epi4_fused_identity_o4__multiply_s0_o3__add_s1_o2__square_root_s2__reciprocal_s3__multiply_s4_o1__multiply_s5_o0,256,1,8,1086216424,32,0,1,5530,4446,542,11334,11000,10542,22667,23.86,8250,3833,10791,5470,1.989,7167,1637,-334
203,2887,omega_reduce_r3_o2_n2_multiply_add_zero,8192,32,4,516864,32,0,1,5762,5548,458,8333,8625,8208,17291,22.67,8000,4292,9417,2863,1.497,4333,-1429,292
204,2893,omega_moe_topk_e32_k8_stacked,32,1,21,1650212,16,0,1,4780,5071,750,8291,8333,7917,17875,25.83,8916,4125,12500,3553,1.743,4208,-572,42
205,3010,omega_reduce_r4_o3_n2_multiply_add_zero_g10,32768,512,6,1139722720,0,0,1,21083,20643,2625,25042,29333,27792,61500,26.52,8667,4291,15833,8250,1.391,25042,3959,4291
206,3018,omega_reduce_r4_o3_n2_multiply_add_zero_epi3_fused_identity_o3__negate_o2__exponential_s1__add_s2_o1__reciprocal_s3__multiply_s4_o0__multiply_s0_s5_g10,32768,512,9,1122266340,0,0,1,21560,20792,1042,27875,29500,28667,64083,28.16,9334,4292,12958,7940,1.368,25208,3648,1625
207,3020,omega_reduce_r4_o3_n2_multiply_add_zero_g10,65536,1024,6,1104054752,0,0,1,29571,29411,4958,34208,36208,35542,83750,29.01,9541,4583,10917,6637,1.224,31625,2054,2000
208,3033,omega_reduce_r3_o2_n2_multiply_add_zero_epi10_fused_identity_o10__add_o8_o9__add_s1_o7__add_s2_o6__add_s3_o5__add_s4_o4__add_s5_o3__add_s6_o2__reciprocal_s7__multiply_s0_s8__multiply_s9_o1__add_s10_o0,32768,1024,14,1822724,0,0,1,9619,9238,-83,11709,11500,10958,24917,27.88,9958,4375,12125,1881,1.196,7125,-2494,-209
209,3054,omega_reduce_r2_o1_n2_multiply_add_zero_epi4_fused_identity_o4__multiply_s0_o3__add_s1_o2__square_root_s2__reciprocal_s3__multiply_s4_o1__multiply_s5_o0,256,1,8,1029328104,32,0,1,5530,4446,583,11208,11042,10334,25083,27.35,8084,4250,13333,5512,1.997,6792,1262,-166
210,3060,omega_reduce_r4_o3_n2_multiply_add_zero,4096,64,4,1026165216,0,0,1,6518,5589,708,11000,11708,11250,22750,22.53,8084,4000,12417,5190,1.796,7708,1190,708
211,3056,omega_reduce_r4_o3_n2_multiply_add_zero,8192,128,4,1027341024,0,0,0,8220,6595,417,11958,12625,12125,24042,23.48,8125,4125,6875,4405,1.536,8500,280,667
212,3058,omega_reduce_r4_o3_n2_multiply_add_zero,4096,64,4,1029007840,0,0,0,6518,5589,708,11083,11583,11000,21292,21.50,8083,4083,12708,5065,1.777,7500,982,500
213,3072,omega_elementwise_twin_r3_n4_fused_multiply_o0_o1__multiply_o2_o3__add_s0_s1_fused_multiply_o0_o3__multiply_o2_o1__subtract_s0_s1,256,1,7,520448,0,0,1,2774,3042,417,5625,5917,5292,9916,19.24,7833,3958,10709,3143,2.133,1959,-815,292
214,3063,omega_elementwise_twin_r3_n4_fused_multiply_o0_o1__multiply_o2_o3__subtract_s0_s1_fused_multiply_o0_o3__multiply_o2_o1__add_s0_s1,512,1,7,776704,0,0,1,3399,3226,583,5625,5666,5292,9792,19.85,5500,4000,10833,2267,1.667,1666,-1733,41
215,3105,omega_cached_attention_q1_h8_g2_d64_s3c800000_ln9223372036854775808_up0_x4_e1_k1_ds,65536,512,11,5244676,1056,0,1,47089,44399,1667,49875,50041,49584,124292,31.80,7750,4209,12708,2952,1.063,45832,-1257,166
216,3105,omega_cached_attention_q1_h8_g2_d64_s3c800000_ln9223372036854775808_up0_x4_e1_k1_ds_merge,16384,16,3,336384,0,0,1,4452,4339,917,6459,6667,6417,12208,22.94,9541,3750,12416,2215,1.497,2917,-1535,208
217,3109,omega_reduce_r5_o2_n2_multiply_add_zero_epi2_fused_identity_o2__multiply_s0_o1__add_s1_o0,8192,128,6,1028578020,0,0,1,6875,7518,542,10458,10833,10625,20958,25.43,6500,4250,12333,3958,1.576,6583,-292,375
218,3117,omega_reduce_r2_o1_n2_multiply_add_zero_epi4_fused_identity_o4__multiply_s0_o3__add_s1_o2__square_root_s2__reciprocal_s3__multiply_s4_o1__multiply_s5_o0,256,1,8,1029257448,32,0,1,5530,4446,375,11209,10917,10333,23583,26.31,8167,3916,13416,5387,1.974,7001,1471,-292
219,3119,omega_reduce_r3_o2_n2_multiply_add_zero,8192,32,4,516864,32,0,1,5762,5548,583,8375,8667,8125,17334,23.86,8250,4209,10000,2905,1.504,4458,-1304,292
220,3125,omega_moe_topk_e32_k8_stacked,32,1,21,1650212,16,0,1,4780,5071,542,8375,8667,8083,16458,22.19,8917,4084,11834,3887,1.813,4583,-197,292
221,3242,omega_reduce_r4_o3_n2_multiply_add_zero_g10,32768,512,6,1082763744,0,0,1,21083,20643,2625,26458,29083,28416,63625,29.02,8792,4375,13667,8000,1.379,24708,3625,2625
222,3250,omega_reduce_r4_o3_n2_multiply_add_zero_epi3_fused_identity_o3__negate_o2__exponential_s1__add_s2_o1__reciprocal_s3__multiply_s4_o0__multiply_s0_s5_g10,32768,512,9,1065307364,0,0,1,21560,20792,833,27916,30875,28667,61125,27.05,9416,4250,12458,9315,1.432,26625,5065,2959
223,3252,omega_reduce_r4_o3_n2_multiply_add_zero_g10,65536,1024,6,1047095776,0,0,1,29571,29411,1625,33250,36166,35208,82667,29.23,9792,4375,13084,6595,1.223,31791,2220,2916
224,3265,omega_reduce_r3_o2_n2_multiply_add_zero_epi10_fused_identity_o10__add_o8_o9__add_s1_o7__add_s2_o6__add_s3_o5__add_s4_o4__add_s5_o3__add_s6_o2__reciprocal_s7__multiply_s0_s8__multiply_s9_o1__add_s10_o0,32768,1024,14,1822724,0,0,1,9619,9238,208,11875,11875,11167,26500,27.24,11958,4333,13000,2256,1.235,7542,-2077,0
225,3286,omega_reduce_r2_o1_n2_multiply_add_zero_epi4_fused_identity_o4__multiply_s0_o3__add_s1_o2__square_root_s2__reciprocal_s3__multiply_s4_o1__multiply_s5_o0,256,1,8,972369128,32,0,1,5530,4446,583,11292,11083,10542,23291,25.64,7916,3875,9584,5553,2.004,7208,1678,-209
226,3292,omega_reduce_r4_o3_n2_multiply_add_zero,4096,64,4,969206240,0,0,1,6518,5589,875,10916,11792,11375,24208,24.58,8083,4125,12709,5274,1.809,7667,1149,876
227,3288,omega_reduce_r4_o3_n2_multiply_add_zero,8192,128,4,970382048,0,0,0,8220,6595,625,11916,12375,12083,26625,26.22,8125,4042,13625,4155,1.505,8333,113,459
228,3290,omega_reduce_r4_o3_n2_multiply_add_zero,4096,64,4,972048864,0,0,0,6518,5589,750,11000,11625,11167,23709,23.85,8250,3834,13125,5107,1.784,7791,1273,625
229,3304,omega_elementwise_twin_r3_n4_fused_multiply_o0_o1__multiply_o2_o3__add_s0_s1_fused_multiply_o0_o3__multiply_o2_o1__subtract_s0_s1,256,1,7,520448,0,0,1,2774,3042,500,5625,6250,5750,12459,22.39,8042,4125,13292,3476,2.253,2125,-649,625
230,3295,omega_elementwise_twin_r3_n4_fused_multiply_o0_o1__multiply_o2_o3__subtract_s0_s1_fused_multiply_o0_o3__multiply_o2_o1__add_s0_s1,512,1,7,776704,0,0,1,3399,3226,458,5584,5500,5250,12125,29.83,5292,3792,12541,2101,1.618,1708,-1691,-84
231,3337,omega_cached_attention_q1_h8_g2_d64_s3c800000_ln9223372036854775808_up0_x4_e1_k1_ds,65536,512,11,5244676,1056,0,1,47089,44399,458,49875,50250,49750,123875,31.77,7292,4375,11583,3161,1.067,45875,-1214,375
232,3337,omega_cached_attention_q1_h8_g2_d64_s3c800000_ln9223372036854775808_up0_x4_e1_k1_ds_merge,16384,16,3,336384,0,0,1,4452,4339,1042,6583,6708,6500,14625,25.66,11917,3833,12917,2256,1.507,2875,-1577,125
233,3341,omega_reduce_r5_o2_n2_multiply_add_zero_epi2_fused_identity_o2__multiply_s0_o1__add_s1_o0,8192,128,6,971619044,0,0,1,6875,7518,1167,10417,11166,10792,22250,24.98,5750,4292,13292,4291,1.624,6874,-1,749
234,3349,omega_reduce_r2_o1_n2_multiply_add_zero_epi4_fused_identity_o4__multiply_s0_o3__add_s1_o2__square_root_s2__reciprocal_s3__multiply_s4_o1__multiply_s5_o0,256,1,8,972298472,32,0,1,5530,4446,792,11250,11042,10625,22625,24.06,8375,3959,13042,5512,1.997,7083,1553,-208
235,3351,omega_reduce_r3_o2_n2_multiply_add_zero,8192,32,4,516864,32,0,1,5762,5548,750,8083,8875,8250,19417,26.04,8416,4291,12625,3113,1.540,4584,-1178,792
236,3357,omega_moe_topk_e32_k8_stacked,32,1,21,1650212,16,0,1,4780,5071,708,8125,8541,7958,19083,26.82,8833,4167,13083,3761,1.787,4374,-406,416
237,3474,omega_reduce_r4_o3_n2_multiply_add_zero_g10,32768,512,6,1025804768,0,0,1,21083,20643,-917,33375,29209,27833,61750,28.02,8375,4042,9542,8126,1.385,25167,4084,-4166
238,3482,omega_reduce_r4_o3_n2_multiply_add_zero_epi3_fused_identity_o3__negate_o2__exponential_s1__add_s2_o1__reciprocal_s3__multiply_s4_o0__multiply_s0_s5_g10,32768,512,9,1008348388,0,0,1,21560,20792,875,27709,31666,28875,69375,30.19,13041,4291,14709,10106,1.469,27375,5815,3957
239,3484,omega_reduce_r4_o3_n2_multiply_add_zero_g10,65536,1024,6,990136800,0,0,1,29571,29411,1125,42375,35750,35375,82958,29.13,13375,4500,8875,6179,1.209,31250,1679,-6625
240,3497,omega_reduce_r3_o2_n2_multiply_add_zero_epi10_fused_identity_o10__add_o8_o9__add_s1_o7__add_s2_o6__add_s3_o5__add_s4_o4__add_s5_o3__add_s6_o2__reciprocal_s7__multiply_s0_s8__multiply_s9_o1__add_s10_o0,32768,1024,14,1822724,0,0,1,9619,9238,542,11583,11666,11042,23917,24.26,527083,4583,482667,2047,1.213,7083,-2536,83
241,3518,omega_reduce_r2_o1_n2_multiply_add_zero_epi4_fused_identity_o4__multiply_s0_o3__add_s1_o2__square_root_s2__reciprocal_s3__multiply_s4_o1__multiply_s5_o0,256,1,8,915410152,32,0,1,5530,4446,875,10916,10625,10500,23750,26.41,16458,3917,15292,5095,1.921,6708,1178,-291
242,3524,omega_reduce_r4_o3_n2_multiply_add_zero,4096,64,4,912247264,0,0,1,6518,5589,750,10667,11375,11125,22083,22.49,10750,4083,23083,4857,1.745,7292,774,708
243,3520,omega_reduce_r4_o3_n2_multiply_add_zero,8192,128,4,913423072,0,0,0,8220,6595,792,11583,12458,12250,24500,24.78,6833,3959,11209,4238,1.516,8499,279,875
244,3522,omega_reduce_r4_o3_n2_multiply_add_zero,4096,64,4,915089888,0,0,0,6518,5589,667,10708,11250,10875,22625,23.95,6791,4041,57708,4732,1.726,7209,691,542
245,3536,omega_elementwise_twin_r3_n4_fused_multiply_o0_o1__multiply_o2_o3__add_s0_s1_fused_multiply_o0_o3__multiply_o2_o1__subtract_s0_s1,256,1,7,520448,0,0,1,2774,3042,833,5292,5792,5375,10208,20.94,7250,3959,10750,3018,2.088,1833,-941,500
246,3527,omega_elementwise_twin_r3_n4_fused_multiply_o0_o1__multiply_o2_o3__subtract_s0_s1_fused_multiply_o0_o3__multiply_o2_o1__add_s0_s1,512,1,7,776704,0,0,1,3399,3226,625,5375,5667,5333,10250,21.69,67208,4042,17917,2268,1.667,1625,-1774,292
247,3569,omega_cached_attention_q1_h8_g2_d64_s3c800000_ln9223372036854775808_up0_x4_e1_k1_ds,65536,512,11,5244676,1056,0,1,47089,44399,1583,49458,49917,49708,122333,31.67,7375,4250,10625,2828,1.060,45667,-1422,459
248,3569,omega_cached_attention_q1_h8_g2_d64_s3c800000_ln9223372036854775808_up0_x4_e1_k1_ds_merge,16384,16,3,336384,0,0,1,4452,4339,917,6417,6708,6500,12458,22.68,10542,3917,15334,2256,1.507,2791,-1661,291
249,3573,omega_reduce_r5_o2_n2_multiply_add_zero_epi2_fused_identity_o2__multiply_s0_o1__add_s1_o0,8192,128,6,914660068,0,0,1,6875,7518,917,10375,11000,10792,21500,25.39,5917,4250,10791,4125,1.600,6750,-125,625
250,3581,omega_reduce_r2_o1_n2_multiply_add_zero_epi4_fused_identity_o4__multiply_s0_o3__add_s1_o2__square_root_s2__reciprocal_s3__multiply_s4_o1__multiply_s5_o0,256,1,8,915339496,32,0,1,5530,4446,583,11083,10542,10208,23458,26.78,6042,4000,43667,5012,1.906,6542,1012,-541
251,3583,omega_reduce_r3_o2_n2_multiply_add_zero,8192,32,4,516864,32,0,1,5762,5548,542,8417,8500,8250,16500,23.22,6000,4125,10208,2738,1.475,4375,-1387,83
252,3589,omega_moe_topk_e32_k8_stacked,32,1,21,1650212,16,0,1,4780,5071,708,8083,8042,7875,19375,29.52,6542,3959,15833,3262,1.683,4083,-697,-41
253,3706,omega_reduce_r4_o3_n2_multiply_add_zero_g10,32768,512,6,968845792,0,0,1,21083,20643,1083,26833,28667,27834,62708,28.32,6333,4250,6375,7584,1.360,24417,3334,1834
254,3714,omega_reduce_r4_o3_n2_multiply_add_zero_epi3_fused_identity_o3__negate_o2__exponential_s1__add_s2_o1__reciprocal_s3__multiply_s4_o0__multiply_s0_s5_g10,32768,512,9,951389412,0,0,1,21560,20792,1000,27791,31333,28542,71750,31.88,9375,4167,14500,9773,1.453,27166,5606,3542
255,3716,omega_reduce_r4_o3_n2_multiply_add_zero_g10,65536,1024,6,933177824,0,0,1,29571,29411,1792,33334,35958,35541,86166,30.46,9709,4292,7167,6387,1.216,31666,2095,2624
256,3729,omega_reduce_r3_o2_n2_multiply_add_zero_epi10_fused_identity_o10__add_o8_o9__add_s1_o7__add_s2_o6__add_s3_o5__add_s4_o4__add_s5_o3__add_s6_o2__reciprocal_s7__multiply_s0_s8__multiply_s9_o1__add_s10_o0,32768,1024,14,1822724,0,0,1,9619,9238,42,11834,11875,11125,27709,29.76,9375,4583,43625,2256,1.235,7292,-2327,41
257,3750,omega_reduce_r2_o1_n2_multiply_add_zero_epi4_fused_identity_o4__multiply_s0_o3__add_s1_o2__square_root_s2__reciprocal_s3__multiply_s4_o1__multiply_s5_o0,256,1,8,858451176,32,0,1,5530,4446,333,11458,11000,10625,22583,26.10,6542,3833,10084,5470,1.989,7167,1637,-458
258,3756,omega_reduce_r4_o3_n2_multiply_add_zero,4096,64,4,855288288,0,0,1,6518,5589,958,10959,12000,11458,24000,24.90,7959,4000,15875,5482,1.841,8000,1482,1041
259,3752,omega_reduce_r4_o3_n2_multiply_add_zero,8192,128,4,856464096,0,0,0,8220,6595,750,11916,12666,12041,26917,27.25,8084,3917,10416,4446,1.541,8749,529,750
260,3754,omega_reduce_r4_o3_n2_multiply_add_zero,4096,64,4,858130912,0,0,0,6518,5589,1042,11083,11667,11125,23500,24.29,9417,3833,14416,5149,1.790,7834,1316,584
261,3768,omega_elementwise_twin_r3_n4_fused_multiply_o0_o1__multiply_o2_o3__add_s0_s1_fused_multiply_o0_o3__multiply_o2_o1__subtract_s0_s1,256,1,7,520448,0,0,1,2774,3042,375,5625,6000,5458,13834,27.34,8250,3792,6458,3226,2.163,2208,-566,375
262,3759,omega_elementwise_twin_r3_n4_fused_multiply_o0_o1__multiply_o2_o3__subtract_s0_s1_fused_multiply_o0_o3__multiply_o2_o1__add_s0_s1,512,1,7,776704,0,0,1,3399,3226,292,5583,5584,5375,12166,27.58,5417,3875,44667,2185,1.643,1709,-1690,1
263,3801,omega_cached_attention_q1_h8_g2_d64_s3c800000_ln9223372036854775808_up0_x4_e1_k1_ds,65536,512,11,5244676,1056,0,1,47089,44399,2083,49833,50167,49750,128791,32.49,6209,4208,10166,3078,1.065,45959,-1130,334
264,3801,omega_cached_attention_q1_h8_g2_d64_s3c800000_ln9223372036854775808_up0_x4_e1_k1_ds_merge,16384,16,3,336384,0,0,1,4452,4339,1292,6583,7083,6417,15667,27.00,9917,3875,14708,2631,1.591,3208,-1244,500
265,3805,omega_reduce_r5_o2_n2_multiply_add_zero_epi2_fused_identity_o2__multiply_s0_o1__add_s1_o0,8192,128,6,857701092,0,0,1,6875,7518,833,10542,10833,10458,22458,28.30,5542,4083,9959,3958,1.576,6750,-125,291
266,3813,omega_reduce_r2_o1_n2_multiply_add_zero_epi4_fused_identity_o4__multiply_s0_o3__add_s1_o2__square_root_s2__reciprocal_s3__multiply_s4_o1__multiply_s5_o0,256,1,8,858380520,32,0,1,5530,4446,542,11250,10916,10458,22375,24.08,8334,3750,15709,5386,1.974,7166,1636,-334
267,3815,omega_reduce_r3_o2_n2_multiply_add_zero,8192,32,4,516864,32,0,1,5762,5548,792,8500,8709,8250,19792,28.38,8250,4042,10042,2947,1.511,4667,-1095,209
268,3821,omega_moe_topk_e32_k8_stacked,32,1,21,1650212,16,0,1,4780,5071,625,8250,8417,8042,18042,26.00,8917,3875,41791,3637,1.761,4542,-238,167
269,3938,omega_reduce_r4_o3_n2_multiply_add_zero_g10,32768,512,6,911886816,0,0,1,21083,20643,3500,25166,28875,28000,62208,28.34,5459,4208,10917,7792,1.370,24667,3584,3709
270,3946,omega_reduce_r4_o3_n2_multiply_add_zero_epi3_fused_identity_o3__negate_o2__exponential_s1__add_s2_o1__reciprocal_s3__multiply_s4_o0__multiply_s0_s5_g10,32768,512,9,894430436,0,0,1,21560,20792,1583,27791,29834,28667,67084,28.13,9375,4375,14041,8274,1.384,25459,3899,2043
271,3948,omega_reduce_r4_o3_n2_multiply_add_zero_g10,65536,1024,6,876218848,0,0,1,29571,29411,458,33958,36208,35708,84042,28.54,9291,4375,9167,6637,1.224,31833,2262,2250
272,3961,omega_reduce_r3_o2_n2_multiply_add_zero_epi10_fused_identity_o10__add_o8_o9__add_s1_o7__add_s2_o6__add_s3_o5__add_s4_o4__add_s5_o3__add_s6_o2__reciprocal_s7__multiply_s0_s8__multiply_s9_o1__add_s10_o0,32768,1024,14,1822724,0,0,1,9619,9238,250,12042,12125,11083,27333,27.63,10416,4417,8291,2506,1.261,7708,-1911,83
273,3982,omega_reduce_r2_o1_n2_multiply_add_zero_epi4_fused_identity_o4__multiply_s0_o3__add_s1_o2__square_root_s2__reciprocal_s3__multiply_s4_o1__multiply_s5_o0,256,1,8,801492200,32,0,1,5530,4446,625,11417,11292,10750,22792,23.29,8083,4125,12167,5762,2.042,7167,1637,-125
274,3988,omega_reduce_r4_o3_n2_multiply_add_zero,4096,64,4,798329312,0,0,1,6518,5589,2250,11042,12000,11500,24166,23.59,8000,4125,38875,5482,1.841,7875,1357,958
275,3984,omega_reduce_r4_o3_n2_multiply_add_zero,8192,128,4,799505120,0,0,0,8220,6595,792,11958,12708,12209,25708,24.77,8000,4083,9792,4488,1.546,8625,405,750
276,3986,omega_reduce_r4_o3_n2_multiply_add_zero,4096,64,4,801171936,0,0,0,6518,5589,708,11042,11375,10917,25875,27.74,8083,3959,14458,4857,1.745,7416,898,333
277,4000,omega_elementwise_twin_r3_n4_fused_multiply_o0_o1__multiply_o2_o3__add_s0_s1_fused_multiply_o0_o3__multiply_o2_o1__subtract_s0_s1,256,1,7,520448,0,0,1,2774,3042,542,5625,5917,5292,14167,29.71,7958,3875,9833,3143,2.133,2042,-732,292
278,3991,omega_elementwise_twin_r3_n4_fused_multiply_o0_o1__multiply_o2_o3__subtract_s0_s1_fused_multiply_o0_o3__multiply_o2_o1__add_s0_s1,512,1,7,776704,0,0,1,3399,3226,250,5750,5459,5250,10959,25.90,5750,4083,13959,2060,1.606,1376,-2023,-291
279,4033,omega_cached_attention_q1_h8_g2_d64_s3c800000_ln9223372036854775808_up0_x4_e1_k1_ds,65536,512,11,5244676,1056,0,1,47089,44399,750,49709,50041,49583,124334,31.80,7000,4541,12041,2952,1.063,45500,-1589,332
280,4033,omega_cached_attention_q1_h8_g2_d64_s3c800000_ln9223372036854775808_up0_x4_e1_k1_ds_merge,16384,16,3,336384,0,0,1,4452,4339,750,6583,6708,6416,15916,29.34,9875,4125,41000,2256,1.507,2583,-1869,125
281,4037,omega_reduce_r5_o2_n2_multiply_add_zero_epi2_fused_identity_o2__multiply_s0_o1__add_s1_o0,8192,128,6,800742116,0,0,1,6875,7518,2417,10500,11167,10833,22333,25.89,5917,4375,11333,4292,1.624,6792,-83,667
282,4045,omega_reduce_r2_o1_n2_multiply_add_zero_epi4_fused_identity_o4__multiply_s0_o3__add_s1_o2__square_root_s2__reciprocal_s3__multiply_s4_o1__multiply_s5_o0,256,1,8,801421544,32,0,1,5530,4446,333,11000,10708,10292,22500,24.63,8375,3750,12250,5178,1.936,6958,1428,-292
283,4047,omega_reduce_r3_o2_n2_multiply_add_zero,8192,32,4,516864,32,0,1,5762,5548,167,8458,8500,8083,17209,23.88,7958,4375,13542,2738,1.475,4125,-1637,42
284,4053,omega_moe_topk_e32_k8_stacked,32,1,21,1650212,16,0,1,4780,5071,1625,8334,8459,7875,18000,25.65,7958,4125,12541,3679,1.770,4334,-446,125
285,4170,omega_reduce_r4_o3_n2_multiply_add_zero_g10,32768,512,6,854927840,0,0,1,21083,20643,1167,25125,28250,27500,62250,28.18,5541,4292,12083,7167,1.340,23958,2875,3125
286,4178,omega_reduce_r4_o3_n2_multiply_add_zero_epi3_fused_identity_o3__negate_o2__exponential_s1__add_s2_o1__reciprocal_s3__multiply_s4_o0__multiply_s0_s5_g10,32768,512,9,837471460,0,0,1,21560,20792,3333,27875,29292,28958,64333,28.60,9708,4334,39250,7732,1.359,24958,3398,1417
287,4180,omega_reduce_r4_o3_n2_multiply_add_zero_g10,65536,1024,6,819259872,0,0,1,29571,29411,1125,33500,35875,35167,86208,30.72,12041,4375,10792,6304,1.213,31500,1929,2375
288,4193,omega_reduce_r3_o2_n2_multiply_add_zero_epi10_fused_identity_o10__add_o8_o9__add_s1_o7__add_s2_o6__add_s3_o5__add_s4_o4__add_s5_o3__add_s6_o2__reciprocal_s7__multiply_s0_s8__multiply_s9_o1__add_s10_o0,32768,1024,14,1822724,0,0,1,9619,9238,3417,11792,11792,11167,27792,29.50,10791,4416,13833,2173,1.226,7376,-2243,0
289,4214,omega_reduce_r2_o1_n2_multiply_add_zero_epi4_fused_identity_o4__multiply_s0_o3__add_s1_o2__square_root_s2__reciprocal_s3__multiply_s4_o1__multiply_s5_o0,256,1,8,744533224,32,0,1,5530,4446,3958,11375,11208,10625,25250,28.23,8000,4375,12125,5678,2.027,6833,1303,-167
290,4220,omega_reduce_r4_o3_n2_multiply_add_zero,4096,64,4,741370336,0,0,1,6518,5589,3667,11125,11750,11083,24000,25.94,8125,4084,12667,5232,1.803,7666,1148,625
291,4216,omega_reduce_r4_o3_n2_multiply_add_zero,8192,128,4,742546144,0,0,0,8220,6595,708,11833,12459,12125,26333,27.63,8250,4000,8417,4239,1.516,8459,239,626
292,4218,omega_reduce_r4_o3_n2_multiply_add_zero,4096,64,4,744212960,0,0,0,6518,5589,792,11083,11583,11000,24125,26.12,8292,4042,38459,5065,1.777,7541,1023,500
293,4232,omega_elementwise_twin_r3_n4_fused_multiply_o0_o1__multiply_o2_o3__add_s0_s1_fused_multiply_o0_o3__multiply_o2_o1__subtract_s0_s1,256,1,7,520448,0,0,1,2774,3042,583,5583,5959,5458,12167,24.72,8083,3916,9416,3185,2.148,2043,-731,376
294,4223,omega_elementwise_twin_r3_n4_fused_multiply_o0_o1__multiply_o2_o3__subtract_s0_s1_fused_multiply_o0_o3__multiply_o2_o1__add_s0_s1,512,1,7,776704,0,0,1,3399,3226,458,5708,5625,5250,12292,28.32,5375,3958,15417,2226,1.655,1667,-1732,-83
295,4265,omega_cached_attention_q1_h8_g2_d64_s3c800000_ln9223372036854775808_up0_x4_e1_k1_ds,65536,512,11,5244676,1056,0,1,47089,44399,625,49792,50417,49875,124667,32.59,7958,4541,12459,3328,1.071,45876,-1213,625
296,4265,omega_cached_attention_q1_h8_g2_d64_s3c800000_ln9223372036854775808_up0_x4_e1_k1_ds_merge,16384,16,3,336384,0,0,1,4452,4339,750,6583,7000,6542,12958,23.12,12208,3958,12667,2548,1.572,3042,-1410,417
297,4269,omega_reduce_r5_o2_n2_multiply_add_zero_epi2_fused_identity_o2__multiply_s0_o1__add_s1_o0,8192,128,6,743783140,0,0,1,6875,7518,1208,10500,11167,10667,19250,25.37,5500,4250,10750,4292,1.624,6917,42,667
298,4277,omega_reduce_r2_o1_n2_multiply_add_zero_epi4_fused_identity_o4__multiply_s0_o3__add_s1_o2__square_root_s2__reciprocal_s3__multiply_s4_o1__multiply_s5_o0,256,1,8,744462568,32,0,1,5530,4446,750,11125,11042,10459,19208,23.13,8208,4292,49917,5512,1.997,6750,1220,-83
299,4279,omega_reduce_r3_o2_n2_multiply_add_zero,8192,32,4,516864,32,0,1,5762,5548,708,8334,8833,8416,15583,21.48,8208,4250,9917,3071,1.533,4583,-1179,499
300,4285,omega_moe_topk_e32_k8_stacked,32,1,21,1650212,16,0,1,4780,5071,625,8375,9083,8458,16083,24.12,8792,3958,9208,4303,1.900,5125,345,708
301,4402,omega_reduce_r4_o3_n2_multiply_add_zero_g10,32768,512,6,797968864,0,0,1,21083,20643,1000,25167,28875,27917,54667,26.64,8917,4291,8666,7792,1.370,24584,3501,3708
302,4410,omega_reduce_r4_o3_n2_multiply_add_zero_epi3_fused_identity_o3__negate_o2__exponential_s1__add_s2_o1__reciprocal_s3__multiply_s4_o0__multiply_s0_s5_g10,32768,512,9,780512484,0,0,1,21560,20792,1542,27958,29500,28458,50958,24.88,12167,4417,13250,7940,1.368,25083,3523,1542
303,4412,omega_reduce_r4_o3_n2_multiply_add_zero_g10,65536,1024,6,762300896,0,0,1,29571,29411,1417,33166,36250,35458,65958,25.08,10959,4584,12083,6679,1.226,31666,2095,3084
304,4425,omega_reduce_r3_o2_n2_multiply_add_zero_epi10_fused_identity_o10__add_o8_o9__add_s1_o7__add_s2_o6__add_s3_o5__add_s4_o4__add_s5_o3__add_s6_o2__reciprocal_s7__multiply_s0_s8__multiply_s9_o1__add_s10_o0,32768,1024,14,1822724,0,0,1,9619,9238,750,11791,11833,11167,21875,25.39,9708,4541,38291,2214,1.230,7292,-2327,42
305,4446,omega_reduce_r2_o1_n2_multiply_add_zero_epi4_fused_identity_o4__multiply_s0_o3__add_s1_o2__square_root_s2__reciprocal_s3__multiply_s4_o1__multiply_s5_o0,256,1,8,687574248,32,0,1,5530,4446,750,11292,10834,10500,19458,21.70,8292,3875,8625,5304,1.959,6959,1429,-458
306,4452,omega_reduce_r4_o3_n2_multiply_add_zero,4096,64,4,684411360,0,0,1,6518,5589,1500,11125,11875,11333,20125,20.15,8125,4042,13958,5357,1.822,7833,1315,750
307,4448,omega_reduce_r4_o3_n2_multiply_add_zero,8192,128,4,685587168,0,0,0,8220,6595,583,11875,12333,12083,21625,23.36,8125,4042,12208,4113,1.500,8291,71,458
308,4450,omega_reduce_r4_o3_n2_multiply_add_zero,4096,64,4,687253984,0,0,0,6518,5589,1125,11083,11375,10917,19875,21.22,7917,4042,13000,4857,1.745,7333,815,292
309,4464,omega_elementwise_twin_r3_n4_fused_multiply_o0_o1__multiply_o2_o3__add_s0_s1_fused_multiply_o0_o3__multiply_o2_o1__subtract_s0_s1,256,1,7,520448,0,0,1,2774,3042,792,5542,5958,5500,10583,18.76,8125,4125,11083,3184,2.148,1833,-941,416
310,4455,omega_elementwise_twin_r3_n4_fused_multiply_o0_o1__multiply_o2_o3__subtract_s0_s1_fused_multiply_o0_o3__multiply_o2_o1__add_s0_s1,512,1,7,776704,0,0,1,3399,3226,417,5750,5417,5250,10625,23.24,5292,3916,41083,2018,1.594,1501,-1898,-333
311,4497,omega_cached_attention_q1_h8_g2_d64_s3c800000_ln9223372036854775808_up0_x4_e1_k1_ds,65536,512,11,5244676,1056,0,1,47089,44399,208,49833,50125,49666,94667,25.98,7084,4292,9459,3036,1.064,45833,-1256,292
312,4497,omega_cached_attention_q1_h8_g2_d64_s3c800000_ln9223372036854775808_up0_x4_e1_k1_ds_merge,16384,16,3,336384,0,0,1,4452,4339,875,6500,6542,6333,12375,22.50,12000,3792,15916,2090,1.469,2750,-1702,42
313,4501,omega_reduce_r5_o2_n2_multiply_add_zero_epi2_fused_identity_o2__multiply_s0_o1__add_s1_o0,8192,128,6,686824164,0,0,1,6875,7518,667,10458,10958,10625,18834,23.55,8000,4250,9084,4083,1.594,6708,-167,500
314,4509,omega_reduce_r2_o1_n2_multiply_add_zero_epi4_fused_identity_o4__multiply_s0_o3__add_s1_o2__square_root_s2__reciprocal_s3__multiply_s4_o1__multiply_s5_o0,256,1,8,687503592,32,0,1,5530,4446,875,11292,11208,10792,19083,19.29,8417,3750,12916,5678,2.027,7458,1928,-84
315,4511,omega_reduce_r3_o2_n2_multiply_add_zero,8192,32,4,516864,32,0,1,5762,5548,708,8375,8875,8417,15542,21.20,8459,4000,12458,3113,1.540,4875,-887,500
316,4517,omega_moe_topk_e32_k8_stacked,32,1,21,1650212,16,0,1,4780,5071,625,8416,8541,8000,15542,21.22,8792,4041,40375,3761,1.787,4500,-280,125
317,4634,omega_reduce_r4_o3_n2_multiply_add_zero_g10,32768,512,6,741009888,0,0,1,21083,20643,0,24959,28916,27833,51958,24.63,9125,4209,9375,7833,1.372,24707,3624,3957
318,4642,omega_reduce_r4_o3_n2_multiply_add_zero_epi3_fused_identity_o3__negate_o2__exponential_s1__add_s2_o1__reciprocal_s3__multiply_s4_o0__multiply_s0_s5_g10,32768,512,9,723553508,0,0,1,21560,20792,1167,27709,29292,28500,50375,23.79,13000,4250,16292,7732,1.359,25042,3482,1583
319,4644,omega_reduce_r4_o3_n2_multiply_add_zero_g10,65536,1024,6,705341920,0,0,1,29571,29411,4958,33208,36083,35625,65750,23.60,13750,4583,11416,6512,1.220,31500,1929,2875
320,4657,omega_reduce_r3_o2_n2_multiply_add_zero_epi10_fused_identity_o10__add_o8_o9__add_s1_o7__add_s2_o6__add_s3_o5__add_s4_o4__add_s5_o3__add_s6_o2__reciprocal_s7__multiply_s0_s8__multiply_s9_o1__add_s10_o0,32768,1024,14,1822724,0,0,1,9619,9238,750,11958,11666,11250,20958,20.49,515500,4417,493375,2047,1.213,7249,-2370,-292
321,4678,omega_reduce_r2_o1_n2_multiply_add_zero_epi4_fused_identity_o4__multiply_s0_o3__add_s1_o2__square_root_s2__reciprocal_s3__multiply_s4_o1__multiply_s5_o0,256,1,8,573656296,32,0,1,5530,4446,625,11458,10875,10791,19750,19.83,15625,3958,15792,5345,1.967,6917,1387,-583
322,4684,omega_reduce_r4_o3_n2_multiply_add_zero,4096,64,4,570493408,0,0,1,6518,5589,1042,10875,11292,11125,17750,17.97,10666,4000,23334,4774,1.732,7292,774,417
323,4680,omega_reduce_r4_o3_n2_multiply_add_zero,8192,128,4,571669216,0,0,0,8220,6595,708,11833,12250,12084,19250,18.80,6791,4125,11584,4030,1.490,8125,-95,417
324,4682,omega_reduce_r4_o3_n2_multiply_add_zero,4096,64,4,573336032,0,0,0,6518,5589,583,11084,11334,11084,17750,18.04,7125,4125,14042,4816,1.739,7209,691,250
325,4696,omega_elementwise_twin_r3_n4_fused_multiply_o0_o1__multiply_o2_o3__add_s0_s1_fused_multiply_o0_o3__multiply_o2_o1__subtract_s0_s1,256,1,7,520448,0,0,1,2774,3042,250,5542,5625,5541,8709,16.11,6500,3917,9916,2851,2.028,1708,-1066,83
326,4687,omega_elementwise_twin_r3_n4_fused_multiply_o0_o1__multiply_o2_o3__subtract_s0_s1_fused_multiply_o0_o3__multiply_o2_o1__add_s0_s1,512,1,7,776704,0,0,1,3399,3226,417,5625,5625,5500,8959,17.35,61792,3917,13750,2226,1.655,1708,-1691,0
327,4729,omega_cached_attention_q1_h8_g2_d64_s3c800000_ln9223372036854775808_up0_x4_e1_k1_ds,65536,512,11,5244676,1056,0,1,47089,44399,2875,49750,50000,49708,82208,21.02,8458,4292,13458,2911,1.062,45708,-1381,250
328,4729,omega_cached_attention_q1_h8_g2_d64_s3c800000_ln9223372036854775808_up0_x4_e1_k1_ds_merge,16384,16,3,336384,0,0,1,4452,4339,1000,6459,6542,6333,14208,28.96,9958,4000,13917,2090,1.469,2542,-1910,83
329,4733,omega_reduce_r5_o2_n2_multiply_add_zero_epi2_fused_identity_o2__multiply_s0_o1__add_s1_o0,8192,128,6,572906212,0,0,1,6875,7518,2458,10458,10875,10666,17417,19.77,6000,4209,11292,4000,1.582,6666,-209,417
330,4741,omega_reduce_r2_o1_n2_multiply_add_zero_epi4_fused_identity_o4__multiply_s0_o3__add_s1_o2__square_root_s2__reciprocal_s3__multiply_s4_o1__multiply_s5_o0,256,1,8,573585640,32,0,1,5530,4446,542,11167,10542,10334,16750,17.07,6084,3916,10542,5012,1.906,6626,1096,-625
331,4743,omega_reduce_r3_o2_n2_multiply_add_zero,8192,32,4,516864,32,0,1,5762,5548,750,8375,8459,8250,13542,17.24,6084,4125,11292,2697,1.468,4334,-1428,84
332,4749,omega_moe_topk_e32_k8_stacked,32,1,21,1650212,16,0,1,4780,5071,708,8292,8084,7958,13125,18.86,6042,4000,11917,3304,1.691,4084,-696,-208
333,4866,omega_reduce_r4_o3_n2_multiply_add_zero_g10,32768,512,6,627091936,0,0,1,21083,20643,3000,27000,28375,27416,48208,21.53,5917,4083,11208,7292,1.346,24292,3209,1375
334,4874,omega_reduce_r4_o3_n2_multiply_add_zero_epi3_fused_identity_o3__negate_o2__exponential_s1__add_s2_o1__reciprocal_s3__multiply_s4_o0__multiply_s0_s5_g10,32768,512,9,609635556,0,0,1,21560,20792,2792,27958,29375,28792,51792,22.11,9250,4167,11500,7815,1.363,25208,3648,1417
335,4876,omega_reduce_r4_o3_n2_multiply_add_zero_g10,65536,1024,6,591423968,0,0,1,29571,29411,1292,33333,35667,35209,57500,18.95,10125,4375,13334,6096,1.206,31292,1721,2334
336,4889,omega_reduce_r3_o2_n2_multiply_add_zero_epi10_fused_identity_o10__add_o8_o9__add_s1_o7__add_s2_o6__add_s3_o5__add_s4_o4__add_s5_o3__add_s6_o2__reciprocal_s7__multiply_s0_s8__multiply_s9_o1__add_s10_o0,32768,1024,14,1822724,0,0,1,9619,9238,250,12042,11750,11042,18209,16.28,10083,4375,10166,2131,1.222,7375,-2244,-292
337,4910,omega_reduce_r2_o1_n2_multiply_add_zero_epi4_fused_identity_o4__multiply_s0_o3__add_s1_o2__square_root_s2__reciprocal_s3__multiply_s4_o1__multiply_s5_o0,256,1,8,516697320,32,0,1,5530,4446,208,11334,11209,10750,17375,15.96,7875,3750,10916,5679,2.027,7459,1929,-125
338,4916,omega_reduce_r4_o3_n2_multiply_add_zero,4096,64,4,513534432,0,0,1,6518,5589,750,11125,11834,11375,18000,15.64,7916,4125,10417,5316,1.816,7709,1191,709
339,4912,omega_reduce_r4_o3_n2_multiply_add_zero,8192,128,4,514710240,0,0,0,8220,6595,875,11958,12417,12125,19500,18.18,8166,4000,15166,4197,1.511,8417,197,459
340,4914,omega_reduce_r4_o3_n2_multiply_add_zero,4096,64,4,516377056,0,0,0,6518,5589,750,11042,11542,11083,18792,18.15,8291,3875,10750,5024,1.771,7667,1149,500
341,4928,omega_elementwise_twin_r3_n4_fused_multiply_o0_o1__multiply_o2_o3__add_s0_s1_fused_multiply_o0_o3__multiply_o2_o1__subtract_s0_s1,256,1,7,520448,0,0,1,2774,3042,500,5625,5500,5291,9458,18.91,8042,3834,14042,2726,1.983,1666,-1108,-125
342,4919,omega_elementwise_twin_r3_n4_fused_multiply_o0_o1__multiply_o2_o3__subtract_s0_s1_fused_multiply_o0_o3__multiply_o2_o1__add_s0_s1,512,1,7,776704,0,0,1,3399,3226,333,5625,5334,5000,7833,15.63,5458,3750,10709,1935,1.569,1584,-1815,-291
343,4961,omega_cached_attention_q1_h8_g2_d64_s3c800000_ln9223372036854775808_up0_x4_e1_k1_ds,65536,512,11,5244676,1056,0,1,47089,44399,667,49834,50375,49625,81416,18.64,6125,4250,11167,3286,1.070,46125,-964,541
344,4961,omega_cached_attention_q1_h8_g2_d64_s3c800000_ln9223372036854775808_up0_x4_e1_k1_ds_merge,16384,16,3,336384,0,0,1,4452,4339,1042,6458,6917,6334,9833,14.56,10250,3834,10459,2465,1.554,3083,-1369,459
345,4965,omega_reduce_r5_o2_n2_multiply_add_zero_epi2_fused_identity_o2__multiply_s0_o1__add_s1_o0,8192,128,6,515947236,0,0,1,6875,7518,500,10542,11000,10834,17583,18.69,5458,4208,7875,4125,1.600,6792,-83,458
346,4973,omega_reduce_r2_o1_n2_multiply_add_zero_epi4_fused_identity_o4__multiply_s0_o3__add_s1_o2__square_root_s2__reciprocal_s3__multiply_s4_o1__multiply_s5_o0,256,1,8,516626664,32,0,1,5530,4446,625,11041,10959,10459,17792,16.03,8083,4000,11209,5429,1.982,6959,1429,-82
347,4975,omega_reduce_r3_o2_n2_multiply_add_zero,8192,32,4,516864,32,0,1,5762,5548,750,8458,8708,8166,12208,13.14,8083,4208,12250,2946,1.511,4500,-1262,250
348,4981,omega_moe_topk_e32_k8_stacked,32,1,21,1650212,16,0,1,4780,5071,625,8417,8416,7916,12625,15.39,7959,4000,10292,3636,1.761,4416,-364,-1
349,5098,omega_reduce_r4_o3_n2_multiply_add_zero_g10,32768,512,6,570132960,0,0,1,21083,20643,-292,26166,29167,27917,49167,17.99,5375,4166,12416,8084,1.383,25001,3918,3001
350,5106,omega_reduce_r4_o3_n2_multiply_add_zero_epi3_fused_identity_o3__negate_o2__exponential_s1__add_s2_o1__reciprocal_s3__multiply_s4_o0__multiply_s0_s5_g10,32768,512,9,552676580,0,0,1,21560,20792,-542,27833,29291,28708,49083,17.59,9500,4375,12541,7731,1.359,24916,3356,1458
351,5108,omega_reduce_r4_o3_n2_multiply_add_zero_g10,65536,1024,6,534464992,0,0,1,29571,29411,1250,33292,36250,35333,58083,16.78,9792,4667,12792,6679,1.226,31583,2012,2958
352,5121,omega_reduce_r3_o2_n2_multiply_add_zero_epi10_fused_identity_o10__add_o8_o9__add_s1_o7__add_s2_o6__add_s3_o5__add_s4_o4__add_s5_o3__add_s6_o2__reciprocal_s7__multiply_s0_s8__multiply_s9_o1__add_s10_o0,32768,1024,14,1822724,0,0,1,9619,9238,333,11792,11875,10959,16625,13.57,9542,4542,7125,2256,1.235,7333,-2286,83
353,5142,omega_reduce_r2_o1_n2_multiply_add_zero_epi4_fused_identity_o4__multiply_s0_o3__add_s1_o2__square_root_s2__reciprocal_s3__multiply_s4_o1__multiply_s5_o0,256,1,8,459738344,32,0,1,5530,4446,500,11416,11208,10625,15541,12.97,8125,3917,11292,5678,2.027,7291,1761,-208
354,5148,omega_reduce_r4_o3_n2_multiply_add_zero,4096,64,4,456575456,0,0,1,6518,5589,833,11125,11958,11250,19042,16.70,7917,4167,13166,5440,1.835,7791,1273,833
355,5144,omega_reduce_r4_o3_n2_multiply_add_zero,8192,128,4,457751264,0,0,0,8220,6595,625,11833,12542,12125,22000,19.11,7958,4084,10042,4322,1.526,8458,238,709
356,5146,omega_reduce_r4_o3_n2_multiply_add_zero,4096,64,4,459418080,0,0,0,6518,5589,625,11042,11542,11000,17084,15.02,8000,4000,12250,5024,1.771,7542,1024,500
357,5160,omega_elementwise_twin_r3_n4_fused_multiply_o0_o1__multiply_o2_o3__add_s0_s1_fused_multiply_o0_o3__multiply_o2_o1__subtract_s0_s1,256,1,7,520448,0,0,1,2774,3042,250,5584,5958,5375,7958,13.05,8000,3917,10292,3184,2.148,2041,-733,374
358,5151,omega_elementwise_twin_r3_n4_fused_multiply_o0_o1__multiply_o2_o3__subtract_s0_s1_fused_multiply_o0_o3__multiply_o2_o1__add_s0_s1,512,1,7,776704,0,0,1,3399,3226,250,5792,5541,5250,7709,13.63,5458,4000,11042,2142,1.630,1541,-1858,-251
359,5193,omega_cached_attention_q1_h8_g2_d64_s3c800000_ln9223372036854775808_up0_x4_e1_k1_ds,65536,512,11,5244676,1056,0,1,47089,44399,-250,49792,50125,49625,81291,20.61,6709,4292,12125,3036,1.064,45833,-1256,333
360,5193,omega_cached_attention_q1_h8_g2_d64_s3c800000_ln9223372036854775808_up0_x4_e1_k1_ds_merge,16384,16,3,336384,0,0,1,4452,4339,4667,6542,7083,6416,11542,17.79,10875,3958,12250,2631,1.591,3125,-1327,541
361,5197,omega_reduce_r5_o2_n2_multiply_add_zero_epi2_fused_identity_o2__multiply_s0_o1__add_s1_o0,8192,128,6,458988260,0,0,1,6875,7518,875,10458,10917,10708,18792,22.96,5458,4292,11042,4042,1.588,6625,-250,459
362,5205,omega_reduce_r2_o1_n2_multiply_add_zero_epi4_fused_identity_o4__multiply_s0_o3__add_s1_o2__square_root_s2__reciprocal_s3__multiply_s4_o1__multiply_s5_o0,256,1,8,459667688,32,0,1,5530,4446,625,11333,10958,10292,15042,14.54,8167,3792,11292,5428,1.982,7166,1636,-375
363,5207,omega_reduce_r3_o2_n2_multiply_add_zero,8192,32,4,516864,32,0,1,5762,5548,542,8333,8625,8167,14333,18.37,8000,4292,12833,2863,1.497,4333,-1429,292
364,5213,omega_moe_topk_e32_k8_stacked,32,1,21,1650212,16,0,1,4780,5071,583,8375,8208,8000,14250,19.53,8209,4125,12417,3428,1.717,4083,-697,-167
365,5330,omega_reduce_r4_o3_n2_multiply_add_zero_g10,32768,512,6,513173984,0,0,1,21083,20643,708,26125,28708,27792,47291,20.47,5666,4291,12500,7625,1.362,24417,3334,2583
366,5338,omega_reduce_r4_o3_n2_multiply_add_zero_epi3_fused_identity_o3__negate_o2__exponential_s1__add_s2_o1__reciprocal_s3__multiply_s4_o0__multiply_s0_s5_g10,32768,512,9,495717604,0,0,1,21560,20792,2083,27584,31833,28958,55250,21.45,9500,4333,11250,10273,1.477,27500,5940,4249
367,5340,omega_reduce_r4_o3_n2_multiply_add_zero_g10,65536,1024,6,477506016,0,0,1,29571,29411,1458,33000,36084,35541,57750,19.05,11958,4209,9916,6513,1.220,31875,2304,3084
368,5353,omega_reduce_r3_o2_n2_multiply_add_zero_epi10_fused_identity_o10__add_o8_o9__add_s1_o7__add_s2_o6__add_s3_o5__add_s4_o4__add_s5_o3__add_s6_o2__reciprocal_s7__multiply_s0_s8__multiply_s9_o1__add_s10_o0,32768,1024,14,1822724,0,0,1,9619,9238,667,11292,11750,10834,17708,16.32,9417,4583,11167,2131,1.222,7167,-2452,458
369,5374,omega_reduce_r2_o1_n2_multiply_add_zero_epi4_fused_identity_o4__multiply_s0_o3__add_s1_o2__square_root_s2__reciprocal_s3__multiply_s4_o1__multiply_s5_o0,256,1,8,402779368,32,0,1,5530,4446,-292,10958,11166,10625,15834,14.47,7958,3958,12208,5636,2.019,7208,1678,208
370,5380,omega_reduce_r4_o3_n2_multiply_add_zero,4096,64,4,399616480,0,0,1,6518,5589,1125,10750,12084,11250,17292,14.82,8041,4084,11000,5566,1.854,8000,1482,1334
371,5376,omega_reduce_r4_o3_n2_multiply_add_zero,8192,128,4,400792288,0,0,0,8220,6595,1000,11541,12583,12208,19417,17.39,8042,3917,13375,4363,1.531,8666,446,1042
372,5378,omega_reduce_r4_o3_n2_multiply_add_zero,4096,64,4,402459104,0,0,0,6518,5589,875,10792,11458,10875,16792,15.93,8083,3958,13000,4940,1.758,7500,982,666
373,5392,omega_elementwise_twin_r3_n4_fused_multiply_o0_o1__multiply_o2_o3__add_s0_s1_fused_multiply_o0_o3__multiply_o2_o1__subtract_s0_s1,256,1,7,520448,0,0,1,2774,3042,458,6083,5916,5458,8666,14.43,8041,4000,10125,3142,2.133,1916,-858,-167
374,5383,omega_elementwise_twin_r3_n4_fused_multiply_o0_o1__multiply_o2_o3__subtract_s0_s1_fused_multiply_o0_o3__multiply_o2_o1__add_s0_s1,512,1,7,776704,0,0,1,3399,3226,375,6208,5666,5250,7875,13.83,5500,3917,15042,2267,1.667,1749,-1650,-542
375,5425,omega_cached_attention_q1_h8_g2_d64_s3c800000_ln9223372036854775808_up0_x4_e1_k1_ds,65536,512,11,5244676,1056,0,1,47089,44399,583,49541,50167,49583,83750,20.91,5875,4459,13125,3078,1.065,45708,-1381,626
376,5425,omega_cached_attention_q1_h8_g2_d64_s3c800000_ln9223372036854775808_up0_x4_e1_k1_ds_merge,16384,16,3,336384,0,0,1,4452,4339,792,6334,6792,6417,10375,16.40,9209,4000,12292,2340,1.525,2792,-1660,458
377,5429,omega_reduce_r5_o2_n2_multiply_add_zero_epi2_fused_identity_o2__multiply_s0_o1__add_s1_o0,8192,128,6,402029284,0,0,1,6875,7518,708,10333,11042,10666,17709,18.17,6041,4458,10709,4167,1.606,6584,-291,709
378,5437,omega_reduce_r2_o1_n2_multiply_add_zero_epi4_fused_identity_o4__multiply_s0_o3__add_s1_o2__square_root_s2__reciprocal_s3__multiply_s4_o1__multiply_s5_o0,256,1,8,402708712,32,0,1,5530,4446,1292,10625,11000,10375,15916,14.42,8083,4000,13583,5470,1.989,7000,1470,375
379,5439,omega_reduce_r3_o2_n2_multiply_add_zero,8192,32,4,516864,32,0,1,5762,5548,458,8209,8875,8334,12875,15.08,8000,4625,12417,3113,1.540,4250,-1512,666
380,5445,omega_moe_topk_e32_k8_stacked,32,1,21,1650212,16,0,1,4780,5071,1083,7917,8416,7916,12834,17.09,8041,4208,12166,3636,1.761,4208,-572,499
381,5562,omega_reduce_r4_o3_n2_multiply_add_zero_g10,32768,512,6,456215008,0,0,1,21083,20643,2333,25333,29542,27416,50875,20.62,5583,4417,10125,8459,1.401,25125,4042,4209
382,5570,omega_reduce_r4_o3_n2_multiply_add_zero_epi3_fused_identity_o3__negate_o2__exponential_s1__add_s2_o1__reciprocal_s3__multiply_s4_o0__multiply_s0_s5_g10,32768,512,9,438758628,0,0,1,21560,20792,1417,27584,31333,28917,48291,18.24,9375,4458,10083,9773,1.453,26875,5315,3749
383,5572,omega_reduce_r4_o3_n2_multiply_add_zero_g10,65536,1024,6,420547040,0,0,1,29571,29411,792,33791,35917,35209,58375,19.76,9625,4500,9584,6346,1.215,31417,1846,2126
384,5585,omega_reduce_r3_o2_n2_multiply_add_zero_epi10_fused_identity_o10__add_o8_o9__add_s1_o7__add_s2_o6__add_s3_o5__add_s4_o4__add_s5_o3__add_s6_o2__reciprocal_s7__multiply_s0_s8__multiply_s9_o1__add_s10_o0,32768,1024,14,1822724,0,0,1,9619,9238,917,12084,11916,11208,16875,14.59,11458,4542,10917,2297,1.239,7374,-2245,-168
385,5594,omega_reduce_r2_o1_n2_multiply_add_zero_epi4_fused_identity_o4__multiply_s0_o3__add_s1_o2__square_root_s2__reciprocal_s3__multiply_s4_o1__multiply_s5_o0,256,1,8,716008,32,0,1,5530,4446,667,11250,11125,10583,17833,16.59,8125,4459,9542,5595,2.012,6666,1136,-125
386,5596,omega_elementwise_r2_n1_identity_g1,1024,1,5,398084,0,0,1,3917,3595,250,5958,6542,6083,9958,14.66,8167,4292,10375,2625,1.670,2250,-1667,584
387,5601,omega_reduce_r3_o2_n2_multiply_add_zero_epi1_fused_identity_o1__multiply_s0_o0,393248,6145,5,1420899760,0,0,1,158018,157280,50750,159875,175209,174042,324250,23.48,5333,8875,12958,17191,1.109,166334,8316,15334
388,5603,omega_elementwise_r3_n1_identity,49155,49,3,397836,0,0,1,3149,3149,1375,5791,6542,5875,8583,11.02,23625,4334,9417,3393,2.078,2208,-941,751
389,5604,omega_reduce_r3_o2_n1_identity_maximum_negative_infinity,14464,113,3,205312,16,0,1,3988,3940,625,6584,7000,6625,12416,23.50,8708,4167,8000,3012,1.755,2833,-1155,416
390,5605,omega_reduce_r2_o1_n1_identity_maximum_negative_infinity,32,1,3,4608,0,0,1,2923,2393,417,5666,6208,5000,17083,38.87,6417,3667,13250,3285,2.124,2541,-382,542
391,5607,omega_iota_r1,113,1,2,2048,0,0,1,2155,2196,708,4083,4041,3541,8041,27.68,6333,3708,12125,1886,1.875,333,-1822,-42
392,5608,omega_iota_r1,435,1,2,4096,0,0,0,2185,2179,792,4125,4083,3792,9125,25.55,6292,3875,13500,1898,1.869,208,-1977,-42
393,5610,omega_elementwise_r1_n2_multiply,113,1,4,3332,0,0,1,2821,2673,708,4834,5208,4792,8250,15.68,6209,3834,12083,2387,1.846,1374,-1447,374
394,5614,omega_reduce_r3_o2_n5_fused_equal_o0_o1__add_o2_o3__select_s0_s1_o4_minimum_positive_infinity,14464,113,7,209156,16,0,1,5488,5625,750,10375,10833,10250,14375,12.72,6125,4375,16666,5345,1.974,6458,970,458
395,5615,omega_reduce_r2_o1_n1_identity_minimum_positive_infinity,32,1,3,2052,0,0,1,2911,2881,125,5500,5375,5042,9958,20.69,7084,4167,12208,2464,1.847,1208,-1703,-125
396,5621,omega_reduce_r3_o2_n4_fused_greater_o0_o1__greater_o2_o3__multiply_s0_s1_add_zero,14464,113,6,406536,16,0,1,4851,4845,583,8250,8750,8125,13875,20.79,5917,4375,13833,3899,1.804,4375,-476,500
397,5622,omega_reduce_r2_o1_n1_identity_add_zero,32,1,3,4100,0,0,1,2762,2571,708,5458,5416,5083,9542,22.80,7792,3834,8917,2654,1.961,1582,-1180,-42
