index,node,kernel,extents,operand_codecs
0,4,omega_elementwise_r2_n2_fused_identity_o0__multiply_s0_o1_g10,1x1024,1:Q8_0;3:unpacked
1,38,omega_reduce_r2_o1_n2_multiply_add_zero_epi4_fused_identity_o4__multiply_s0_o3__add_s1_o2__square_root_s2__reciprocal_s3__multiply_s4_o1__multiply_s5_o0,1x1024,4:unpacked;4:unpacked
2,44,omega_reduce_r4_o3_n2_multiply_add_zero,1x8x64x1024,22:Q8_0;38:unpacked
3,40,omega_reduce_r4_o3_n2_multiply_add_zero,1x16x64x1024,20:Q8_0;38:unpacked
4,42,omega_reduce_r4_o3_n2_multiply_add_zero,1x8x64x1024,21:Q8_0;38:unpacked
5,56,omega_elementwise_twin_r3_n4_fused_multiply_o0_o1__multiply_o2_o3__add_s0_s1_fused_multiply_o0_o3__multiply_o2_o1__subtract_s0_s1,1x8x32,10:unpacked;42:unpacked;11:unpacked;42:unpacked
6,47,omega_elementwise_twin_r3_n4_fused_multiply_o0_o1__multiply_o2_o3__subtract_s0_s1_fused_multiply_o0_o3__multiply_o2_o1__add_s0_s1,1x16x32,10:unpacked;40:unpacked;11:unpacked;40:unpacked
7,89,omega_cached_attention_q1_h8_g2_d64_s3c800000_ln9223372036854775808_up0_x4_e1_k1_ds,1x8x2x64,47:unpacked;50:unpacked;24:unpacked;25:unpacked;53:unpacked;56:unpacked;26:unpacked;44:unpacked;17:unpacked
8,89,omega_cached_attention_q1_h8_g2_d64_s3c800000_ln9223372036854775808_up0_x4_e1_k1_ds_merge,1x8x2x64,47:unpacked;50:unpacked;24:unpacked;25:unpacked;53:unpacked;56:unpacked;26:unpacked;44:unpacked;17:unpacked
9,93,omega_reduce_r5_o2_n2_multiply_add_zero_epi2_fused_identity_o2__multiply_s0_o1__add_s1_o0,1x8x2x64x1024,23:Q8_0;89:unpacked
10,101,omega_reduce_r2_o1_n2_multiply_add_zero_epi4_fused_identity_o4__multiply_s0_o3__add_s1_o2__square_root_s2__reciprocal_s3__multiply_s4_o1__multiply_s5_o0,1x1024,93:unpacked;93:unpacked
11,103,omega_reduce_r3_o2_n2_multiply_add_zero,1x1024x32,27:unpacked;101:unpacked
12,109,omega_moe_topk_e32_k8_stacked,1,103:unpacked
13,226,omega_reduce_r4_o3_n2_multiply_add_zero_g10,1x8x1024x512,28:Q8_0;101:unpacked
14,234,omega_reduce_r4_o3_n2_multiply_add_zero_epi3_fused_identity_o3__negate_o2__exponential_s1__add_s2_o1__reciprocal_s3__multiply_s4_o0__multiply_s0_s5_g10,1x8x1024x512,29:Q8_0;101:unpacked
15,236,omega_reduce_r4_o3_n2_multiply_add_zero_g10,1x8x512x1024,30:Q8_0;234:unpacked
16,249,omega_reduce_r3_o2_n2_multiply_add_zero_epi10_fused_identity_o10__add_o8_o9__add_s1_o7__add_s2_o6__add_s3_o5__add_s4_o4__add_s5_o3__add_s6_o2__reciprocal_s7__multiply_s0_s8__multiply_s9_o1__add_s10_o0,1x8x1024,224:unpacked;236:unpacked
17,270,omega_reduce_r2_o1_n2_multiply_add_zero_epi4_fused_identity_o4__multiply_s0_o3__add_s1_o2__square_root_s2__reciprocal_s3__multiply_s4_o1__multiply_s5_o0,1x1024,249:unpacked;249:unpacked
18,276,omega_reduce_r4_o3_n2_multiply_add_zero,1x8x64x1024,254:Q8_0;270:unpacked
19,272,omega_reduce_r4_o3_n2_multiply_add_zero,1x16x64x1024,252:Q8_0;270:unpacked
20,274,omega_reduce_r4_o3_n2_multiply_add_zero,1x8x64x1024,253:Q8_0;270:unpacked
21,288,omega_elementwise_twin_r3_n4_fused_multiply_o0_o1__multiply_o2_o3__add_s0_s1_fused_multiply_o0_o3__multiply_o2_o1__subtract_s0_s1,1x8x32,10:unpacked;274:unpacked;11:unpacked;274:unpacked
22,279,omega_elementwise_twin_r3_n4_fused_multiply_o0_o1__multiply_o2_o3__subtract_s0_s1_fused_multiply_o0_o3__multiply_o2_o1__add_s0_s1,1x16x32,10:unpacked;272:unpacked;11:unpacked;272:unpacked
23,321,omega_cached_attention_q1_h8_g2_d64_s3c800000_ln9223372036854775808_up0_x4_e1_k1_ds,1x8x2x64,279:unpacked;282:unpacked;256:unpacked;257:unpacked;285:unpacked;288:unpacked;258:unpacked;276:unpacked;17:unpacked
24,321,omega_cached_attention_q1_h8_g2_d64_s3c800000_ln9223372036854775808_up0_x4_e1_k1_ds_merge,1x8x2x64,279:unpacked;282:unpacked;256:unpacked;257:unpacked;285:unpacked;288:unpacked;258:unpacked;276:unpacked;17:unpacked
25,325,omega_reduce_r5_o2_n2_multiply_add_zero_epi2_fused_identity_o2__multiply_s0_o1__add_s1_o0,1x8x2x64x1024,255:Q8_0;321:unpacked
26,333,omega_reduce_r2_o1_n2_multiply_add_zero_epi4_fused_identity_o4__multiply_s0_o3__add_s1_o2__square_root_s2__reciprocal_s3__multiply_s4_o1__multiply_s5_o0,1x1024,325:unpacked;325:unpacked
27,335,omega_reduce_r3_o2_n2_multiply_add_zero,1x1024x32,259:unpacked;333:unpacked
28,341,omega_moe_topk_e32_k8_stacked,1,335:unpacked
29,458,omega_reduce_r4_o3_n2_multiply_add_zero_g10,1x8x1024x512,260:Q8_0;333:unpacked
30,466,omega_reduce_r4_o3_n2_multiply_add_zero_epi3_fused_identity_o3__negate_o2__exponential_s1__add_s2_o1__reciprocal_s3__multiply_s4_o0__multiply_s0_s5_g10,1x8x1024x512,261:Q8_0;333:unpacked
31,468,omega_reduce_r4_o3_n2_multiply_add_zero_g10,1x8x512x1024,262:Q8_0;466:unpacked
32,481,omega_reduce_r3_o2_n2_multiply_add_zero_epi10_fused_identity_o10__add_o8_o9__add_s1_o7__add_s2_o6__add_s3_o5__add_s4_o4__add_s5_o3__add_s6_o2__reciprocal_s7__multiply_s0_s8__multiply_s9_o1__add_s10_o0,1x8x1024,456:unpacked;468:unpacked
33,502,omega_reduce_r2_o1_n2_multiply_add_zero_epi4_fused_identity_o4__multiply_s0_o3__add_s1_o2__square_root_s2__reciprocal_s3__multiply_s4_o1__multiply_s5_o0,1x1024,481:unpacked;481:unpacked
34,508,omega_reduce_r4_o3_n2_multiply_add_zero,1x8x64x1024,486:Q8_0;502:unpacked
35,504,omega_reduce_r4_o3_n2_multiply_add_zero,1x16x64x1024,484:Q8_0;502:unpacked
36,506,omega_reduce_r4_o3_n2_multiply_add_zero,1x8x64x1024,485:Q8_0;502:unpacked
37,520,omega_elementwise_twin_r3_n4_fused_multiply_o0_o1__multiply_o2_o3__add_s0_s1_fused_multiply_o0_o3__multiply_o2_o1__subtract_s0_s1,1x8x32,10:unpacked;506:unpacked;11:unpacked;506:unpacked
38,511,omega_elementwise_twin_r3_n4_fused_multiply_o0_o1__multiply_o2_o3__subtract_s0_s1_fused_multiply_o0_o3__multiply_o2_o1__add_s0_s1,1x16x32,10:unpacked;504:unpacked;11:unpacked;504:unpacked
39,553,omega_cached_attention_q1_h8_g2_d64_s3c800000_ln9223372036854775808_up0_x4_e1_k1_ds,1x8x2x64,511:unpacked;514:unpacked;488:unpacked;489:unpacked;517:unpacked;520:unpacked;490:unpacked;508:unpacked;17:unpacked
40,553,omega_cached_attention_q1_h8_g2_d64_s3c800000_ln9223372036854775808_up0_x4_e1_k1_ds_merge,1x8x2x64,511:unpacked;514:unpacked;488:unpacked;489:unpacked;517:unpacked;520:unpacked;490:unpacked;508:unpacked;17:unpacked
41,557,omega_reduce_r5_o2_n2_multiply_add_zero_epi2_fused_identity_o2__multiply_s0_o1__add_s1_o0,1x8x2x64x1024,487:Q8_0;553:unpacked
42,565,omega_reduce_r2_o1_n2_multiply_add_zero_epi4_fused_identity_o4__multiply_s0_o3__add_s1_o2__square_root_s2__reciprocal_s3__multiply_s4_o1__multiply_s5_o0,1x1024,557:unpacked;557:unpacked
43,567,omega_reduce_r3_o2_n2_multiply_add_zero,1x1024x32,491:unpacked;565:unpacked
44,573,omega_moe_topk_e32_k8_stacked,1,567:unpacked
45,690,omega_reduce_r4_o3_n2_multiply_add_zero_g10,1x8x1024x512,492:Q8_0;565:unpacked
46,698,omega_reduce_r4_o3_n2_multiply_add_zero_epi3_fused_identity_o3__negate_o2__exponential_s1__add_s2_o1__reciprocal_s3__multiply_s4_o0__multiply_s0_s5_g10,1x8x1024x512,493:Q8_0;565:unpacked
47,700,omega_reduce_r4_o3_n2_multiply_add_zero_g10,1x8x512x1024,494:Q8_0;698:unpacked
48,713,omega_reduce_r3_o2_n2_multiply_add_zero_epi10_fused_identity_o10__add_o8_o9__add_s1_o7__add_s2_o6__add_s3_o5__add_s4_o4__add_s5_o3__add_s6_o2__reciprocal_s7__multiply_s0_s8__multiply_s9_o1__add_s10_o0,1x8x1024,688:unpacked;700:unpacked
49,734,omega_reduce_r2_o1_n2_multiply_add_zero_epi4_fused_identity_o4__multiply_s0_o3__add_s1_o2__square_root_s2__reciprocal_s3__multiply_s4_o1__multiply_s5_o0,1x1024,713:unpacked;713:unpacked
50,740,omega_reduce_r4_o3_n2_multiply_add_zero,1x8x64x1024,718:Q8_0;734:unpacked
51,736,omega_reduce_r4_o3_n2_multiply_add_zero,1x16x64x1024,716:Q8_0;734:unpacked
52,738,omega_reduce_r4_o3_n2_multiply_add_zero,1x8x64x1024,717:Q8_0;734:unpacked
53,752,omega_elementwise_twin_r3_n4_fused_multiply_o0_o1__multiply_o2_o3__add_s0_s1_fused_multiply_o0_o3__multiply_o2_o1__subtract_s0_s1,1x8x32,10:unpacked;738:unpacked;11:unpacked;738:unpacked
54,743,omega_elementwise_twin_r3_n4_fused_multiply_o0_o1__multiply_o2_o3__subtract_s0_s1_fused_multiply_o0_o3__multiply_o2_o1__add_s0_s1,1x16x32,10:unpacked;736:unpacked;11:unpacked;736:unpacked
55,785,omega_cached_attention_q1_h8_g2_d64_s3c800000_ln9223372036854775808_up0_x4_e1_k1_ds,1x8x2x64,743:unpacked;746:unpacked;720:unpacked;721:unpacked;749:unpacked;752:unpacked;722:unpacked;740:unpacked;17:unpacked
56,785,omega_cached_attention_q1_h8_g2_d64_s3c800000_ln9223372036854775808_up0_x4_e1_k1_ds_merge,1x8x2x64,743:unpacked;746:unpacked;720:unpacked;721:unpacked;749:unpacked;752:unpacked;722:unpacked;740:unpacked;17:unpacked
57,789,omega_reduce_r5_o2_n2_multiply_add_zero_epi2_fused_identity_o2__multiply_s0_o1__add_s1_o0,1x8x2x64x1024,719:Q8_0;785:unpacked
58,797,omega_reduce_r2_o1_n2_multiply_add_zero_epi4_fused_identity_o4__multiply_s0_o3__add_s1_o2__square_root_s2__reciprocal_s3__multiply_s4_o1__multiply_s5_o0,1x1024,789:unpacked;789:unpacked
59,799,omega_reduce_r3_o2_n2_multiply_add_zero,1x1024x32,723:unpacked;797:unpacked
60,805,omega_moe_topk_e32_k8_stacked,1,799:unpacked
61,922,omega_reduce_r4_o3_n2_multiply_add_zero_g10,1x8x1024x512,724:Q8_0;797:unpacked
62,930,omega_reduce_r4_o3_n2_multiply_add_zero_epi3_fused_identity_o3__negate_o2__exponential_s1__add_s2_o1__reciprocal_s3__multiply_s4_o0__multiply_s0_s5_g10,1x8x1024x512,725:Q8_0;797:unpacked
63,932,omega_reduce_r4_o3_n2_multiply_add_zero_g10,1x8x512x1024,726:Q8_0;930:unpacked
64,945,omega_reduce_r3_o2_n2_multiply_add_zero_epi10_fused_identity_o10__add_o8_o9__add_s1_o7__add_s2_o6__add_s3_o5__add_s4_o4__add_s5_o3__add_s6_o2__reciprocal_s7__multiply_s0_s8__multiply_s9_o1__add_s10_o0,1x8x1024,920:unpacked;932:unpacked
65,966,omega_reduce_r2_o1_n2_multiply_add_zero_epi4_fused_identity_o4__multiply_s0_o3__add_s1_o2__square_root_s2__reciprocal_s3__multiply_s4_o1__multiply_s5_o0,1x1024,945:unpacked;945:unpacked
66,972,omega_reduce_r4_o3_n2_multiply_add_zero,1x8x64x1024,950:Q8_0;966:unpacked
67,968,omega_reduce_r4_o3_n2_multiply_add_zero,1x16x64x1024,948:Q8_0;966:unpacked
68,970,omega_reduce_r4_o3_n2_multiply_add_zero,1x8x64x1024,949:Q8_0;966:unpacked
69,984,omega_elementwise_twin_r3_n4_fused_multiply_o0_o1__multiply_o2_o3__add_s0_s1_fused_multiply_o0_o3__multiply_o2_o1__subtract_s0_s1,1x8x32,10:unpacked;970:unpacked;11:unpacked;970:unpacked
70,975,omega_elementwise_twin_r3_n4_fused_multiply_o0_o1__multiply_o2_o3__subtract_s0_s1_fused_multiply_o0_o3__multiply_o2_o1__add_s0_s1,1x16x32,10:unpacked;968:unpacked;11:unpacked;968:unpacked
71,1017,omega_cached_attention_q1_h8_g2_d64_s3c800000_ln9223372036854775808_up0_x4_e1_k1_ds,1x8x2x64,975:unpacked;978:unpacked;952:unpacked;953:unpacked;981:unpacked;984:unpacked;954:unpacked;972:unpacked;17:unpacked
72,1017,omega_cached_attention_q1_h8_g2_d64_s3c800000_ln9223372036854775808_up0_x4_e1_k1_ds_merge,1x8x2x64,975:unpacked;978:unpacked;952:unpacked;953:unpacked;981:unpacked;984:unpacked;954:unpacked;972:unpacked;17:unpacked
73,1021,omega_reduce_r5_o2_n2_multiply_add_zero_epi2_fused_identity_o2__multiply_s0_o1__add_s1_o0,1x8x2x64x1024,951:Q8_0;1017:unpacked
74,1029,omega_reduce_r2_o1_n2_multiply_add_zero_epi4_fused_identity_o4__multiply_s0_o3__add_s1_o2__square_root_s2__reciprocal_s3__multiply_s4_o1__multiply_s5_o0,1x1024,1021:unpacked;1021:unpacked
75,1031,omega_reduce_r3_o2_n2_multiply_add_zero,1x1024x32,955:unpacked;1029:unpacked
76,1037,omega_moe_topk_e32_k8_stacked,1,1031:unpacked
77,1154,omega_reduce_r4_o3_n2_multiply_add_zero_g10,1x8x1024x512,956:Q8_0;1029:unpacked
78,1162,omega_reduce_r4_o3_n2_multiply_add_zero_epi3_fused_identity_o3__negate_o2__exponential_s1__add_s2_o1__reciprocal_s3__multiply_s4_o0__multiply_s0_s5_g10,1x8x1024x512,957:Q8_0;1029:unpacked
79,1164,omega_reduce_r4_o3_n2_multiply_add_zero_g10,1x8x512x1024,958:Q8_0;1162:unpacked
80,1177,omega_reduce_r3_o2_n2_multiply_add_zero_epi10_fused_identity_o10__add_o8_o9__add_s1_o7__add_s2_o6__add_s3_o5__add_s4_o4__add_s5_o3__add_s6_o2__reciprocal_s7__multiply_s0_s8__multiply_s9_o1__add_s10_o0,1x8x1024,1152:unpacked;1164:unpacked
81,1198,omega_reduce_r2_o1_n2_multiply_add_zero_epi4_fused_identity_o4__multiply_s0_o3__add_s1_o2__square_root_s2__reciprocal_s3__multiply_s4_o1__multiply_s5_o0,1x1024,1177:unpacked;1177:unpacked
82,1204,omega_reduce_r4_o3_n2_multiply_add_zero,1x8x64x1024,1182:Q8_0;1198:unpacked
83,1200,omega_reduce_r4_o3_n2_multiply_add_zero,1x16x64x1024,1180:Q8_0;1198:unpacked
84,1202,omega_reduce_r4_o3_n2_multiply_add_zero,1x8x64x1024,1181:Q8_0;1198:unpacked
85,1216,omega_elementwise_twin_r3_n4_fused_multiply_o0_o1__multiply_o2_o3__add_s0_s1_fused_multiply_o0_o3__multiply_o2_o1__subtract_s0_s1,1x8x32,10:unpacked;1202:unpacked;11:unpacked;1202:unpacked
86,1207,omega_elementwise_twin_r3_n4_fused_multiply_o0_o1__multiply_o2_o3__subtract_s0_s1_fused_multiply_o0_o3__multiply_o2_o1__add_s0_s1,1x16x32,10:unpacked;1200:unpacked;11:unpacked;1200:unpacked
87,1249,omega_cached_attention_q1_h8_g2_d64_s3c800000_ln9223372036854775808_up0_x4_e1_k1_ds,1x8x2x64,1207:unpacked;1210:unpacked;1184:unpacked;1185:unpacked;1213:unpacked;1216:unpacked;1186:unpacked;1204:unpacked;17:unpacked
88,1249,omega_cached_attention_q1_h8_g2_d64_s3c800000_ln9223372036854775808_up0_x4_e1_k1_ds_merge,1x8x2x64,1207:unpacked;1210:unpacked;1184:unpacked;1185:unpacked;1213:unpacked;1216:unpacked;1186:unpacked;1204:unpacked;17:unpacked
89,1253,omega_reduce_r5_o2_n2_multiply_add_zero_epi2_fused_identity_o2__multiply_s0_o1__add_s1_o0,1x8x2x64x1024,1183:Q8_0;1249:unpacked
90,1261,omega_reduce_r2_o1_n2_multiply_add_zero_epi4_fused_identity_o4__multiply_s0_o3__add_s1_o2__square_root_s2__reciprocal_s3__multiply_s4_o1__multiply_s5_o0,1x1024,1253:unpacked;1253:unpacked
91,1263,omega_reduce_r3_o2_n2_multiply_add_zero,1x1024x32,1187:unpacked;1261:unpacked
92,1269,omega_moe_topk_e32_k8_stacked,1,1263:unpacked
93,1386,omega_reduce_r4_o3_n2_multiply_add_zero_g10,1x8x1024x512,1188:Q8_0;1261:unpacked
94,1394,omega_reduce_r4_o3_n2_multiply_add_zero_epi3_fused_identity_o3__negate_o2__exponential_s1__add_s2_o1__reciprocal_s3__multiply_s4_o0__multiply_s0_s5_g10,1x8x1024x512,1189:Q8_0;1261:unpacked
95,1396,omega_reduce_r4_o3_n2_multiply_add_zero_g10,1x8x512x1024,1190:Q8_0;1394:unpacked
96,1409,omega_reduce_r3_o2_n2_multiply_add_zero_epi10_fused_identity_o10__add_o8_o9__add_s1_o7__add_s2_o6__add_s3_o5__add_s4_o4__add_s5_o3__add_s6_o2__reciprocal_s7__multiply_s0_s8__multiply_s9_o1__add_s10_o0,1x8x1024,1384:unpacked;1396:unpacked
97,1430,omega_reduce_r2_o1_n2_multiply_add_zero_epi4_fused_identity_o4__multiply_s0_o3__add_s1_o2__square_root_s2__reciprocal_s3__multiply_s4_o1__multiply_s5_o0,1x1024,1409:unpacked;1409:unpacked
98,1436,omega_reduce_r4_o3_n2_multiply_add_zero,1x8x64x1024,1414:Q8_0;1430:unpacked
99,1432,omega_reduce_r4_o3_n2_multiply_add_zero,1x16x64x1024,1412:Q8_0;1430:unpacked
100,1434,omega_reduce_r4_o3_n2_multiply_add_zero,1x8x64x1024,1413:Q8_0;1430:unpacked
101,1448,omega_elementwise_twin_r3_n4_fused_multiply_o0_o1__multiply_o2_o3__add_s0_s1_fused_multiply_o0_o3__multiply_o2_o1__subtract_s0_s1,1x8x32,10:unpacked;1434:unpacked;11:unpacked;1434:unpacked
102,1439,omega_elementwise_twin_r3_n4_fused_multiply_o0_o1__multiply_o2_o3__subtract_s0_s1_fused_multiply_o0_o3__multiply_o2_o1__add_s0_s1,1x16x32,10:unpacked;1432:unpacked;11:unpacked;1432:unpacked
103,1481,omega_cached_attention_q1_h8_g2_d64_s3c800000_ln9223372036854775808_up0_x4_e1_k1_ds,1x8x2x64,1439:unpacked;1442:unpacked;1416:unpacked;1417:unpacked;1445:unpacked;1448:unpacked;1418:unpacked;1436:unpacked;17:unpacked
104,1481,omega_cached_attention_q1_h8_g2_d64_s3c800000_ln9223372036854775808_up0_x4_e1_k1_ds_merge,1x8x2x64,1439:unpacked;1442:unpacked;1416:unpacked;1417:unpacked;1445:unpacked;1448:unpacked;1418:unpacked;1436:unpacked;17:unpacked
105,1485,omega_reduce_r5_o2_n2_multiply_add_zero_epi2_fused_identity_o2__multiply_s0_o1__add_s1_o0,1x8x2x64x1024,1415:Q8_0;1481:unpacked
106,1493,omega_reduce_r2_o1_n2_multiply_add_zero_epi4_fused_identity_o4__multiply_s0_o3__add_s1_o2__square_root_s2__reciprocal_s3__multiply_s4_o1__multiply_s5_o0,1x1024,1485:unpacked;1485:unpacked
107,1495,omega_reduce_r3_o2_n2_multiply_add_zero,1x1024x32,1419:unpacked;1493:unpacked
108,1501,omega_moe_topk_e32_k8_stacked,1,1495:unpacked
109,1618,omega_reduce_r4_o3_n2_multiply_add_zero_g10,1x8x1024x512,1420:Q8_0;1493:unpacked
110,1626,omega_reduce_r4_o3_n2_multiply_add_zero_epi3_fused_identity_o3__negate_o2__exponential_s1__add_s2_o1__reciprocal_s3__multiply_s4_o0__multiply_s0_s5_g10,1x8x1024x512,1421:Q8_0;1493:unpacked
111,1628,omega_reduce_r4_o3_n2_multiply_add_zero_g10,1x8x512x1024,1422:Q8_0;1626:unpacked
112,1641,omega_reduce_r3_o2_n2_multiply_add_zero_epi10_fused_identity_o10__add_o8_o9__add_s1_o7__add_s2_o6__add_s3_o5__add_s4_o4__add_s5_o3__add_s6_o2__reciprocal_s7__multiply_s0_s8__multiply_s9_o1__add_s10_o0,1x8x1024,1616:unpacked;1628:unpacked
113,1662,omega_reduce_r2_o1_n2_multiply_add_zero_epi4_fused_identity_o4__multiply_s0_o3__add_s1_o2__square_root_s2__reciprocal_s3__multiply_s4_o1__multiply_s5_o0,1x1024,1641:unpacked;1641:unpacked
114,1668,omega_reduce_r4_o3_n2_multiply_add_zero,1x8x64x1024,1646:Q8_0;1662:unpacked
115,1664,omega_reduce_r4_o3_n2_multiply_add_zero,1x16x64x1024,1644:Q8_0;1662:unpacked
116,1666,omega_reduce_r4_o3_n2_multiply_add_zero,1x8x64x1024,1645:Q8_0;1662:unpacked
117,1680,omega_elementwise_twin_r3_n4_fused_multiply_o0_o1__multiply_o2_o3__add_s0_s1_fused_multiply_o0_o3__multiply_o2_o1__subtract_s0_s1,1x8x32,10:unpacked;1666:unpacked;11:unpacked;1666:unpacked
118,1671,omega_elementwise_twin_r3_n4_fused_multiply_o0_o1__multiply_o2_o3__subtract_s0_s1_fused_multiply_o0_o3__multiply_o2_o1__add_s0_s1,1x16x32,10:unpacked;1664:unpacked;11:unpacked;1664:unpacked
119,1713,omega_cached_attention_q1_h8_g2_d64_s3c800000_ln9223372036854775808_up0_x4_e1_k1_ds,1x8x2x64,1671:unpacked;1674:unpacked;1648:unpacked;1649:unpacked;1677:unpacked;1680:unpacked;1650:unpacked;1668:unpacked;17:unpacked
120,1713,omega_cached_attention_q1_h8_g2_d64_s3c800000_ln9223372036854775808_up0_x4_e1_k1_ds_merge,1x8x2x64,1671:unpacked;1674:unpacked;1648:unpacked;1649:unpacked;1677:unpacked;1680:unpacked;1650:unpacked;1668:unpacked;17:unpacked
121,1717,omega_reduce_r5_o2_n2_multiply_add_zero_epi2_fused_identity_o2__multiply_s0_o1__add_s1_o0,1x8x2x64x1024,1647:Q8_0;1713:unpacked
122,1725,omega_reduce_r2_o1_n2_multiply_add_zero_epi4_fused_identity_o4__multiply_s0_o3__add_s1_o2__square_root_s2__reciprocal_s3__multiply_s4_o1__multiply_s5_o0,1x1024,1717:unpacked;1717:unpacked
123,1727,omega_reduce_r3_o2_n2_multiply_add_zero,1x1024x32,1651:unpacked;1725:unpacked
124,1733,omega_moe_topk_e32_k8_stacked,1,1727:unpacked
125,1850,omega_reduce_r4_o3_n2_multiply_add_zero_g10,1x8x1024x512,1652:Q8_0;1725:unpacked
126,1858,omega_reduce_r4_o3_n2_multiply_add_zero_epi3_fused_identity_o3__negate_o2__exponential_s1__add_s2_o1__reciprocal_s3__multiply_s4_o0__multiply_s0_s5_g10,1x8x1024x512,1653:Q8_0;1725:unpacked
127,1860,omega_reduce_r4_o3_n2_multiply_add_zero_g10,1x8x512x1024,1654:Q8_0;1858:unpacked
128,1873,omega_reduce_r3_o2_n2_multiply_add_zero_epi10_fused_identity_o10__add_o8_o9__add_s1_o7__add_s2_o6__add_s3_o5__add_s4_o4__add_s5_o3__add_s6_o2__reciprocal_s7__multiply_s0_s8__multiply_s9_o1__add_s10_o0,1x8x1024,1848:unpacked;1860:unpacked
129,1894,omega_reduce_r2_o1_n2_multiply_add_zero_epi4_fused_identity_o4__multiply_s0_o3__add_s1_o2__square_root_s2__reciprocal_s3__multiply_s4_o1__multiply_s5_o0,1x1024,1873:unpacked;1873:unpacked
130,1900,omega_reduce_r4_o3_n2_multiply_add_zero,1x8x64x1024,1878:Q8_0;1894:unpacked
131,1896,omega_reduce_r4_o3_n2_multiply_add_zero,1x16x64x1024,1876:Q8_0;1894:unpacked
132,1898,omega_reduce_r4_o3_n2_multiply_add_zero,1x8x64x1024,1877:Q8_0;1894:unpacked
133,1912,omega_elementwise_twin_r3_n4_fused_multiply_o0_o1__multiply_o2_o3__add_s0_s1_fused_multiply_o0_o3__multiply_o2_o1__subtract_s0_s1,1x8x32,10:unpacked;1898:unpacked;11:unpacked;1898:unpacked
134,1903,omega_elementwise_twin_r3_n4_fused_multiply_o0_o1__multiply_o2_o3__subtract_s0_s1_fused_multiply_o0_o3__multiply_o2_o1__add_s0_s1,1x16x32,10:unpacked;1896:unpacked;11:unpacked;1896:unpacked
135,1945,omega_cached_attention_q1_h8_g2_d64_s3c800000_ln9223372036854775808_up0_x4_e1_k1_ds,1x8x2x64,1903:unpacked;1906:unpacked;1880:unpacked;1881:unpacked;1909:unpacked;1912:unpacked;1882:unpacked;1900:unpacked;17:unpacked
136,1945,omega_cached_attention_q1_h8_g2_d64_s3c800000_ln9223372036854775808_up0_x4_e1_k1_ds_merge,1x8x2x64,1903:unpacked;1906:unpacked;1880:unpacked;1881:unpacked;1909:unpacked;1912:unpacked;1882:unpacked;1900:unpacked;17:unpacked
137,1949,omega_reduce_r5_o2_n2_multiply_add_zero_epi2_fused_identity_o2__multiply_s0_o1__add_s1_o0,1x8x2x64x1024,1879:Q8_0;1945:unpacked
138,1957,omega_reduce_r2_o1_n2_multiply_add_zero_epi4_fused_identity_o4__multiply_s0_o3__add_s1_o2__square_root_s2__reciprocal_s3__multiply_s4_o1__multiply_s5_o0,1x1024,1949:unpacked;1949:unpacked
139,1959,omega_reduce_r3_o2_n2_multiply_add_zero,1x1024x32,1883:unpacked;1957:unpacked
140,1965,omega_moe_topk_e32_k8_stacked,1,1959:unpacked
141,2082,omega_reduce_r4_o3_n2_multiply_add_zero_g10,1x8x1024x512,1884:Q8_0;1957:unpacked
142,2090,omega_reduce_r4_o3_n2_multiply_add_zero_epi3_fused_identity_o3__negate_o2__exponential_s1__add_s2_o1__reciprocal_s3__multiply_s4_o0__multiply_s0_s5_g10,1x8x1024x512,1885:Q8_0;1957:unpacked
143,2092,omega_reduce_r4_o3_n2_multiply_add_zero_g10,1x8x512x1024,1886:Q8_0;2090:unpacked
144,2105,omega_reduce_r3_o2_n2_multiply_add_zero_epi10_fused_identity_o10__add_o8_o9__add_s1_o7__add_s2_o6__add_s3_o5__add_s4_o4__add_s5_o3__add_s6_o2__reciprocal_s7__multiply_s0_s8__multiply_s9_o1__add_s10_o0,1x8x1024,2080:unpacked;2092:unpacked
145,2126,omega_reduce_r2_o1_n2_multiply_add_zero_epi4_fused_identity_o4__multiply_s0_o3__add_s1_o2__square_root_s2__reciprocal_s3__multiply_s4_o1__multiply_s5_o0,1x1024,2105:unpacked;2105:unpacked
146,2132,omega_reduce_r4_o3_n2_multiply_add_zero,1x8x64x1024,2110:Q8_0;2126:unpacked
147,2128,omega_reduce_r4_o3_n2_multiply_add_zero,1x16x64x1024,2108:Q8_0;2126:unpacked
148,2130,omega_reduce_r4_o3_n2_multiply_add_zero,1x8x64x1024,2109:Q8_0;2126:unpacked
149,2144,omega_elementwise_twin_r3_n4_fused_multiply_o0_o1__multiply_o2_o3__add_s0_s1_fused_multiply_o0_o3__multiply_o2_o1__subtract_s0_s1,1x8x32,10:unpacked;2130:unpacked;11:unpacked;2130:unpacked
150,2135,omega_elementwise_twin_r3_n4_fused_multiply_o0_o1__multiply_o2_o3__subtract_s0_s1_fused_multiply_o0_o3__multiply_o2_o1__add_s0_s1,1x16x32,10:unpacked;2128:unpacked;11:unpacked;2128:unpacked
151,2177,omega_cached_attention_q1_h8_g2_d64_s3c800000_ln9223372036854775808_up0_x4_e1_k1_ds,1x8x2x64,2135:unpacked;2138:unpacked;2112:unpacked;2113:unpacked;2141:unpacked;2144:unpacked;2114:unpacked;2132:unpacked;17:unpacked
152,2177,omega_cached_attention_q1_h8_g2_d64_s3c800000_ln9223372036854775808_up0_x4_e1_k1_ds_merge,1x8x2x64,2135:unpacked;2138:unpacked;2112:unpacked;2113:unpacked;2141:unpacked;2144:unpacked;2114:unpacked;2132:unpacked;17:unpacked
153,2181,omega_reduce_r5_o2_n2_multiply_add_zero_epi2_fused_identity_o2__multiply_s0_o1__add_s1_o0,1x8x2x64x1024,2111:Q8_0;2177:unpacked
154,2189,omega_reduce_r2_o1_n2_multiply_add_zero_epi4_fused_identity_o4__multiply_s0_o3__add_s1_o2__square_root_s2__reciprocal_s3__multiply_s4_o1__multiply_s5_o0,1x1024,2181:unpacked;2181:unpacked
155,2191,omega_reduce_r3_o2_n2_multiply_add_zero,1x1024x32,2115:unpacked;2189:unpacked
156,2197,omega_moe_topk_e32_k8_stacked,1,2191:unpacked
157,2314,omega_reduce_r4_o3_n2_multiply_add_zero_g10,1x8x1024x512,2116:Q8_0;2189:unpacked
158,2322,omega_reduce_r4_o3_n2_multiply_add_zero_epi3_fused_identity_o3__negate_o2__exponential_s1__add_s2_o1__reciprocal_s3__multiply_s4_o0__multiply_s0_s5_g10,1x8x1024x512,2117:Q8_0;2189:unpacked
159,2324,omega_reduce_r4_o3_n2_multiply_add_zero_g10,1x8x512x1024,2118:Q8_0;2322:unpacked
160,2337,omega_reduce_r3_o2_n2_multiply_add_zero_epi10_fused_identity_o10__add_o8_o9__add_s1_o7__add_s2_o6__add_s3_o5__add_s4_o4__add_s5_o3__add_s6_o2__reciprocal_s7__multiply_s0_s8__multiply_s9_o1__add_s10_o0,1x8x1024,2312:unpacked;2324:unpacked
161,2358,omega_reduce_r2_o1_n2_multiply_add_zero_epi4_fused_identity_o4__multiply_s0_o3__add_s1_o2__square_root_s2__reciprocal_s3__multiply_s4_o1__multiply_s5_o0,1x1024,2337:unpacked;2337:unpacked
162,2364,omega_reduce_r4_o3_n2_multiply_add_zero,1x8x64x1024,2342:Q8_0;2358:unpacked
163,2360,omega_reduce_r4_o3_n2_multiply_add_zero,1x16x64x1024,2340:Q8_0;2358:unpacked
164,2362,omega_reduce_r4_o3_n2_multiply_add_zero,1x8x64x1024,2341:Q8_0;2358:unpacked
165,2376,omega_elementwise_twin_r3_n4_fused_multiply_o0_o1__multiply_o2_o3__add_s0_s1_fused_multiply_o0_o3__multiply_o2_o1__subtract_s0_s1,1x8x32,10:unpacked;2362:unpacked;11:unpacked;2362:unpacked
166,2367,omega_elementwise_twin_r3_n4_fused_multiply_o0_o1__multiply_o2_o3__subtract_s0_s1_fused_multiply_o0_o3__multiply_o2_o1__add_s0_s1,1x16x32,10:unpacked;2360:unpacked;11:unpacked;2360:unpacked
167,2409,omega_cached_attention_q1_h8_g2_d64_s3c800000_ln9223372036854775808_up0_x4_e1_k1_ds,1x8x2x64,2367:unpacked;2370:unpacked;2344:unpacked;2345:unpacked;2373:unpacked;2376:unpacked;2346:unpacked;2364:unpacked;17:unpacked
168,2409,omega_cached_attention_q1_h8_g2_d64_s3c800000_ln9223372036854775808_up0_x4_e1_k1_ds_merge,1x8x2x64,2367:unpacked;2370:unpacked;2344:unpacked;2345:unpacked;2373:unpacked;2376:unpacked;2346:unpacked;2364:unpacked;17:unpacked
169,2413,omega_reduce_r5_o2_n2_multiply_add_zero_epi2_fused_identity_o2__multiply_s0_o1__add_s1_o0,1x8x2x64x1024,2343:Q8_0;2409:unpacked
170,2421,omega_reduce_r2_o1_n2_multiply_add_zero_epi4_fused_identity_o4__multiply_s0_o3__add_s1_o2__square_root_s2__reciprocal_s3__multiply_s4_o1__multiply_s5_o0,1x1024,2413:unpacked;2413:unpacked
171,2423,omega_reduce_r3_o2_n2_multiply_add_zero,1x1024x32,2347:unpacked;2421:unpacked
172,2429,omega_moe_topk_e32_k8_stacked,1,2423:unpacked
173,2546,omega_reduce_r4_o3_n2_multiply_add_zero_g10,1x8x1024x512,2348:Q8_0;2421:unpacked
174,2554,omega_reduce_r4_o3_n2_multiply_add_zero_epi3_fused_identity_o3__negate_o2__exponential_s1__add_s2_o1__reciprocal_s3__multiply_s4_o0__multiply_s0_s5_g10,1x8x1024x512,2349:Q8_0;2421:unpacked
175,2556,omega_reduce_r4_o3_n2_multiply_add_zero_g10,1x8x512x1024,2350:Q8_0;2554:unpacked
176,2569,omega_reduce_r3_o2_n2_multiply_add_zero_epi10_fused_identity_o10__add_o8_o9__add_s1_o7__add_s2_o6__add_s3_o5__add_s4_o4__add_s5_o3__add_s6_o2__reciprocal_s7__multiply_s0_s8__multiply_s9_o1__add_s10_o0,1x8x1024,2544:unpacked;2556:unpacked
177,2590,omega_reduce_r2_o1_n2_multiply_add_zero_epi4_fused_identity_o4__multiply_s0_o3__add_s1_o2__square_root_s2__reciprocal_s3__multiply_s4_o1__multiply_s5_o0,1x1024,2569:unpacked;2569:unpacked
178,2596,omega_reduce_r4_o3_n2_multiply_add_zero,1x8x64x1024,2574:Q8_0;2590:unpacked
179,2592,omega_reduce_r4_o3_n2_multiply_add_zero,1x16x64x1024,2572:Q8_0;2590:unpacked
180,2594,omega_reduce_r4_o3_n2_multiply_add_zero,1x8x64x1024,2573:Q8_0;2590:unpacked
181,2608,omega_elementwise_twin_r3_n4_fused_multiply_o0_o1__multiply_o2_o3__add_s0_s1_fused_multiply_o0_o3__multiply_o2_o1__subtract_s0_s1,1x8x32,10:unpacked;2594:unpacked;11:unpacked;2594:unpacked
182,2599,omega_elementwise_twin_r3_n4_fused_multiply_o0_o1__multiply_o2_o3__subtract_s0_s1_fused_multiply_o0_o3__multiply_o2_o1__add_s0_s1,1x16x32,10:unpacked;2592:unpacked;11:unpacked;2592:unpacked
183,2641,omega_cached_attention_q1_h8_g2_d64_s3c800000_ln9223372036854775808_up0_x4_e1_k1_ds,1x8x2x64,2599:unpacked;2602:unpacked;2576:unpacked;2577:unpacked;2605:unpacked;2608:unpacked;2578:unpacked;2596:unpacked;17:unpacked
184,2641,omega_cached_attention_q1_h8_g2_d64_s3c800000_ln9223372036854775808_up0_x4_e1_k1_ds_merge,1x8x2x64,2599:unpacked;2602:unpacked;2576:unpacked;2577:unpacked;2605:unpacked;2608:unpacked;2578:unpacked;2596:unpacked;17:unpacked
185,2645,omega_reduce_r5_o2_n2_multiply_add_zero_epi2_fused_identity_o2__multiply_s0_o1__add_s1_o0,1x8x2x64x1024,2575:Q8_0;2641:unpacked
186,2653,omega_reduce_r2_o1_n2_multiply_add_zero_epi4_fused_identity_o4__multiply_s0_o3__add_s1_o2__square_root_s2__reciprocal_s3__multiply_s4_o1__multiply_s5_o0,1x1024,2645:unpacked;2645:unpacked
187,2655,omega_reduce_r3_o2_n2_multiply_add_zero,1x1024x32,2579:unpacked;2653:unpacked
188,2661,omega_moe_topk_e32_k8_stacked,1,2655:unpacked
189,2778,omega_reduce_r4_o3_n2_multiply_add_zero_g10,1x8x1024x512,2580:Q8_0;2653:unpacked
190,2786,omega_reduce_r4_o3_n2_multiply_add_zero_epi3_fused_identity_o3__negate_o2__exponential_s1__add_s2_o1__reciprocal_s3__multiply_s4_o0__multiply_s0_s5_g10,1x8x1024x512,2581:Q8_0;2653:unpacked
191,2788,omega_reduce_r4_o3_n2_multiply_add_zero_g10,1x8x512x1024,2582:Q8_0;2786:unpacked
192,2801,omega_reduce_r3_o2_n2_multiply_add_zero_epi10_fused_identity_o10__add_o8_o9__add_s1_o7__add_s2_o6__add_s3_o5__add_s4_o4__add_s5_o3__add_s6_o2__reciprocal_s7__multiply_s0_s8__multiply_s9_o1__add_s10_o0,1x8x1024,2776:unpacked;2788:unpacked
193,2822,omega_reduce_r2_o1_n2_multiply_add_zero_epi4_fused_identity_o4__multiply_s0_o3__add_s1_o2__square_root_s2__reciprocal_s3__multiply_s4_o1__multiply_s5_o0,1x1024,2801:unpacked;2801:unpacked
194,2828,omega_reduce_r4_o3_n2_multiply_add_zero,1x8x64x1024,2806:Q8_0;2822:unpacked
195,2824,omega_reduce_r4_o3_n2_multiply_add_zero,1x16x64x1024,2804:Q8_0;2822:unpacked
196,2826,omega_reduce_r4_o3_n2_multiply_add_zero,1x8x64x1024,2805:Q8_0;2822:unpacked
197,2840,omega_elementwise_twin_r3_n4_fused_multiply_o0_o1__multiply_o2_o3__add_s0_s1_fused_multiply_o0_o3__multiply_o2_o1__subtract_s0_s1,1x8x32,10:unpacked;2826:unpacked;11:unpacked;2826:unpacked
198,2831,omega_elementwise_twin_r3_n4_fused_multiply_o0_o1__multiply_o2_o3__subtract_s0_s1_fused_multiply_o0_o3__multiply_o2_o1__add_s0_s1,1x16x32,10:unpacked;2824:unpacked;11:unpacked;2824:unpacked
199,2873,omega_cached_attention_q1_h8_g2_d64_s3c800000_ln9223372036854775808_up0_x4_e1_k1_ds,1x8x2x64,2831:unpacked;2834:unpacked;2808:unpacked;2809:unpacked;2837:unpacked;2840:unpacked;2810:unpacked;2828:unpacked;17:unpacked
200,2873,omega_cached_attention_q1_h8_g2_d64_s3c800000_ln9223372036854775808_up0_x4_e1_k1_ds_merge,1x8x2x64,2831:unpacked;2834:unpacked;2808:unpacked;2809:unpacked;2837:unpacked;2840:unpacked;2810:unpacked;2828:unpacked;17:unpacked
201,2877,omega_reduce_r5_o2_n2_multiply_add_zero_epi2_fused_identity_o2__multiply_s0_o1__add_s1_o0,1x8x2x64x1024,2807:Q8_0;2873:unpacked
202,2885,omega_reduce_r2_o1_n2_multiply_add_zero_epi4_fused_identity_o4__multiply_s0_o3__add_s1_o2__square_root_s2__reciprocal_s3__multiply_s4_o1__multiply_s5_o0,1x1024,2877:unpacked;2877:unpacked
203,2887,omega_reduce_r3_o2_n2_multiply_add_zero,1x1024x32,2811:unpacked;2885:unpacked
204,2893,omega_moe_topk_e32_k8_stacked,1,2887:unpacked
205,3010,omega_reduce_r4_o3_n2_multiply_add_zero_g10,1x8x1024x512,2812:Q8_0;2885:unpacked
206,3018,omega_reduce_r4_o3_n2_multiply_add_zero_epi3_fused_identity_o3__negate_o2__exponential_s1__add_s2_o1__reciprocal_s3__multiply_s4_o0__multiply_s0_s5_g10,1x8x1024x512,2813:Q8_0;2885:unpacked
207,3020,omega_reduce_r4_o3_n2_multiply_add_zero_g10,1x8x512x1024,2814:Q8_0;3018:unpacked
208,3033,omega_reduce_r3_o2_n2_multiply_add_zero_epi10_fused_identity_o10__add_o8_o9__add_s1_o7__add_s2_o6__add_s3_o5__add_s4_o4__add_s5_o3__add_s6_o2__reciprocal_s7__multiply_s0_s8__multiply_s9_o1__add_s10_o0,1x8x1024,3008:unpacked;3020:unpacked
209,3054,omega_reduce_r2_o1_n2_multiply_add_zero_epi4_fused_identity_o4__multiply_s0_o3__add_s1_o2__square_root_s2__reciprocal_s3__multiply_s4_o1__multiply_s5_o0,1x1024,3033:unpacked;3033:unpacked
210,3060,omega_reduce_r4_o3_n2_multiply_add_zero,1x8x64x1024,3038:Q8_0;3054:unpacked
211,3056,omega_reduce_r4_o3_n2_multiply_add_zero,1x16x64x1024,3036:Q8_0;3054:unpacked
212,3058,omega_reduce_r4_o3_n2_multiply_add_zero,1x8x64x1024,3037:Q8_0;3054:unpacked
213,3072,omega_elementwise_twin_r3_n4_fused_multiply_o0_o1__multiply_o2_o3__add_s0_s1_fused_multiply_o0_o3__multiply_o2_o1__subtract_s0_s1,1x8x32,10:unpacked;3058:unpacked;11:unpacked;3058:unpacked
214,3063,omega_elementwise_twin_r3_n4_fused_multiply_o0_o1__multiply_o2_o3__subtract_s0_s1_fused_multiply_o0_o3__multiply_o2_o1__add_s0_s1,1x16x32,10:unpacked;3056:unpacked;11:unpacked;3056:unpacked
215,3105,omega_cached_attention_q1_h8_g2_d64_s3c800000_ln9223372036854775808_up0_x4_e1_k1_ds,1x8x2x64,3063:unpacked;3066:unpacked;3040:unpacked;3041:unpacked;3069:unpacked;3072:unpacked;3042:unpacked;3060:unpacked;17:unpacked
216,3105,omega_cached_attention_q1_h8_g2_d64_s3c800000_ln9223372036854775808_up0_x4_e1_k1_ds_merge,1x8x2x64,3063:unpacked;3066:unpacked;3040:unpacked;3041:unpacked;3069:unpacked;3072:unpacked;3042:unpacked;3060:unpacked;17:unpacked
217,3109,omega_reduce_r5_o2_n2_multiply_add_zero_epi2_fused_identity_o2__multiply_s0_o1__add_s1_o0,1x8x2x64x1024,3039:Q8_0;3105:unpacked
218,3117,omega_reduce_r2_o1_n2_multiply_add_zero_epi4_fused_identity_o4__multiply_s0_o3__add_s1_o2__square_root_s2__reciprocal_s3__multiply_s4_o1__multiply_s5_o0,1x1024,3109:unpacked;3109:unpacked
219,3119,omega_reduce_r3_o2_n2_multiply_add_zero,1x1024x32,3043:unpacked;3117:unpacked
220,3125,omega_moe_topk_e32_k8_stacked,1,3119:unpacked
221,3242,omega_reduce_r4_o3_n2_multiply_add_zero_g10,1x8x1024x512,3044:Q8_0;3117:unpacked
222,3250,omega_reduce_r4_o3_n2_multiply_add_zero_epi3_fused_identity_o3__negate_o2__exponential_s1__add_s2_o1__reciprocal_s3__multiply_s4_o0__multiply_s0_s5_g10,1x8x1024x512,3045:Q8_0;3117:unpacked
223,3252,omega_reduce_r4_o3_n2_multiply_add_zero_g10,1x8x512x1024,3046:Q8_0;3250:unpacked
224,3265,omega_reduce_r3_o2_n2_multiply_add_zero_epi10_fused_identity_o10__add_o8_o9__add_s1_o7__add_s2_o6__add_s3_o5__add_s4_o4__add_s5_o3__add_s6_o2__reciprocal_s7__multiply_s0_s8__multiply_s9_o1__add_s10_o0,1x8x1024,3240:unpacked;3252:unpacked
225,3286,omega_reduce_r2_o1_n2_multiply_add_zero_epi4_fused_identity_o4__multiply_s0_o3__add_s1_o2__square_root_s2__reciprocal_s3__multiply_s4_o1__multiply_s5_o0,1x1024,3265:unpacked;3265:unpacked
226,3292,omega_reduce_r4_o3_n2_multiply_add_zero,1x8x64x1024,3270:Q8_0;3286:unpacked
227,3288,omega_reduce_r4_o3_n2_multiply_add_zero,1x16x64x1024,3268:Q8_0;3286:unpacked
228,3290,omega_reduce_r4_o3_n2_multiply_add_zero,1x8x64x1024,3269:Q8_0;3286:unpacked
229,3304,omega_elementwise_twin_r3_n4_fused_multiply_o0_o1__multiply_o2_o3__add_s0_s1_fused_multiply_o0_o3__multiply_o2_o1__subtract_s0_s1,1x8x32,10:unpacked;3290:unpacked;11:unpacked;3290:unpacked
230,3295,omega_elementwise_twin_r3_n4_fused_multiply_o0_o1__multiply_o2_o3__subtract_s0_s1_fused_multiply_o0_o3__multiply_o2_o1__add_s0_s1,1x16x32,10:unpacked;3288:unpacked;11:unpacked;3288:unpacked
231,3337,omega_cached_attention_q1_h8_g2_d64_s3c800000_ln9223372036854775808_up0_x4_e1_k1_ds,1x8x2x64,3295:unpacked;3298:unpacked;3272:unpacked;3273:unpacked;3301:unpacked;3304:unpacked;3274:unpacked;3292:unpacked;17:unpacked
232,3337,omega_cached_attention_q1_h8_g2_d64_s3c800000_ln9223372036854775808_up0_x4_e1_k1_ds_merge,1x8x2x64,3295:unpacked;3298:unpacked;3272:unpacked;3273:unpacked;3301:unpacked;3304:unpacked;3274:unpacked;3292:unpacked;17:unpacked
233,3341,omega_reduce_r5_o2_n2_multiply_add_zero_epi2_fused_identity_o2__multiply_s0_o1__add_s1_o0,1x8x2x64x1024,3271:Q8_0;3337:unpacked
234,3349,omega_reduce_r2_o1_n2_multiply_add_zero_epi4_fused_identity_o4__multiply_s0_o3__add_s1_o2__square_root_s2__reciprocal_s3__multiply_s4_o1__multiply_s5_o0,1x1024,3341:unpacked;3341:unpacked
235,3351,omega_reduce_r3_o2_n2_multiply_add_zero,1x1024x32,3275:unpacked;3349:unpacked
236,3357,omega_moe_topk_e32_k8_stacked,1,3351:unpacked
237,3474,omega_reduce_r4_o3_n2_multiply_add_zero_g10,1x8x1024x512,3276:Q8_0;3349:unpacked
238,3482,omega_reduce_r4_o3_n2_multiply_add_zero_epi3_fused_identity_o3__negate_o2__exponential_s1__add_s2_o1__reciprocal_s3__multiply_s4_o0__multiply_s0_s5_g10,1x8x1024x512,3277:Q8_0;3349:unpacked
239,3484,omega_reduce_r4_o3_n2_multiply_add_zero_g10,1x8x512x1024,3278:Q8_0;3482:unpacked
240,3497,omega_reduce_r3_o2_n2_multiply_add_zero_epi10_fused_identity_o10__add_o8_o9__add_s1_o7__add_s2_o6__add_s3_o5__add_s4_o4__add_s5_o3__add_s6_o2__reciprocal_s7__multiply_s0_s8__multiply_s9_o1__add_s10_o0,1x8x1024,3472:unpacked;3484:unpacked
241,3518,omega_reduce_r2_o1_n2_multiply_add_zero_epi4_fused_identity_o4__multiply_s0_o3__add_s1_o2__square_root_s2__reciprocal_s3__multiply_s4_o1__multiply_s5_o0,1x1024,3497:unpacked;3497:unpacked
242,3524,omega_reduce_r4_o3_n2_multiply_add_zero,1x8x64x1024,3502:Q8_0;3518:unpacked
243,3520,omega_reduce_r4_o3_n2_multiply_add_zero,1x16x64x1024,3500:Q8_0;3518:unpacked
244,3522,omega_reduce_r4_o3_n2_multiply_add_zero,1x8x64x1024,3501:Q8_0;3518:unpacked
245,3536,omega_elementwise_twin_r3_n4_fused_multiply_o0_o1__multiply_o2_o3__add_s0_s1_fused_multiply_o0_o3__multiply_o2_o1__subtract_s0_s1,1x8x32,10:unpacked;3522:unpacked;11:unpacked;3522:unpacked
246,3527,omega_elementwise_twin_r3_n4_fused_multiply_o0_o1__multiply_o2_o3__subtract_s0_s1_fused_multiply_o0_o3__multiply_o2_o1__add_s0_s1,1x16x32,10:unpacked;3520:unpacked;11:unpacked;3520:unpacked
247,3569,omega_cached_attention_q1_h8_g2_d64_s3c800000_ln9223372036854775808_up0_x4_e1_k1_ds,1x8x2x64,3527:unpacked;3530:unpacked;3504:unpacked;3505:unpacked;3533:unpacked;3536:unpacked;3506:unpacked;3524:unpacked;17:unpacked
248,3569,omega_cached_attention_q1_h8_g2_d64_s3c800000_ln9223372036854775808_up0_x4_e1_k1_ds_merge,1x8x2x64,3527:unpacked;3530:unpacked;3504:unpacked;3505:unpacked;3533:unpacked;3536:unpacked;3506:unpacked;3524:unpacked;17:unpacked
249,3573,omega_reduce_r5_o2_n2_multiply_add_zero_epi2_fused_identity_o2__multiply_s0_o1__add_s1_o0,1x8x2x64x1024,3503:Q8_0;3569:unpacked
250,3581,omega_reduce_r2_o1_n2_multiply_add_zero_epi4_fused_identity_o4__multiply_s0_o3__add_s1_o2__square_root_s2__reciprocal_s3__multiply_s4_o1__multiply_s5_o0,1x1024,3573:unpacked;3573:unpacked
251,3583,omega_reduce_r3_o2_n2_multiply_add_zero,1x1024x32,3507:unpacked;3581:unpacked
252,3589,omega_moe_topk_e32_k8_stacked,1,3583:unpacked
253,3706,omega_reduce_r4_o3_n2_multiply_add_zero_g10,1x8x1024x512,3508:Q8_0;3581:unpacked
254,3714,omega_reduce_r4_o3_n2_multiply_add_zero_epi3_fused_identity_o3__negate_o2__exponential_s1__add_s2_o1__reciprocal_s3__multiply_s4_o0__multiply_s0_s5_g10,1x8x1024x512,3509:Q8_0;3581:unpacked
255,3716,omega_reduce_r4_o3_n2_multiply_add_zero_g10,1x8x512x1024,3510:Q8_0;3714:unpacked
256,3729,omega_reduce_r3_o2_n2_multiply_add_zero_epi10_fused_identity_o10__add_o8_o9__add_s1_o7__add_s2_o6__add_s3_o5__add_s4_o4__add_s5_o3__add_s6_o2__reciprocal_s7__multiply_s0_s8__multiply_s9_o1__add_s10_o0,1x8x1024,3704:unpacked;3716:unpacked
257,3750,omega_reduce_r2_o1_n2_multiply_add_zero_epi4_fused_identity_o4__multiply_s0_o3__add_s1_o2__square_root_s2__reciprocal_s3__multiply_s4_o1__multiply_s5_o0,1x1024,3729:unpacked;3729:unpacked
258,3756,omega_reduce_r4_o3_n2_multiply_add_zero,1x8x64x1024,3734:Q8_0;3750:unpacked
259,3752,omega_reduce_r4_o3_n2_multiply_add_zero,1x16x64x1024,3732:Q8_0;3750:unpacked
260,3754,omega_reduce_r4_o3_n2_multiply_add_zero,1x8x64x1024,3733:Q8_0;3750:unpacked
261,3768,omega_elementwise_twin_r3_n4_fused_multiply_o0_o1__multiply_o2_o3__add_s0_s1_fused_multiply_o0_o3__multiply_o2_o1__subtract_s0_s1,1x8x32,10:unpacked;3754:unpacked;11:unpacked;3754:unpacked
262,3759,omega_elementwise_twin_r3_n4_fused_multiply_o0_o1__multiply_o2_o3__subtract_s0_s1_fused_multiply_o0_o3__multiply_o2_o1__add_s0_s1,1x16x32,10:unpacked;3752:unpacked;11:unpacked;3752:unpacked
263,3801,omega_cached_attention_q1_h8_g2_d64_s3c800000_ln9223372036854775808_up0_x4_e1_k1_ds,1x8x2x64,3759:unpacked;3762:unpacked;3736:unpacked;3737:unpacked;3765:unpacked;3768:unpacked;3738:unpacked;3756:unpacked;17:unpacked
264,3801,omega_cached_attention_q1_h8_g2_d64_s3c800000_ln9223372036854775808_up0_x4_e1_k1_ds_merge,1x8x2x64,3759:unpacked;3762:unpacked;3736:unpacked;3737:unpacked;3765:unpacked;3768:unpacked;3738:unpacked;3756:unpacked;17:unpacked
265,3805,omega_reduce_r5_o2_n2_multiply_add_zero_epi2_fused_identity_o2__multiply_s0_o1__add_s1_o0,1x8x2x64x1024,3735:Q8_0;3801:unpacked
266,3813,omega_reduce_r2_o1_n2_multiply_add_zero_epi4_fused_identity_o4__multiply_s0_o3__add_s1_o2__square_root_s2__reciprocal_s3__multiply_s4_o1__multiply_s5_o0,1x1024,3805:unpacked;3805:unpacked
267,3815,omega_reduce_r3_o2_n2_multiply_add_zero,1x1024x32,3739:unpacked;3813:unpacked
268,3821,omega_moe_topk_e32_k8_stacked,1,3815:unpacked
269,3938,omega_reduce_r4_o3_n2_multiply_add_zero_g10,1x8x1024x512,3740:Q8_0;3813:unpacked
270,3946,omega_reduce_r4_o3_n2_multiply_add_zero_epi3_fused_identity_o3__negate_o2__exponential_s1__add_s2_o1__reciprocal_s3__multiply_s4_o0__multiply_s0_s5_g10,1x8x1024x512,3741:Q8_0;3813:unpacked
271,3948,omega_reduce_r4_o3_n2_multiply_add_zero_g10,1x8x512x1024,3742:Q8_0;3946:unpacked
272,3961,omega_reduce_r3_o2_n2_multiply_add_zero_epi10_fused_identity_o10__add_o8_o9__add_s1_o7__add_s2_o6__add_s3_o5__add_s4_o4__add_s5_o3__add_s6_o2__reciprocal_s7__multiply_s0_s8__multiply_s9_o1__add_s10_o0,1x8x1024,3936:unpacked;3948:unpacked
273,3982,omega_reduce_r2_o1_n2_multiply_add_zero_epi4_fused_identity_o4__multiply_s0_o3__add_s1_o2__square_root_s2__reciprocal_s3__multiply_s4_o1__multiply_s5_o0,1x1024,3961:unpacked;3961:unpacked
274,3988,omega_reduce_r4_o3_n2_multiply_add_zero,1x8x64x1024,3966:Q8_0;3982:unpacked
275,3984,omega_reduce_r4_o3_n2_multiply_add_zero,1x16x64x1024,3964:Q8_0;3982:unpacked
276,3986,omega_reduce_r4_o3_n2_multiply_add_zero,1x8x64x1024,3965:Q8_0;3982:unpacked
277,4000,omega_elementwise_twin_r3_n4_fused_multiply_o0_o1__multiply_o2_o3__add_s0_s1_fused_multiply_o0_o3__multiply_o2_o1__subtract_s0_s1,1x8x32,10:unpacked;3986:unpacked;11:unpacked;3986:unpacked
278,3991,omega_elementwise_twin_r3_n4_fused_multiply_o0_o1__multiply_o2_o3__subtract_s0_s1_fused_multiply_o0_o3__multiply_o2_o1__add_s0_s1,1x16x32,10:unpacked;3984:unpacked;11:unpacked;3984:unpacked
279,4033,omega_cached_attention_q1_h8_g2_d64_s3c800000_ln9223372036854775808_up0_x4_e1_k1_ds,1x8x2x64,3991:unpacked;3994:unpacked;3968:unpacked;3969:unpacked;3997:unpacked;4000:unpacked;3970:unpacked;3988:unpacked;17:unpacked
280,4033,omega_cached_attention_q1_h8_g2_d64_s3c800000_ln9223372036854775808_up0_x4_e1_k1_ds_merge,1x8x2x64,3991:unpacked;3994:unpacked;3968:unpacked;3969:unpacked;3997:unpacked;4000:unpacked;3970:unpacked;3988:unpacked;17:unpacked
281,4037,omega_reduce_r5_o2_n2_multiply_add_zero_epi2_fused_identity_o2__multiply_s0_o1__add_s1_o0,1x8x2x64x1024,3967:Q8_0;4033:unpacked
282,4045,omega_reduce_r2_o1_n2_multiply_add_zero_epi4_fused_identity_o4__multiply_s0_o3__add_s1_o2__square_root_s2__reciprocal_s3__multiply_s4_o1__multiply_s5_o0,1x1024,4037:unpacked;4037:unpacked
283,4047,omega_reduce_r3_o2_n2_multiply_add_zero,1x1024x32,3971:unpacked;4045:unpacked
284,4053,omega_moe_topk_e32_k8_stacked,1,4047:unpacked
285,4170,omega_reduce_r4_o3_n2_multiply_add_zero_g10,1x8x1024x512,3972:Q8_0;4045:unpacked
286,4178,omega_reduce_r4_o3_n2_multiply_add_zero_epi3_fused_identity_o3__negate_o2__exponential_s1__add_s2_o1__reciprocal_s3__multiply_s4_o0__multiply_s0_s5_g10,1x8x1024x512,3973:Q8_0;4045:unpacked
287,4180,omega_reduce_r4_o3_n2_multiply_add_zero_g10,1x8x512x1024,3974:Q8_0;4178:unpacked
288,4193,omega_reduce_r3_o2_n2_multiply_add_zero_epi10_fused_identity_o10__add_o8_o9__add_s1_o7__add_s2_o6__add_s3_o5__add_s4_o4__add_s5_o3__add_s6_o2__reciprocal_s7__multiply_s0_s8__multiply_s9_o1__add_s10_o0,1x8x1024,4168:unpacked;4180:unpacked
289,4214,omega_reduce_r2_o1_n2_multiply_add_zero_epi4_fused_identity_o4__multiply_s0_o3__add_s1_o2__square_root_s2__reciprocal_s3__multiply_s4_o1__multiply_s5_o0,1x1024,4193:unpacked;4193:unpacked
290,4220,omega_reduce_r4_o3_n2_multiply_add_zero,1x8x64x1024,4198:Q8_0;4214:unpacked
291,4216,omega_reduce_r4_o3_n2_multiply_add_zero,1x16x64x1024,4196:Q8_0;4214:unpacked
292,4218,omega_reduce_r4_o3_n2_multiply_add_zero,1x8x64x1024,4197:Q8_0;4214:unpacked
293,4232,omega_elementwise_twin_r3_n4_fused_multiply_o0_o1__multiply_o2_o3__add_s0_s1_fused_multiply_o0_o3__multiply_o2_o1__subtract_s0_s1,1x8x32,10:unpacked;4218:unpacked;11:unpacked;4218:unpacked
294,4223,omega_elementwise_twin_r3_n4_fused_multiply_o0_o1__multiply_o2_o3__subtract_s0_s1_fused_multiply_o0_o3__multiply_o2_o1__add_s0_s1,1x16x32,10:unpacked;4216:unpacked;11:unpacked;4216:unpacked
295,4265,omega_cached_attention_q1_h8_g2_d64_s3c800000_ln9223372036854775808_up0_x4_e1_k1_ds,1x8x2x64,4223:unpacked;4226:unpacked;4200:unpacked;4201:unpacked;4229:unpacked;4232:unpacked;4202:unpacked;4220:unpacked;17:unpacked
296,4265,omega_cached_attention_q1_h8_g2_d64_s3c800000_ln9223372036854775808_up0_x4_e1_k1_ds_merge,1x8x2x64,4223:unpacked;4226:unpacked;4200:unpacked;4201:unpacked;4229:unpacked;4232:unpacked;4202:unpacked;4220:unpacked;17:unpacked
297,4269,omega_reduce_r5_o2_n2_multiply_add_zero_epi2_fused_identity_o2__multiply_s0_o1__add_s1_o0,1x8x2x64x1024,4199:Q8_0;4265:unpacked
298,4277,omega_reduce_r2_o1_n2_multiply_add_zero_epi4_fused_identity_o4__multiply_s0_o3__add_s1_o2__square_root_s2__reciprocal_s3__multiply_s4_o1__multiply_s5_o0,1x1024,4269:unpacked;4269:unpacked
299,4279,omega_reduce_r3_o2_n2_multiply_add_zero,1x1024x32,4203:unpacked;4277:unpacked
300,4285,omega_moe_topk_e32_k8_stacked,1,4279:unpacked
301,4402,omega_reduce_r4_o3_n2_multiply_add_zero_g10,1x8x1024x512,4204:Q8_0;4277:unpacked
302,4410,omega_reduce_r4_o3_n2_multiply_add_zero_epi3_fused_identity_o3__negate_o2__exponential_s1__add_s2_o1__reciprocal_s3__multiply_s4_o0__multiply_s0_s5_g10,1x8x1024x512,4205:Q8_0;4277:unpacked
303,4412,omega_reduce_r4_o3_n2_multiply_add_zero_g10,1x8x512x1024,4206:Q8_0;4410:unpacked
304,4425,omega_reduce_r3_o2_n2_multiply_add_zero_epi10_fused_identity_o10__add_o8_o9__add_s1_o7__add_s2_o6__add_s3_o5__add_s4_o4__add_s5_o3__add_s6_o2__reciprocal_s7__multiply_s0_s8__multiply_s9_o1__add_s10_o0,1x8x1024,4400:unpacked;4412:unpacked
305,4446,omega_reduce_r2_o1_n2_multiply_add_zero_epi4_fused_identity_o4__multiply_s0_o3__add_s1_o2__square_root_s2__reciprocal_s3__multiply_s4_o1__multiply_s5_o0,1x1024,4425:unpacked;4425:unpacked
306,4452,omega_reduce_r4_o3_n2_multiply_add_zero,1x8x64x1024,4430:Q8_0;4446:unpacked
307,4448,omega_reduce_r4_o3_n2_multiply_add_zero,1x16x64x1024,4428:Q8_0;4446:unpacked
308,4450,omega_reduce_r4_o3_n2_multiply_add_zero,1x8x64x1024,4429:Q8_0;4446:unpacked
309,4464,omega_elementwise_twin_r3_n4_fused_multiply_o0_o1__multiply_o2_o3__add_s0_s1_fused_multiply_o0_o3__multiply_o2_o1__subtract_s0_s1,1x8x32,10:unpacked;4450:unpacked;11:unpacked;4450:unpacked
310,4455,omega_elementwise_twin_r3_n4_fused_multiply_o0_o1__multiply_o2_o3__subtract_s0_s1_fused_multiply_o0_o3__multiply_o2_o1__add_s0_s1,1x16x32,10:unpacked;4448:unpacked;11:unpacked;4448:unpacked
311,4497,omega_cached_attention_q1_h8_g2_d64_s3c800000_ln9223372036854775808_up0_x4_e1_k1_ds,1x8x2x64,4455:unpacked;4458:unpacked;4432:unpacked;4433:unpacked;4461:unpacked;4464:unpacked;4434:unpacked;4452:unpacked;17:unpacked
312,4497,omega_cached_attention_q1_h8_g2_d64_s3c800000_ln9223372036854775808_up0_x4_e1_k1_ds_merge,1x8x2x64,4455:unpacked;4458:unpacked;4432:unpacked;4433:unpacked;4461:unpacked;4464:unpacked;4434:unpacked;4452:unpacked;17:unpacked
313,4501,omega_reduce_r5_o2_n2_multiply_add_zero_epi2_fused_identity_o2__multiply_s0_o1__add_s1_o0,1x8x2x64x1024,4431:Q8_0;4497:unpacked
314,4509,omega_reduce_r2_o1_n2_multiply_add_zero_epi4_fused_identity_o4__multiply_s0_o3__add_s1_o2__square_root_s2__reciprocal_s3__multiply_s4_o1__multiply_s5_o0,1x1024,4501:unpacked;4501:unpacked
315,4511,omega_reduce_r3_o2_n2_multiply_add_zero,1x1024x32,4435:unpacked;4509:unpacked
316,4517,omega_moe_topk_e32_k8_stacked,1,4511:unpacked
317,4634,omega_reduce_r4_o3_n2_multiply_add_zero_g10,1x8x1024x512,4436:Q8_0;4509:unpacked
318,4642,omega_reduce_r4_o3_n2_multiply_add_zero_epi3_fused_identity_o3__negate_o2__exponential_s1__add_s2_o1__reciprocal_s3__multiply_s4_o0__multiply_s0_s5_g10,1x8x1024x512,4437:Q8_0;4509:unpacked
319,4644,omega_reduce_r4_o3_n2_multiply_add_zero_g10,1x8x512x1024,4438:Q8_0;4642:unpacked
320,4657,omega_reduce_r3_o2_n2_multiply_add_zero_epi10_fused_identity_o10__add_o8_o9__add_s1_o7__add_s2_o6__add_s3_o5__add_s4_o4__add_s5_o3__add_s6_o2__reciprocal_s7__multiply_s0_s8__multiply_s9_o1__add_s10_o0,1x8x1024,4632:unpacked;4644:unpacked
321,4678,omega_reduce_r2_o1_n2_multiply_add_zero_epi4_fused_identity_o4__multiply_s0_o3__add_s1_o2__square_root_s2__reciprocal_s3__multiply_s4_o1__multiply_s5_o0,1x1024,4657:unpacked;4657:unpacked
322,4684,omega_reduce_r4_o3_n2_multiply_add_zero,1x8x64x1024,4662:Q8_0;4678:unpacked
323,4680,omega_reduce_r4_o3_n2_multiply_add_zero,1x16x64x1024,4660:Q8_0;4678:unpacked
324,4682,omega_reduce_r4_o3_n2_multiply_add_zero,1x8x64x1024,4661:Q8_0;4678:unpacked
325,4696,omega_elementwise_twin_r3_n4_fused_multiply_o0_o1__multiply_o2_o3__add_s0_s1_fused_multiply_o0_o3__multiply_o2_o1__subtract_s0_s1,1x8x32,10:unpacked;4682:unpacked;11:unpacked;4682:unpacked
326,4687,omega_elementwise_twin_r3_n4_fused_multiply_o0_o1__multiply_o2_o3__subtract_s0_s1_fused_multiply_o0_o3__multiply_o2_o1__add_s0_s1,1x16x32,10:unpacked;4680:unpacked;11:unpacked;4680:unpacked
327,4729,omega_cached_attention_q1_h8_g2_d64_s3c800000_ln9223372036854775808_up0_x4_e1_k1_ds,1x8x2x64,4687:unpacked;4690:unpacked;4664:unpacked;4665:unpacked;4693:unpacked;4696:unpacked;4666:unpacked;4684:unpacked;17:unpacked
328,4729,omega_cached_attention_q1_h8_g2_d64_s3c800000_ln9223372036854775808_up0_x4_e1_k1_ds_merge,1x8x2x64,4687:unpacked;4690:unpacked;4664:unpacked;4665:unpacked;4693:unpacked;4696:unpacked;4666:unpacked;4684:unpacked;17:unpacked
329,4733,omega_reduce_r5_o2_n2_multiply_add_zero_epi2_fused_identity_o2__multiply_s0_o1__add_s1_o0,1x8x2x64x1024,4663:Q8_0;4729:unpacked
330,4741,omega_reduce_r2_o1_n2_multiply_add_zero_epi4_fused_identity_o4__multiply_s0_o3__add_s1_o2__square_root_s2__reciprocal_s3__multiply_s4_o1__multiply_s5_o0,1x1024,4733:unpacked;4733:unpacked
331,4743,omega_reduce_r3_o2_n2_multiply_add_zero,1x1024x32,4667:unpacked;4741:unpacked
332,4749,omega_moe_topk_e32_k8_stacked,1,4743:unpacked
333,4866,omega_reduce_r4_o3_n2_multiply_add_zero_g10,1x8x1024x512,4668:Q8_0;4741:unpacked
334,4874,omega_reduce_r4_o3_n2_multiply_add_zero_epi3_fused_identity_o3__negate_o2__exponential_s1__add_s2_o1__reciprocal_s3__multiply_s4_o0__multiply_s0_s5_g10,1x8x1024x512,4669:Q8_0;4741:unpacked
335,4876,omega_reduce_r4_o3_n2_multiply_add_zero_g10,1x8x512x1024,4670:Q8_0;4874:unpacked
336,4889,omega_reduce_r3_o2_n2_multiply_add_zero_epi10_fused_identity_o10__add_o8_o9__add_s1_o7__add_s2_o6__add_s3_o5__add_s4_o4__add_s5_o3__add_s6_o2__reciprocal_s7__multiply_s0_s8__multiply_s9_o1__add_s10_o0,1x8x1024,4864:unpacked;4876:unpacked
337,4910,omega_reduce_r2_o1_n2_multiply_add_zero_epi4_fused_identity_o4__multiply_s0_o3__add_s1_o2__square_root_s2__reciprocal_s3__multiply_s4_o1__multiply_s5_o0,1x1024,4889:unpacked;4889:unpacked
338,4916,omega_reduce_r4_o3_n2_multiply_add_zero,1x8x64x1024,4894:Q8_0;4910:unpacked
339,4912,omega_reduce_r4_o3_n2_multiply_add_zero,1x16x64x1024,4892:Q8_0;4910:unpacked
340,4914,omega_reduce_r4_o3_n2_multiply_add_zero,1x8x64x1024,4893:Q8_0;4910:unpacked
341,4928,omega_elementwise_twin_r3_n4_fused_multiply_o0_o1__multiply_o2_o3__add_s0_s1_fused_multiply_o0_o3__multiply_o2_o1__subtract_s0_s1,1x8x32,10:unpacked;4914:unpacked;11:unpacked;4914:unpacked
342,4919,omega_elementwise_twin_r3_n4_fused_multiply_o0_o1__multiply_o2_o3__subtract_s0_s1_fused_multiply_o0_o3__multiply_o2_o1__add_s0_s1,1x16x32,10:unpacked;4912:unpacked;11:unpacked;4912:unpacked
343,4961,omega_cached_attention_q1_h8_g2_d64_s3c800000_ln9223372036854775808_up0_x4_e1_k1_ds,1x8x2x64,4919:unpacked;4922:unpacked;4896:unpacked;4897:unpacked;4925:unpacked;4928:unpacked;4898:unpacked;4916:unpacked;17:unpacked
344,4961,omega_cached_attention_q1_h8_g2_d64_s3c800000_ln9223372036854775808_up0_x4_e1_k1_ds_merge,1x8x2x64,4919:unpacked;4922:unpacked;4896:unpacked;4897:unpacked;4925:unpacked;4928:unpacked;4898:unpacked;4916:unpacked;17:unpacked
345,4965,omega_reduce_r5_o2_n2_multiply_add_zero_epi2_fused_identity_o2__multiply_s0_o1__add_s1_o0,1x8x2x64x1024,4895:Q8_0;4961:unpacked
346,4973,omega_reduce_r2_o1_n2_multiply_add_zero_epi4_fused_identity_o4__multiply_s0_o3__add_s1_o2__square_root_s2__reciprocal_s3__multiply_s4_o1__multiply_s5_o0,1x1024,4965:unpacked;4965:unpacked
347,4975,omega_reduce_r3_o2_n2_multiply_add_zero,1x1024x32,4899:unpacked;4973:unpacked
348,4981,omega_moe_topk_e32_k8_stacked,1,4975:unpacked
349,5098,omega_reduce_r4_o3_n2_multiply_add_zero_g10,1x8x1024x512,4900:Q8_0;4973:unpacked
350,5106,omega_reduce_r4_o3_n2_multiply_add_zero_epi3_fused_identity_o3__negate_o2__exponential_s1__add_s2_o1__reciprocal_s3__multiply_s4_o0__multiply_s0_s5_g10,1x8x1024x512,4901:Q8_0;4973:unpacked
351,5108,omega_reduce_r4_o3_n2_multiply_add_zero_g10,1x8x512x1024,4902:Q8_0;5106:unpacked
352,5121,omega_reduce_r3_o2_n2_multiply_add_zero_epi10_fused_identity_o10__add_o8_o9__add_s1_o7__add_s2_o6__add_s3_o5__add_s4_o4__add_s5_o3__add_s6_o2__reciprocal_s7__multiply_s0_s8__multiply_s9_o1__add_s10_o0,1x8x1024,5096:unpacked;5108:unpacked
353,5142,omega_reduce_r2_o1_n2_multiply_add_zero_epi4_fused_identity_o4__multiply_s0_o3__add_s1_o2__square_root_s2__reciprocal_s3__multiply_s4_o1__multiply_s5_o0,1x1024,5121:unpacked;5121:unpacked
354,5148,omega_reduce_r4_o3_n2_multiply_add_zero,1x8x64x1024,5126:Q8_0;5142:unpacked
355,5144,omega_reduce_r4_o3_n2_multiply_add_zero,1x16x64x1024,5124:Q8_0;5142:unpacked
356,5146,omega_reduce_r4_o3_n2_multiply_add_zero,1x8x64x1024,5125:Q8_0;5142:unpacked
357,5160,omega_elementwise_twin_r3_n4_fused_multiply_o0_o1__multiply_o2_o3__add_s0_s1_fused_multiply_o0_o3__multiply_o2_o1__subtract_s0_s1,1x8x32,10:unpacked;5146:unpacked;11:unpacked;5146:unpacked
358,5151,omega_elementwise_twin_r3_n4_fused_multiply_o0_o1__multiply_o2_o3__subtract_s0_s1_fused_multiply_o0_o3__multiply_o2_o1__add_s0_s1,1x16x32,10:unpacked;5144:unpacked;11:unpacked;5144:unpacked
359,5193,omega_cached_attention_q1_h8_g2_d64_s3c800000_ln9223372036854775808_up0_x4_e1_k1_ds,1x8x2x64,5151:unpacked;5154:unpacked;5128:unpacked;5129:unpacked;5157:unpacked;5160:unpacked;5130:unpacked;5148:unpacked;17:unpacked
360,5193,omega_cached_attention_q1_h8_g2_d64_s3c800000_ln9223372036854775808_up0_x4_e1_k1_ds_merge,1x8x2x64,5151:unpacked;5154:unpacked;5128:unpacked;5129:unpacked;5157:unpacked;5160:unpacked;5130:unpacked;5148:unpacked;17:unpacked
361,5197,omega_reduce_r5_o2_n2_multiply_add_zero_epi2_fused_identity_o2__multiply_s0_o1__add_s1_o0,1x8x2x64x1024,5127:Q8_0;5193:unpacked
362,5205,omega_reduce_r2_o1_n2_multiply_add_zero_epi4_fused_identity_o4__multiply_s0_o3__add_s1_o2__square_root_s2__reciprocal_s3__multiply_s4_o1__multiply_s5_o0,1x1024,5197:unpacked;5197:unpacked
363,5207,omega_reduce_r3_o2_n2_multiply_add_zero,1x1024x32,5131:unpacked;5205:unpacked
364,5213,omega_moe_topk_e32_k8_stacked,1,5207:unpacked
365,5330,omega_reduce_r4_o3_n2_multiply_add_zero_g10,1x8x1024x512,5132:Q8_0;5205:unpacked
366,5338,omega_reduce_r4_o3_n2_multiply_add_zero_epi3_fused_identity_o3__negate_o2__exponential_s1__add_s2_o1__reciprocal_s3__multiply_s4_o0__multiply_s0_s5_g10,1x8x1024x512,5133:Q8_0;5205:unpacked
367,5340,omega_reduce_r4_o3_n2_multiply_add_zero_g10,1x8x512x1024,5134:Q8_0;5338:unpacked
368,5353,omega_reduce_r3_o2_n2_multiply_add_zero_epi10_fused_identity_o10__add_o8_o9__add_s1_o7__add_s2_o6__add_s3_o5__add_s4_o4__add_s5_o3__add_s6_o2__reciprocal_s7__multiply_s0_s8__multiply_s9_o1__add_s10_o0,1x8x1024,5328:unpacked;5340:unpacked
369,5374,omega_reduce_r2_o1_n2_multiply_add_zero_epi4_fused_identity_o4__multiply_s0_o3__add_s1_o2__square_root_s2__reciprocal_s3__multiply_s4_o1__multiply_s5_o0,1x1024,5353:unpacked;5353:unpacked
370,5380,omega_reduce_r4_o3_n2_multiply_add_zero,1x8x64x1024,5358:Q8_0;5374:unpacked
371,5376,omega_reduce_r4_o3_n2_multiply_add_zero,1x16x64x1024,5356:Q8_0;5374:unpacked
372,5378,omega_reduce_r4_o3_n2_multiply_add_zero,1x8x64x1024,5357:Q8_0;5374:unpacked
373,5392,omega_elementwise_twin_r3_n4_fused_multiply_o0_o1__multiply_o2_o3__add_s0_s1_fused_multiply_o0_o3__multiply_o2_o1__subtract_s0_s1,1x8x32,10:unpacked;5378:unpacked;11:unpacked;5378:unpacked
374,5383,omega_elementwise_twin_r3_n4_fused_multiply_o0_o1__multiply_o2_o3__subtract_s0_s1_fused_multiply_o0_o3__multiply_o2_o1__add_s0_s1,1x16x32,10:unpacked;5376:unpacked;11:unpacked;5376:unpacked
375,5425,omega_cached_attention_q1_h8_g2_d64_s3c800000_ln9223372036854775808_up0_x4_e1_k1_ds,1x8x2x64,5383:unpacked;5386:unpacked;5360:unpacked;5361:unpacked;5389:unpacked;5392:unpacked;5362:unpacked;5380:unpacked;17:unpacked
376,5425,omega_cached_attention_q1_h8_g2_d64_s3c800000_ln9223372036854775808_up0_x4_e1_k1_ds_merge,1x8x2x64,5383:unpacked;5386:unpacked;5360:unpacked;5361:unpacked;5389:unpacked;5392:unpacked;5362:unpacked;5380:unpacked;17:unpacked
377,5429,omega_reduce_r5_o2_n2_multiply_add_zero_epi2_fused_identity_o2__multiply_s0_o1__add_s1_o0,1x8x2x64x1024,5359:Q8_0;5425:unpacked
378,5437,omega_reduce_r2_o1_n2_multiply_add_zero_epi4_fused_identity_o4__multiply_s0_o3__add_s1_o2__square_root_s2__reciprocal_s3__multiply_s4_o1__multiply_s5_o0,1x1024,5429:unpacked;5429:unpacked
379,5439,omega_reduce_r3_o2_n2_multiply_add_zero,1x1024x32,5363:unpacked;5437:unpacked
380,5445,omega_moe_topk_e32_k8_stacked,1,5439:unpacked
381,5562,omega_reduce_r4_o3_n2_multiply_add_zero_g10,1x8x1024x512,5364:Q8_0;5437:unpacked
382,5570,omega_reduce_r4_o3_n2_multiply_add_zero_epi3_fused_identity_o3__negate_o2__exponential_s1__add_s2_o1__reciprocal_s3__multiply_s4_o0__multiply_s0_s5_g10,1x8x1024x512,5365:Q8_0;5437:unpacked
383,5572,omega_reduce_r4_o3_n2_multiply_add_zero_g10,1x8x512x1024,5366:Q8_0;5570:unpacked
384,5585,omega_reduce_r3_o2_n2_multiply_add_zero_epi10_fused_identity_o10__add_o8_o9__add_s1_o7__add_s2_o6__add_s3_o5__add_s4_o4__add_s5_o3__add_s6_o2__reciprocal_s7__multiply_s0_s8__multiply_s9_o1__add_s10_o0,1x8x1024,5560:unpacked;5572:unpacked
385,5594,omega_reduce_r2_o1_n2_multiply_add_zero_epi4_fused_identity_o4__multiply_s0_o3__add_s1_o2__square_root_s2__reciprocal_s3__multiply_s4_o1__multiply_s5_o0,1x1024,5585:unpacked;5585:unpacked
386,5596,omega_elementwise_r2_n1_identity_g1,1x1024,5594:unpacked
387,5601,omega_reduce_r3_o2_n2_multiply_add_zero_epi1_fused_identity_o1__multiply_s0_o0,1x1024x49155,5596:unpacked;5597:Q8_0
388,5603,omega_elementwise_r3_n1_identity,1x113x435,5601:unpacked
389,5604,omega_reduce_r3_o2_n1_identity_maximum_negative_infinity,1x113x435,5603:unpacked
390,5605,omega_reduce_r2_o1_n1_identity_maximum_negative_infinity,1x113,5604:unpacked
391,5607,omega_iota_r1,113,
392,5608,omega_iota_r1,435,
393,5610,omega_elementwise_r1_n2_multiply,113,5607:unpacked;5609:unpacked
394,5614,omega_reduce_r3_o2_n5_fused_equal_o0_o1__add_o2_o3__select_s0_s1_o4_minimum_positive_infinity,1x113x435,5603:unpacked;5605:unpacked;5608:unpacked;5610:unpacked;5612:unpacked
395,5615,omega_reduce_r2_o1_n1_identity_minimum_positive_infinity,1x113,5614:unpacked
396,5621,omega_reduce_r3_o2_n4_fused_greater_o0_o1__greater_o2_o3__multiply_s0_s1_add_zero,1x113x435,5603:unpacked;5616:unpacked;5617:unpacked;5603:unpacked
397,5622,omega_reduce_r2_o1_n1_identity_add_zero,1x113,5621:unpacked
