index,step,chunk_index,node,class,kind,entry,grid_threads,operand_codecs,extents
0,0,1,3,constant,constant,omega_constant_r0_v41400000,1,,[]
1,0,1,5,constant,constant,omega_constant_r0_v3a800000,1,,[]
2,0,1,7,constant,constant,omega_constant_r0_v3f800000,1,,[]
3,0,1,9,constant,constant,omega_constant_r0_v3e6147ae,1,,[]
4,0,1,4,elementwise fused_identity_o0__multiply_s0_o1_g10,elementwise,omega_elementwise_r2_n2_fused_identity_o0__multiply_s0_o1_g10,1024000,Q8_0|unpacked,[1000, 1024]
5,0,1,38,RMSNorm sumsq + fused epilogue,keep::reduce fold,omega_reduce_r2_o1_n2_multiply_add_zero_epi4_fused_identity_o4__multiply_s0_o3__add_s1_o2__square_root_s2__reciprocal_s3__multiply_s4_o1__multiply_s5_o0,256000,unpacked|unpacked,[1000, 1024]
6,0,1,44,matvec Q8_0,keep::reduce fold,omega_reduce_r4_o3_n2_multiply_add_zero,32768,Q8_0|unpacked,[1000, 8, 64, 1024]
7,0,1,40,matvec Q8_0,keep::reduce fold,omega_reduce_r4_o3_n2_multiply_add_zero,65536,Q8_0|unpacked,[1000, 16, 64, 1024]
8,0,1,42,matvec Q8_0,keep::reduce fold,omega_reduce_r4_o3_n2_multiply_add_zero,32768,Q8_0|unpacked,[1000, 8, 64, 1024]
9,0,1,56,RoPE,elementwise,omega_elementwise_r3_n4_fused_multiply_o0_o1__multiply_o2_o3__add_s0_s1,256000,unpacked|unpacked|unpacked|unpacked,[1000, 8, 32]
10,0,1,53,RoPE,elementwise,omega_elementwise_r3_n4_fused_multiply_o0_o1__multiply_o2_o3__subtract_s0_s1,256000,unpacked|unpacked|unpacked|unpacked,[1000, 8, 32]
11,0,1,47,RoPE,elementwise,omega_elementwise_r3_n4_fused_multiply_o0_o1__multiply_o2_o3__subtract_s0_s1,512000,unpacked|unpacked|unpacked|unpacked,[1000, 16, 32]
12,0,1,50,RoPE,elementwise,omega_elementwise_r3_n4_fused_multiply_o0_o1__multiply_o2_o3__add_s0_s1,512000,unpacked|unpacked|unpacked|unpacked,[1000, 16, 32]
13,0,1,89,cached attention partial,cached_attention,omega_cached_attention_h8_g2_d64_s3c800000_ln9223372036854775808_up0_r8_n2_b64_rt,64000,unpacked|unpacked|unpacked|unpacked|unpacked|unpacked|unpacked|unpacked|unpacked,[1000, 8, 2, 64]
14,0,1,93,matvec Q8_0,keep::reduce fold,omega_reduce_r5_o2_n2_multiply_add_zero_epi2_fused_identity_o2__multiply_s0_o1__add_s1_o0,65536,Q8_0|unpacked,[1000, 8, 2, 64, 1024]
15,0,1,101,RMSNorm sumsq + fused epilogue,keep::reduce fold,omega_reduce_r2_o1_n2_multiply_add_zero_epi4_fused_identity_o4__multiply_s0_o3__add_s1_o2__square_root_s2__reciprocal_s3__multiply_s4_o1__multiply_s5_o0,256000,unpacked|unpacked,[1000, 1024]
16,0,1,103,matvec f32,keep::reduce fold,omega_reduce_r3_o2_n2_multiply_add_zero,4096,unpacked|unpacked,[1000, 1024, 32]
17,0,1,109,UNCLASSIFIED omega_moe_topk_e32_k8_stacked,moe_topk,omega_moe_topk_e32_k8_stacked,32000,unpacked,[1000]
18,0,1,226,matvec Q8_0,keep::reduce fold,omega_reduce_r4_o3_n2_multiply_add_zero_g10,2048,Q8_0|unpacked,[1000, 8, 1024, 512]
19,0,1,234,matvec Q8_0,keep::reduce fold,omega_reduce_r4_o3_n2_multiply_add_zero_epi3_fused_identity_o3__negate_o2__exponential_s1__add_s2_o1__reciprocal_s3__multiply_s4_o0__multiply_s0_s5_g10,2048,Q8_0|unpacked,[1000, 8, 1024, 512]
20,0,1,236,matvec Q8_0,keep::reduce fold,omega_reduce_r4_o3_n2_multiply_add_zero_g10,4096,Q8_0|unpacked,[1000, 8, 512, 1024]
21,0,1,249,matvec f32,keep::reduce fold,omega_reduce_r3_o2_n2_multiply_add_zero_epi10_fused_identity_o10__add_o8_o9__add_s1_o7__add_s2_o6__add_s3_o5__add_s4_o4__add_s5_o3__add_s6_o2__reciprocal_s7__multiply_s0_s8__multiply_s9_o1__add_s10_o0,1024000,unpacked|unpacked,[1000, 8, 1024]
22,0,1,270,RMSNorm sumsq + fused epilogue,keep::reduce fold,omega_reduce_r2_o1_n2_multiply_add_zero_epi4_fused_identity_o4__multiply_s0_o3__add_s1_o2__square_root_s2__reciprocal_s3__multiply_s4_o1__multiply_s5_o0,256000,unpacked|unpacked,[1000, 1024]
23,0,1,276,matvec Q8_0,keep::reduce fold,omega_reduce_r4_o3_n2_multiply_add_zero,32768,Q8_0|unpacked,[1000, 8, 64, 1024]
24,0,1,272,matvec Q8_0,keep::reduce fold,omega_reduce_r4_o3_n2_multiply_add_zero,65536,Q8_0|unpacked,[1000, 16, 64, 1024]
25,0,1,274,matvec Q8_0,keep::reduce fold,omega_reduce_r4_o3_n2_multiply_add_zero,32768,Q8_0|unpacked,[1000, 8, 64, 1024]
26,0,1,288,RoPE,elementwise,omega_elementwise_r3_n4_fused_multiply_o0_o1__multiply_o2_o3__add_s0_s1,256000,unpacked|unpacked|unpacked|unpacked,[1000, 8, 32]
27,0,1,285,RoPE,elementwise,omega_elementwise_r3_n4_fused_multiply_o0_o1__multiply_o2_o3__subtract_s0_s1,256000,unpacked|unpacked|unpacked|unpacked,[1000, 8, 32]
28,0,1,279,RoPE,elementwise,omega_elementwise_r3_n4_fused_multiply_o0_o1__multiply_o2_o3__subtract_s0_s1,512000,unpacked|unpacked|unpacked|unpacked,[1000, 16, 32]
29,0,1,282,RoPE,elementwise,omega_elementwise_r3_n4_fused_multiply_o0_o1__multiply_o2_o3__add_s0_s1,512000,unpacked|unpacked|unpacked|unpacked,[1000, 16, 32]
30,0,1,321,cached attention partial,cached_attention,omega_cached_attention_h8_g2_d64_s3c800000_ln9223372036854775808_up0_r8_n2_b64_rt,64000,unpacked|unpacked|unpacked|unpacked|unpacked|unpacked|unpacked|unpacked|unpacked,[1000, 8, 2, 64]
31,0,1,325,matvec Q8_0,keep::reduce fold,omega_reduce_r5_o2_n2_multiply_add_zero_epi2_fused_identity_o2__multiply_s0_o1__add_s1_o0,65536,Q8_0|unpacked,[1000, 8, 2, 64, 1024]
32,0,1,333,RMSNorm sumsq + fused epilogue,keep::reduce fold,omega_reduce_r2_o1_n2_multiply_add_zero_epi4_fused_identity_o4__multiply_s0_o3__add_s1_o2__square_root_s2__reciprocal_s3__multiply_s4_o1__multiply_s5_o0,256000,unpacked|unpacked,[1000, 1024]
33,0,1,335,matvec f32,keep::reduce fold,omega_reduce_r3_o2_n2_multiply_add_zero,4096,unpacked|unpacked,[1000, 1024, 32]
34,0,1,341,UNCLASSIFIED omega_moe_topk_e32_k8_stacked,moe_topk,omega_moe_topk_e32_k8_stacked,32000,unpacked,[1000]
35,0,1,458,matvec Q8_0,keep::reduce fold,omega_reduce_r4_o3_n2_multiply_add_zero_g10,2048,Q8_0|unpacked,[1000, 8, 1024, 512]
36,0,1,466,matvec Q8_0,keep::reduce fold,omega_reduce_r4_o3_n2_multiply_add_zero_epi3_fused_identity_o3__negate_o2__exponential_s1__add_s2_o1__reciprocal_s3__multiply_s4_o0__multiply_s0_s5_g10,2048,Q8_0|unpacked,[1000, 8, 1024, 512]
37,0,1,468,matvec Q8_0,keep::reduce fold,omega_reduce_r4_o3_n2_multiply_add_zero_g10,4096,Q8_0|unpacked,[1000, 8, 512, 1024]
38,0,1,481,matvec f32,keep::reduce fold,omega_reduce_r3_o2_n2_multiply_add_zero_epi10_fused_identity_o10__add_o8_o9__add_s1_o7__add_s2_o6__add_s3_o5__add_s4_o4__add_s5_o3__add_s6_o2__reciprocal_s7__multiply_s0_s8__multiply_s9_o1__add_s10_o0,1024000,unpacked|unpacked,[1000, 8, 1024]
39,0,1,502,RMSNorm sumsq + fused epilogue,keep::reduce fold,omega_reduce_r2_o1_n2_multiply_add_zero_epi4_fused_identity_o4__multiply_s0_o3__add_s1_o2__square_root_s2__reciprocal_s3__multiply_s4_o1__multiply_s5_o0,256000,unpacked|unpacked,[1000, 1024]
40,0,1,508,matvec Q8_0,keep::reduce fold,omega_reduce_r4_o3_n2_multiply_add_zero,32768,Q8_0|unpacked,[1000, 8, 64, 1024]
41,0,1,504,matvec Q8_0,keep::reduce fold,omega_reduce_r4_o3_n2_multiply_add_zero,65536,Q8_0|unpacked,[1000, 16, 64, 1024]
42,0,1,506,matvec Q8_0,keep::reduce fold,omega_reduce_r4_o3_n2_multiply_add_zero,32768,Q8_0|unpacked,[1000, 8, 64, 1024]
43,0,1,520,RoPE,elementwise,omega_elementwise_r3_n4_fused_multiply_o0_o1__multiply_o2_o3__add_s0_s1,256000,unpacked|unpacked|unpacked|unpacked,[1000, 8, 32]
44,0,1,517,RoPE,elementwise,omega_elementwise_r3_n4_fused_multiply_o0_o1__multiply_o2_o3__subtract_s0_s1,256000,unpacked|unpacked|unpacked|unpacked,[1000, 8, 32]
45,0,1,511,RoPE,elementwise,omega_elementwise_r3_n4_fused_multiply_o0_o1__multiply_o2_o3__subtract_s0_s1,512000,unpacked|unpacked|unpacked|unpacked,[1000, 16, 32]
46,0,1,514,RoPE,elementwise,omega_elementwise_r3_n4_fused_multiply_o0_o1__multiply_o2_o3__add_s0_s1,512000,unpacked|unpacked|unpacked|unpacked,[1000, 16, 32]
47,0,1,553,cached attention partial,cached_attention,omega_cached_attention_h8_g2_d64_s3c800000_ln9223372036854775808_up0_r8_n2_b64_rt,64000,unpacked|unpacked|unpacked|unpacked|unpacked|unpacked|unpacked|unpacked|unpacked,[1000, 8, 2, 64]
48,0,1,557,matvec Q8_0,keep::reduce fold,omega_reduce_r5_o2_n2_multiply_add_zero_epi2_fused_identity_o2__multiply_s0_o1__add_s1_o0,65536,Q8_0|unpacked,[1000, 8, 2, 64, 1024]
49,0,1,565,RMSNorm sumsq + fused epilogue,keep::reduce fold,omega_reduce_r2_o1_n2_multiply_add_zero_epi4_fused_identity_o4__multiply_s0_o3__add_s1_o2__square_root_s2__reciprocal_s3__multiply_s4_o1__multiply_s5_o0,256000,unpacked|unpacked,[1000, 1024]
50,0,1,567,matvec f32,keep::reduce fold,omega_reduce_r3_o2_n2_multiply_add_zero,4096,unpacked|unpacked,[1000, 1024, 32]
51,0,1,573,UNCLASSIFIED omega_moe_topk_e32_k8_stacked,moe_topk,omega_moe_topk_e32_k8_stacked,32000,unpacked,[1000]
52,0,1,690,matvec Q8_0,keep::reduce fold,omega_reduce_r4_o3_n2_multiply_add_zero_g10,2048,Q8_0|unpacked,[1000, 8, 1024, 512]
53,0,1,698,matvec Q8_0,keep::reduce fold,omega_reduce_r4_o3_n2_multiply_add_zero_epi3_fused_identity_o3__negate_o2__exponential_s1__add_s2_o1__reciprocal_s3__multiply_s4_o0__multiply_s0_s5_g10,2048,Q8_0|unpacked,[1000, 8, 1024, 512]
54,0,1,700,matvec Q8_0,keep::reduce fold,omega_reduce_r4_o3_n2_multiply_add_zero_g10,4096,Q8_0|unpacked,[1000, 8, 512, 1024]
55,0,1,713,matvec f32,keep::reduce fold,omega_reduce_r3_o2_n2_multiply_add_zero_epi10_fused_identity_o10__add_o8_o9__add_s1_o7__add_s2_o6__add_s3_o5__add_s4_o4__add_s5_o3__add_s6_o2__reciprocal_s7__multiply_s0_s8__multiply_s9_o1__add_s10_o0,1024000,unpacked|unpacked,[1000, 8, 1024]
56,0,1,734,RMSNorm sumsq + fused epilogue,keep::reduce fold,omega_reduce_r2_o1_n2_multiply_add_zero_epi4_fused_identity_o4__multiply_s0_o3__add_s1_o2__square_root_s2__reciprocal_s3__multiply_s4_o1__multiply_s5_o0,256000,unpacked|unpacked,[1000, 1024]
57,0,1,740,matvec Q8_0,keep::reduce fold,omega_reduce_r4_o3_n2_multiply_add_zero,32768,Q8_0|unpacked,[1000, 8, 64, 1024]
58,0,1,736,matvec Q8_0,keep::reduce fold,omega_reduce_r4_o3_n2_multiply_add_zero,65536,Q8_0|unpacked,[1000, 16, 64, 1024]
59,0,1,738,matvec Q8_0,keep::reduce fold,omega_reduce_r4_o3_n2_multiply_add_zero,32768,Q8_0|unpacked,[1000, 8, 64, 1024]
60,0,1,752,RoPE,elementwise,omega_elementwise_r3_n4_fused_multiply_o0_o1__multiply_o2_o3__add_s0_s1,256000,unpacked|unpacked|unpacked|unpacked,[1000, 8, 32]
61,0,1,749,RoPE,elementwise,omega_elementwise_r3_n4_fused_multiply_o0_o1__multiply_o2_o3__subtract_s0_s1,256000,unpacked|unpacked|unpacked|unpacked,[1000, 8, 32]
62,0,1,743,RoPE,elementwise,omega_elementwise_r3_n4_fused_multiply_o0_o1__multiply_o2_o3__subtract_s0_s1,512000,unpacked|unpacked|unpacked|unpacked,[1000, 16, 32]
63,0,1,746,RoPE,elementwise,omega_elementwise_r3_n4_fused_multiply_o0_o1__multiply_o2_o3__add_s0_s1,512000,unpacked|unpacked|unpacked|unpacked,[1000, 16, 32]
64,0,1,785,cached attention partial,cached_attention,omega_cached_attention_h8_g2_d64_s3c800000_ln9223372036854775808_up0_r8_n2_b64_rt,64000,unpacked|unpacked|unpacked|unpacked|unpacked|unpacked|unpacked|unpacked|unpacked,[1000, 8, 2, 64]
65,0,1,789,matvec Q8_0,keep::reduce fold,omega_reduce_r5_o2_n2_multiply_add_zero_epi2_fused_identity_o2__multiply_s0_o1__add_s1_o0,65536,Q8_0|unpacked,[1000, 8, 2, 64, 1024]
66,0,1,797,RMSNorm sumsq + fused epilogue,keep::reduce fold,omega_reduce_r2_o1_n2_multiply_add_zero_epi4_fused_identity_o4__multiply_s0_o3__add_s1_o2__square_root_s2__reciprocal_s3__multiply_s4_o1__multiply_s5_o0,256000,unpacked|unpacked,[1000, 1024]
67,0,1,799,matvec f32,keep::reduce fold,omega_reduce_r3_o2_n2_multiply_add_zero,4096,unpacked|unpacked,[1000, 1024, 32]
68,0,1,805,UNCLASSIFIED omega_moe_topk_e32_k8_stacked,moe_topk,omega_moe_topk_e32_k8_stacked,32000,unpacked,[1000]
69,0,1,922,matvec Q8_0,keep::reduce fold,omega_reduce_r4_o3_n2_multiply_add_zero_g10,2048,Q8_0|unpacked,[1000, 8, 1024, 512]
70,0,1,930,matvec Q8_0,keep::reduce fold,omega_reduce_r4_o3_n2_multiply_add_zero_epi3_fused_identity_o3__negate_o2__exponential_s1__add_s2_o1__reciprocal_s3__multiply_s4_o0__multiply_s0_s5_g10,2048,Q8_0|unpacked,[1000, 8, 1024, 512]
71,0,1,932,matvec Q8_0,keep::reduce fold,omega_reduce_r4_o3_n2_multiply_add_zero_g10,4096,Q8_0|unpacked,[1000, 8, 512, 1024]
72,0,1,945,matvec f32,keep::reduce fold,omega_reduce_r3_o2_n2_multiply_add_zero_epi10_fused_identity_o10__add_o8_o9__add_s1_o7__add_s2_o6__add_s3_o5__add_s4_o4__add_s5_o3__add_s6_o2__reciprocal_s7__multiply_s0_s8__multiply_s9_o1__add_s10_o0,1024000,unpacked|unpacked,[1000, 8, 1024]
73,0,1,966,RMSNorm sumsq + fused epilogue,keep::reduce fold,omega_reduce_r2_o1_n2_multiply_add_zero_epi4_fused_identity_o4__multiply_s0_o3__add_s1_o2__square_root_s2__reciprocal_s3__multiply_s4_o1__multiply_s5_o0,256000,unpacked|unpacked,[1000, 1024]
74,0,1,972,matvec Q8_0,keep::reduce fold,omega_reduce_r4_o3_n2_multiply_add_zero,32768,Q8_0|unpacked,[1000, 8, 64, 1024]
75,0,1,968,matvec Q8_0,keep::reduce fold,omega_reduce_r4_o3_n2_multiply_add_zero,65536,Q8_0|unpacked,[1000, 16, 64, 1024]
76,0,1,970,matvec Q8_0,keep::reduce fold,omega_reduce_r4_o3_n2_multiply_add_zero,32768,Q8_0|unpacked,[1000, 8, 64, 1024]
77,0,1,984,RoPE,elementwise,omega_elementwise_r3_n4_fused_multiply_o0_o1__multiply_o2_o3__add_s0_s1,256000,unpacked|unpacked|unpacked|unpacked,[1000, 8, 32]
78,0,1,981,RoPE,elementwise,omega_elementwise_r3_n4_fused_multiply_o0_o1__multiply_o2_o3__subtract_s0_s1,256000,unpacked|unpacked|unpacked|unpacked,[1000, 8, 32]
79,0,1,975,RoPE,elementwise,omega_elementwise_r3_n4_fused_multiply_o0_o1__multiply_o2_o3__subtract_s0_s1,512000,unpacked|unpacked|unpacked|unpacked,[1000, 16, 32]
80,0,1,978,RoPE,elementwise,omega_elementwise_r3_n4_fused_multiply_o0_o1__multiply_o2_o3__add_s0_s1,512000,unpacked|unpacked|unpacked|unpacked,[1000, 16, 32]
81,0,1,1017,cached attention partial,cached_attention,omega_cached_attention_h8_g2_d64_s3c800000_ln9223372036854775808_up0_r8_n2_b64_rt,64000,unpacked|unpacked|unpacked|unpacked|unpacked|unpacked|unpacked|unpacked|unpacked,[1000, 8, 2, 64]
82,0,1,1021,matvec Q8_0,keep::reduce fold,omega_reduce_r5_o2_n2_multiply_add_zero_epi2_fused_identity_o2__multiply_s0_o1__add_s1_o0,65536,Q8_0|unpacked,[1000, 8, 2, 64, 1024]
83,0,1,1029,RMSNorm sumsq + fused epilogue,keep::reduce fold,omega_reduce_r2_o1_n2_multiply_add_zero_epi4_fused_identity_o4__multiply_s0_o3__add_s1_o2__square_root_s2__reciprocal_s3__multiply_s4_o1__multiply_s5_o0,256000,unpacked|unpacked,[1000, 1024]
84,0,1,1031,matvec f32,keep::reduce fold,omega_reduce_r3_o2_n2_multiply_add_zero,4096,unpacked|unpacked,[1000, 1024, 32]
85,0,1,1037,UNCLASSIFIED omega_moe_topk_e32_k8_stacked,moe_topk,omega_moe_topk_e32_k8_stacked,32000,unpacked,[1000]
86,0,1,1154,matvec Q8_0,keep::reduce fold,omega_reduce_r4_o3_n2_multiply_add_zero_g10,2048,Q8_0|unpacked,[1000, 8, 1024, 512]
87,0,1,1162,matvec Q8_0,keep::reduce fold,omega_reduce_r4_o3_n2_multiply_add_zero_epi3_fused_identity_o3__negate_o2__exponential_s1__add_s2_o1__reciprocal_s3__multiply_s4_o0__multiply_s0_s5_g10,2048,Q8_0|unpacked,[1000, 8, 1024, 512]
88,0,1,1164,matvec Q8_0,keep::reduce fold,omega_reduce_r4_o3_n2_multiply_add_zero_g10,4096,Q8_0|unpacked,[1000, 8, 512, 1024]
89,0,1,1177,matvec f32,keep::reduce fold,omega_reduce_r3_o2_n2_multiply_add_zero_epi10_fused_identity_o10__add_o8_o9__add_s1_o7__add_s2_o6__add_s3_o5__add_s4_o4__add_s5_o3__add_s6_o2__reciprocal_s7__multiply_s0_s8__multiply_s9_o1__add_s10_o0,1024000,unpacked|unpacked,[1000, 8, 1024]
90,0,1,1198,RMSNorm sumsq + fused epilogue,keep::reduce fold,omega_reduce_r2_o1_n2_multiply_add_zero_epi4_fused_identity_o4__multiply_s0_o3__add_s1_o2__square_root_s2__reciprocal_s3__multiply_s4_o1__multiply_s5_o0,256000,unpacked|unpacked,[1000, 1024]
91,0,1,1204,matvec Q8_0,keep::reduce fold,omega_reduce_r4_o3_n2_multiply_add_zero,32768,Q8_0|unpacked,[1000, 8, 64, 1024]
92,0,1,1200,matvec Q8_0,keep::reduce fold,omega_reduce_r4_o3_n2_multiply_add_zero,65536,Q8_0|unpacked,[1000, 16, 64, 1024]
93,0,1,1202,matvec Q8_0,keep::reduce fold,omega_reduce_r4_o3_n2_multiply_add_zero,32768,Q8_0|unpacked,[1000, 8, 64, 1024]
94,0,1,1216,RoPE,elementwise,omega_elementwise_r3_n4_fused_multiply_o0_o1__multiply_o2_o3__add_s0_s1,256000,unpacked|unpacked|unpacked|unpacked,[1000, 8, 32]
95,0,1,1213,RoPE,elementwise,omega_elementwise_r3_n4_fused_multiply_o0_o1__multiply_o2_o3__subtract_s0_s1,256000,unpacked|unpacked|unpacked|unpacked,[1000, 8, 32]
96,0,1,1207,RoPE,elementwise,omega_elementwise_r3_n4_fused_multiply_o0_o1__multiply_o2_o3__subtract_s0_s1,512000,unpacked|unpacked|unpacked|unpacked,[1000, 16, 32]
97,0,1,1210,RoPE,elementwise,omega_elementwise_r3_n4_fused_multiply_o0_o1__multiply_o2_o3__add_s0_s1,512000,unpacked|unpacked|unpacked|unpacked,[1000, 16, 32]
98,0,1,1249,cached attention partial,cached_attention,omega_cached_attention_h8_g2_d64_s3c800000_ln9223372036854775808_up0_r8_n2_b64_rt,64000,unpacked|unpacked|unpacked|unpacked|unpacked|unpacked|unpacked|unpacked|unpacked,[1000, 8, 2, 64]
99,0,1,1253,matvec Q8_0,keep::reduce fold,omega_reduce_r5_o2_n2_multiply_add_zero_epi2_fused_identity_o2__multiply_s0_o1__add_s1_o0,65536,Q8_0|unpacked,[1000, 8, 2, 64, 1024]
100,0,1,1261,RMSNorm sumsq + fused epilogue,keep::reduce fold,omega_reduce_r2_o1_n2_multiply_add_zero_epi4_fused_identity_o4__multiply_s0_o3__add_s1_o2__square_root_s2__reciprocal_s3__multiply_s4_o1__multiply_s5_o0,256000,unpacked|unpacked,[1000, 1024]
101,0,1,1263,matvec f32,keep::reduce fold,omega_reduce_r3_o2_n2_multiply_add_zero,4096,unpacked|unpacked,[1000, 1024, 32]
102,0,1,1269,UNCLASSIFIED omega_moe_topk_e32_k8_stacked,moe_topk,omega_moe_topk_e32_k8_stacked,32000,unpacked,[1000]
103,0,1,1386,matvec Q8_0,keep::reduce fold,omega_reduce_r4_o3_n2_multiply_add_zero_g10,2048,Q8_0|unpacked,[1000, 8, 1024, 512]
104,0,1,1394,matvec Q8_0,keep::reduce fold,omega_reduce_r4_o3_n2_multiply_add_zero_epi3_fused_identity_o3__negate_o2__exponential_s1__add_s2_o1__reciprocal_s3__multiply_s4_o0__multiply_s0_s5_g10,2048,Q8_0|unpacked,[1000, 8, 1024, 512]
105,0,1,1396,matvec Q8_0,keep::reduce fold,omega_reduce_r4_o3_n2_multiply_add_zero_g10,4096,Q8_0|unpacked,[1000, 8, 512, 1024]
106,0,1,1409,matvec f32,keep::reduce fold,omega_reduce_r3_o2_n2_multiply_add_zero_epi10_fused_identity_o10__add_o8_o9__add_s1_o7__add_s2_o6__add_s3_o5__add_s4_o4__add_s5_o3__add_s6_o2__reciprocal_s7__multiply_s0_s8__multiply_s9_o1__add_s10_o0,1024000,unpacked|unpacked,[1000, 8, 1024]
107,0,1,1430,RMSNorm sumsq + fused epilogue,keep::reduce fold,omega_reduce_r2_o1_n2_multiply_add_zero_epi4_fused_identity_o4__multiply_s0_o3__add_s1_o2__square_root_s2__reciprocal_s3__multiply_s4_o1__multiply_s5_o0,256000,unpacked|unpacked,[1000, 1024]
108,0,1,1436,matvec Q8_0,keep::reduce fold,omega_reduce_r4_o3_n2_multiply_add_zero,32768,Q8_0|unpacked,[1000, 8, 64, 1024]
109,0,1,1432,matvec Q8_0,keep::reduce fold,omega_reduce_r4_o3_n2_multiply_add_zero,65536,Q8_0|unpacked,[1000, 16, 64, 1024]
110,0,1,1434,matvec Q8_0,keep::reduce fold,omega_reduce_r4_o3_n2_multiply_add_zero,32768,Q8_0|unpacked,[1000, 8, 64, 1024]
111,0,1,1448,RoPE,elementwise,omega_elementwise_r3_n4_fused_multiply_o0_o1__multiply_o2_o3__add_s0_s1,256000,unpacked|unpacked|unpacked|unpacked,[1000, 8, 32]
112,0,1,1445,RoPE,elementwise,omega_elementwise_r3_n4_fused_multiply_o0_o1__multiply_o2_o3__subtract_s0_s1,256000,unpacked|unpacked|unpacked|unpacked,[1000, 8, 32]
113,0,1,1439,RoPE,elementwise,omega_elementwise_r3_n4_fused_multiply_o0_o1__multiply_o2_o3__subtract_s0_s1,512000,unpacked|unpacked|unpacked|unpacked,[1000, 16, 32]
114,0,1,1442,RoPE,elementwise,omega_elementwise_r3_n4_fused_multiply_o0_o1__multiply_o2_o3__add_s0_s1,512000,unpacked|unpacked|unpacked|unpacked,[1000, 16, 32]
115,0,1,1481,cached attention partial,cached_attention,omega_cached_attention_h8_g2_d64_s3c800000_ln9223372036854775808_up0_r8_n2_b64_rt,64000,unpacked|unpacked|unpacked|unpacked|unpacked|unpacked|unpacked|unpacked|unpacked,[1000, 8, 2, 64]
116,0,1,1485,matvec Q8_0,keep::reduce fold,omega_reduce_r5_o2_n2_multiply_add_zero_epi2_fused_identity_o2__multiply_s0_o1__add_s1_o0,65536,Q8_0|unpacked,[1000, 8, 2, 64, 1024]
117,0,1,1493,RMSNorm sumsq + fused epilogue,keep::reduce fold,omega_reduce_r2_o1_n2_multiply_add_zero_epi4_fused_identity_o4__multiply_s0_o3__add_s1_o2__square_root_s2__reciprocal_s3__multiply_s4_o1__multiply_s5_o0,256000,unpacked|unpacked,[1000, 1024]
118,0,1,1495,matvec f32,keep::reduce fold,omega_reduce_r3_o2_n2_multiply_add_zero,4096,unpacked|unpacked,[1000, 1024, 32]
119,0,1,1501,UNCLASSIFIED omega_moe_topk_e32_k8_stacked,moe_topk,omega_moe_topk_e32_k8_stacked,32000,unpacked,[1000]
120,0,1,1618,matvec Q8_0,keep::reduce fold,omega_reduce_r4_o3_n2_multiply_add_zero_g10,2048,Q8_0|unpacked,[1000, 8, 1024, 512]
121,0,1,1626,matvec Q8_0,keep::reduce fold,omega_reduce_r4_o3_n2_multiply_add_zero_epi3_fused_identity_o3__negate_o2__exponential_s1__add_s2_o1__reciprocal_s3__multiply_s4_o0__multiply_s0_s5_g10,2048,Q8_0|unpacked,[1000, 8, 1024, 512]
122,0,1,1628,matvec Q8_0,keep::reduce fold,omega_reduce_r4_o3_n2_multiply_add_zero_g10,4096,Q8_0|unpacked,[1000, 8, 512, 1024]
123,0,1,1641,matvec f32,keep::reduce fold,omega_reduce_r3_o2_n2_multiply_add_zero_epi10_fused_identity_o10__add_o8_o9__add_s1_o7__add_s2_o6__add_s3_o5__add_s4_o4__add_s5_o3__add_s6_o2__reciprocal_s7__multiply_s0_s8__multiply_s9_o1__add_s10_o0,1024000,unpacked|unpacked,[1000, 8, 1024]
124,0,1,1662,RMSNorm sumsq + fused epilogue,keep::reduce fold,omega_reduce_r2_o1_n2_multiply_add_zero_epi4_fused_identity_o4__multiply_s0_o3__add_s1_o2__square_root_s2__reciprocal_s3__multiply_s4_o1__multiply_s5_o0,256000,unpacked|unpacked,[1000, 1024]
125,0,1,1668,matvec Q8_0,keep::reduce fold,omega_reduce_r4_o3_n2_multiply_add_zero,32768,Q8_0|unpacked,[1000, 8, 64, 1024]
126,0,1,1664,matvec Q8_0,keep::reduce fold,omega_reduce_r4_o3_n2_multiply_add_zero,65536,Q8_0|unpacked,[1000, 16, 64, 1024]
127,0,1,1666,matvec Q8_0,keep::reduce fold,omega_reduce_r4_o3_n2_multiply_add_zero,32768,Q8_0|unpacked,[1000, 8, 64, 1024]
128,0,1,1680,RoPE,elementwise,omega_elementwise_r3_n4_fused_multiply_o0_o1__multiply_o2_o3__add_s0_s1,256000,unpacked|unpacked|unpacked|unpacked,[1000, 8, 32]
129,0,1,1677,RoPE,elementwise,omega_elementwise_r3_n4_fused_multiply_o0_o1__multiply_o2_o3__subtract_s0_s1,256000,unpacked|unpacked|unpacked|unpacked,[1000, 8, 32]
130,0,1,1671,RoPE,elementwise,omega_elementwise_r3_n4_fused_multiply_o0_o1__multiply_o2_o3__subtract_s0_s1,512000,unpacked|unpacked|unpacked|unpacked,[1000, 16, 32]
131,0,1,1674,RoPE,elementwise,omega_elementwise_r3_n4_fused_multiply_o0_o1__multiply_o2_o3__add_s0_s1,512000,unpacked|unpacked|unpacked|unpacked,[1000, 16, 32]
132,0,1,1713,cached attention partial,cached_attention,omega_cached_attention_h8_g2_d64_s3c800000_ln9223372036854775808_up0_r8_n2_b64_rt,64000,unpacked|unpacked|unpacked|unpacked|unpacked|unpacked|unpacked|unpacked|unpacked,[1000, 8, 2, 64]
133,0,1,1717,matvec Q8_0,keep::reduce fold,omega_reduce_r5_o2_n2_multiply_add_zero_epi2_fused_identity_o2__multiply_s0_o1__add_s1_o0,65536,Q8_0|unpacked,[1000, 8, 2, 64, 1024]
134,0,1,1725,RMSNorm sumsq + fused epilogue,keep::reduce fold,omega_reduce_r2_o1_n2_multiply_add_zero_epi4_fused_identity_o4__multiply_s0_o3__add_s1_o2__square_root_s2__reciprocal_s3__multiply_s4_o1__multiply_s5_o0,256000,unpacked|unpacked,[1000, 1024]
135,0,1,1727,matvec f32,keep::reduce fold,omega_reduce_r3_o2_n2_multiply_add_zero,4096,unpacked|unpacked,[1000, 1024, 32]
136,0,1,1733,UNCLASSIFIED omega_moe_topk_e32_k8_stacked,moe_topk,omega_moe_topk_e32_k8_stacked,32000,unpacked,[1000]
137,0,1,1850,matvec Q8_0,keep::reduce fold,omega_reduce_r4_o3_n2_multiply_add_zero_g10,2048,Q8_0|unpacked,[1000, 8, 1024, 512]
138,0,1,1858,matvec Q8_0,keep::reduce fold,omega_reduce_r4_o3_n2_multiply_add_zero_epi3_fused_identity_o3__negate_o2__exponential_s1__add_s2_o1__reciprocal_s3__multiply_s4_o0__multiply_s0_s5_g10,2048,Q8_0|unpacked,[1000, 8, 1024, 512]
139,0,1,1860,matvec Q8_0,keep::reduce fold,omega_reduce_r4_o3_n2_multiply_add_zero_g10,4096,Q8_0|unpacked,[1000, 8, 512, 1024]
140,0,1,1873,matvec f32,keep::reduce fold,omega_reduce_r3_o2_n2_multiply_add_zero_epi10_fused_identity_o10__add_o8_o9__add_s1_o7__add_s2_o6__add_s3_o5__add_s4_o4__add_s5_o3__add_s6_o2__reciprocal_s7__multiply_s0_s8__multiply_s9_o1__add_s10_o0,1024000,unpacked|unpacked,[1000, 8, 1024]
141,0,1,1894,RMSNorm sumsq + fused epilogue,keep::reduce fold,omega_reduce_r2_o1_n2_multiply_add_zero_epi4_fused_identity_o4__multiply_s0_o3__add_s1_o2__square_root_s2__reciprocal_s3__multiply_s4_o1__multiply_s5_o0,256000,unpacked|unpacked,[1000, 1024]
142,0,1,1900,matvec Q8_0,keep::reduce fold,omega_reduce_r4_o3_n2_multiply_add_zero,32768,Q8_0|unpacked,[1000, 8, 64, 1024]
143,0,1,1896,matvec Q8_0,keep::reduce fold,omega_reduce_r4_o3_n2_multiply_add_zero,65536,Q8_0|unpacked,[1000, 16, 64, 1024]
144,0,1,1898,matvec Q8_0,keep::reduce fold,omega_reduce_r4_o3_n2_multiply_add_zero,32768,Q8_0|unpacked,[1000, 8, 64, 1024]
145,0,1,1912,RoPE,elementwise,omega_elementwise_r3_n4_fused_multiply_o0_o1__multiply_o2_o3__add_s0_s1,256000,unpacked|unpacked|unpacked|unpacked,[1000, 8, 32]
146,0,1,1909,RoPE,elementwise,omega_elementwise_r3_n4_fused_multiply_o0_o1__multiply_o2_o3__subtract_s0_s1,256000,unpacked|unpacked|unpacked|unpacked,[1000, 8, 32]
147,0,1,1903,RoPE,elementwise,omega_elementwise_r3_n4_fused_multiply_o0_o1__multiply_o2_o3__subtract_s0_s1,512000,unpacked|unpacked|unpacked|unpacked,[1000, 16, 32]
148,0,1,1906,RoPE,elementwise,omega_elementwise_r3_n4_fused_multiply_o0_o1__multiply_o2_o3__add_s0_s1,512000,unpacked|unpacked|unpacked|unpacked,[1000, 16, 32]
149,0,1,1945,cached attention partial,cached_attention,omega_cached_attention_h8_g2_d64_s3c800000_ln9223372036854775808_up0_r8_n2_b64_rt,64000,unpacked|unpacked|unpacked|unpacked|unpacked|unpacked|unpacked|unpacked|unpacked,[1000, 8, 2, 64]
150,0,1,1949,matvec Q8_0,keep::reduce fold,omega_reduce_r5_o2_n2_multiply_add_zero_epi2_fused_identity_o2__multiply_s0_o1__add_s1_o0,65536,Q8_0|unpacked,[1000, 8, 2, 64, 1024]
151,0,1,1957,RMSNorm sumsq + fused epilogue,keep::reduce fold,omega_reduce_r2_o1_n2_multiply_add_zero_epi4_fused_identity_o4__multiply_s0_o3__add_s1_o2__square_root_s2__reciprocal_s3__multiply_s4_o1__multiply_s5_o0,256000,unpacked|unpacked,[1000, 1024]
152,0,1,1959,matvec f32,keep::reduce fold,omega_reduce_r3_o2_n2_multiply_add_zero,4096,unpacked|unpacked,[1000, 1024, 32]
153,0,1,1965,UNCLASSIFIED omega_moe_topk_e32_k8_stacked,moe_topk,omega_moe_topk_e32_k8_stacked,32000,unpacked,[1000]
154,0,1,2082,matvec Q8_0,keep::reduce fold,omega_reduce_r4_o3_n2_multiply_add_zero_g10,2048,Q8_0|unpacked,[1000, 8, 1024, 512]
155,0,1,2090,matvec Q8_0,keep::reduce fold,omega_reduce_r4_o3_n2_multiply_add_zero_epi3_fused_identity_o3__negate_o2__exponential_s1__add_s2_o1__reciprocal_s3__multiply_s4_o0__multiply_s0_s5_g10,2048,Q8_0|unpacked,[1000, 8, 1024, 512]
156,0,1,2092,matvec Q8_0,keep::reduce fold,omega_reduce_r4_o3_n2_multiply_add_zero_g10,4096,Q8_0|unpacked,[1000, 8, 512, 1024]
157,0,1,2105,matvec f32,keep::reduce fold,omega_reduce_r3_o2_n2_multiply_add_zero_epi10_fused_identity_o10__add_o8_o9__add_s1_o7__add_s2_o6__add_s3_o5__add_s4_o4__add_s5_o3__add_s6_o2__reciprocal_s7__multiply_s0_s8__multiply_s9_o1__add_s10_o0,1024000,unpacked|unpacked,[1000, 8, 1024]
158,0,1,2126,RMSNorm sumsq + fused epilogue,keep::reduce fold,omega_reduce_r2_o1_n2_multiply_add_zero_epi4_fused_identity_o4__multiply_s0_o3__add_s1_o2__square_root_s2__reciprocal_s3__multiply_s4_o1__multiply_s5_o0,256000,unpacked|unpacked,[1000, 1024]
159,0,1,2132,matvec Q8_0,keep::reduce fold,omega_reduce_r4_o3_n2_multiply_add_zero,32768,Q8_0|unpacked,[1000, 8, 64, 1024]
160,0,1,2128,matvec Q8_0,keep::reduce fold,omega_reduce_r4_o3_n2_multiply_add_zero,65536,Q8_0|unpacked,[1000, 16, 64, 1024]
161,0,1,2130,matvec Q8_0,keep::reduce fold,omega_reduce_r4_o3_n2_multiply_add_zero,32768,Q8_0|unpacked,[1000, 8, 64, 1024]
162,0,1,2144,RoPE,elementwise,omega_elementwise_r3_n4_fused_multiply_o0_o1__multiply_o2_o3__add_s0_s1,256000,unpacked|unpacked|unpacked|unpacked,[1000, 8, 32]
163,0,1,2141,RoPE,elementwise,omega_elementwise_r3_n4_fused_multiply_o0_o1__multiply_o2_o3__subtract_s0_s1,256000,unpacked|unpacked|unpacked|unpacked,[1000, 8, 32]
164,0,1,2135,RoPE,elementwise,omega_elementwise_r3_n4_fused_multiply_o0_o1__multiply_o2_o3__subtract_s0_s1,512000,unpacked|unpacked|unpacked|unpacked,[1000, 16, 32]
165,0,1,2138,RoPE,elementwise,omega_elementwise_r3_n4_fused_multiply_o0_o1__multiply_o2_o3__add_s0_s1,512000,unpacked|unpacked|unpacked|unpacked,[1000, 16, 32]
166,0,1,2177,cached attention partial,cached_attention,omega_cached_attention_h8_g2_d64_s3c800000_ln9223372036854775808_up0_r8_n2_b64_rt,64000,unpacked|unpacked|unpacked|unpacked|unpacked|unpacked|unpacked|unpacked|unpacked,[1000, 8, 2, 64]
167,0,1,2181,matvec Q8_0,keep::reduce fold,omega_reduce_r5_o2_n2_multiply_add_zero_epi2_fused_identity_o2__multiply_s0_o1__add_s1_o0,65536,Q8_0|unpacked,[1000, 8, 2, 64, 1024]
168,0,1,2189,RMSNorm sumsq + fused epilogue,keep::reduce fold,omega_reduce_r2_o1_n2_multiply_add_zero_epi4_fused_identity_o4__multiply_s0_o3__add_s1_o2__square_root_s2__reciprocal_s3__multiply_s4_o1__multiply_s5_o0,256000,unpacked|unpacked,[1000, 1024]
169,0,1,2191,matvec f32,keep::reduce fold,omega_reduce_r3_o2_n2_multiply_add_zero,4096,unpacked|unpacked,[1000, 1024, 32]
170,0,1,2197,UNCLASSIFIED omega_moe_topk_e32_k8_stacked,moe_topk,omega_moe_topk_e32_k8_stacked,32000,unpacked,[1000]
171,0,1,2314,matvec Q8_0,keep::reduce fold,omega_reduce_r4_o3_n2_multiply_add_zero_g10,2048,Q8_0|unpacked,[1000, 8, 1024, 512]
172,0,1,2322,matvec Q8_0,keep::reduce fold,omega_reduce_r4_o3_n2_multiply_add_zero_epi3_fused_identity_o3__negate_o2__exponential_s1__add_s2_o1__reciprocal_s3__multiply_s4_o0__multiply_s0_s5_g10,2048,Q8_0|unpacked,[1000, 8, 1024, 512]
173,0,1,2324,matvec Q8_0,keep::reduce fold,omega_reduce_r4_o3_n2_multiply_add_zero_g10,4096,Q8_0|unpacked,[1000, 8, 512, 1024]
174,0,1,2337,matvec f32,keep::reduce fold,omega_reduce_r3_o2_n2_multiply_add_zero_epi10_fused_identity_o10__add_o8_o9__add_s1_o7__add_s2_o6__add_s3_o5__add_s4_o4__add_s5_o3__add_s6_o2__reciprocal_s7__multiply_s0_s8__multiply_s9_o1__add_s10_o0,1024000,unpacked|unpacked,[1000, 8, 1024]
175,0,1,2358,RMSNorm sumsq + fused epilogue,keep::reduce fold,omega_reduce_r2_o1_n2_multiply_add_zero_epi4_fused_identity_o4__multiply_s0_o3__add_s1_o2__square_root_s2__reciprocal_s3__multiply_s4_o1__multiply_s5_o0,256000,unpacked|unpacked,[1000, 1024]
176,0,1,2364,matvec Q8_0,keep::reduce fold,omega_reduce_r4_o3_n2_multiply_add_zero,32768,Q8_0|unpacked,[1000, 8, 64, 1024]
177,0,1,2360,matvec Q8_0,keep::reduce fold,omega_reduce_r4_o3_n2_multiply_add_zero,65536,Q8_0|unpacked,[1000, 16, 64, 1024]
178,0,1,2362,matvec Q8_0,keep::reduce fold,omega_reduce_r4_o3_n2_multiply_add_zero,32768,Q8_0|unpacked,[1000, 8, 64, 1024]
179,0,1,2376,RoPE,elementwise,omega_elementwise_r3_n4_fused_multiply_o0_o1__multiply_o2_o3__add_s0_s1,256000,unpacked|unpacked|unpacked|unpacked,[1000, 8, 32]
180,0,1,2373,RoPE,elementwise,omega_elementwise_r3_n4_fused_multiply_o0_o1__multiply_o2_o3__subtract_s0_s1,256000,unpacked|unpacked|unpacked|unpacked,[1000, 8, 32]
181,0,1,2367,RoPE,elementwise,omega_elementwise_r3_n4_fused_multiply_o0_o1__multiply_o2_o3__subtract_s0_s1,512000,unpacked|unpacked|unpacked|unpacked,[1000, 16, 32]
182,0,1,2370,RoPE,elementwise,omega_elementwise_r3_n4_fused_multiply_o0_o1__multiply_o2_o3__add_s0_s1,512000,unpacked|unpacked|unpacked|unpacked,[1000, 16, 32]
183,0,1,2409,cached attention partial,cached_attention,omega_cached_attention_h8_g2_d64_s3c800000_ln9223372036854775808_up0_r8_n2_b64_rt,64000,unpacked|unpacked|unpacked|unpacked|unpacked|unpacked|unpacked|unpacked|unpacked,[1000, 8, 2, 64]
184,0,1,2413,matvec Q8_0,keep::reduce fold,omega_reduce_r5_o2_n2_multiply_add_zero_epi2_fused_identity_o2__multiply_s0_o1__add_s1_o0,65536,Q8_0|unpacked,[1000, 8, 2, 64, 1024]
185,0,1,2421,RMSNorm sumsq + fused epilogue,keep::reduce fold,omega_reduce_r2_o1_n2_multiply_add_zero_epi4_fused_identity_o4__multiply_s0_o3__add_s1_o2__square_root_s2__reciprocal_s3__multiply_s4_o1__multiply_s5_o0,256000,unpacked|unpacked,[1000, 1024]
186,0,1,2423,matvec f32,keep::reduce fold,omega_reduce_r3_o2_n2_multiply_add_zero,4096,unpacked|unpacked,[1000, 1024, 32]
187,0,1,2429,UNCLASSIFIED omega_moe_topk_e32_k8_stacked,moe_topk,omega_moe_topk_e32_k8_stacked,32000,unpacked,[1000]
188,0,1,2546,matvec Q8_0,keep::reduce fold,omega_reduce_r4_o3_n2_multiply_add_zero_g10,2048,Q8_0|unpacked,[1000, 8, 1024, 512]
189,0,1,2554,matvec Q8_0,keep::reduce fold,omega_reduce_r4_o3_n2_multiply_add_zero_epi3_fused_identity_o3__negate_o2__exponential_s1__add_s2_o1__reciprocal_s3__multiply_s4_o0__multiply_s0_s5_g10,2048,Q8_0|unpacked,[1000, 8, 1024, 512]
190,0,1,2556,matvec Q8_0,keep::reduce fold,omega_reduce_r4_o3_n2_multiply_add_zero_g10,4096,Q8_0|unpacked,[1000, 8, 512, 1024]
191,0,1,2569,matvec f32,keep::reduce fold,omega_reduce_r3_o2_n2_multiply_add_zero_epi10_fused_identity_o10__add_o8_o9__add_s1_o7__add_s2_o6__add_s3_o5__add_s4_o4__add_s5_o3__add_s6_o2__reciprocal_s7__multiply_s0_s8__multiply_s9_o1__add_s10_o0,1024000,unpacked|unpacked,[1000, 8, 1024]
192,0,1,2590,RMSNorm sumsq + fused epilogue,keep::reduce fold,omega_reduce_r2_o1_n2_multiply_add_zero_epi4_fused_identity_o4__multiply_s0_o3__add_s1_o2__square_root_s2__reciprocal_s3__multiply_s4_o1__multiply_s5_o0,256000,unpacked|unpacked,[1000, 1024]
193,0,1,2596,matvec Q8_0,keep::reduce fold,omega_reduce_r4_o3_n2_multiply_add_zero,32768,Q8_0|unpacked,[1000, 8, 64, 1024]
194,0,1,2592,matvec Q8_0,keep::reduce fold,omega_reduce_r4_o3_n2_multiply_add_zero,65536,Q8_0|unpacked,[1000, 16, 64, 1024]
195,0,1,2594,matvec Q8_0,keep::reduce fold,omega_reduce_r4_o3_n2_multiply_add_zero,32768,Q8_0|unpacked,[1000, 8, 64, 1024]
196,0,1,2608,RoPE,elementwise,omega_elementwise_r3_n4_fused_multiply_o0_o1__multiply_o2_o3__add_s0_s1,256000,unpacked|unpacked|unpacked|unpacked,[1000, 8, 32]
197,0,1,2605,RoPE,elementwise,omega_elementwise_r3_n4_fused_multiply_o0_o1__multiply_o2_o3__subtract_s0_s1,256000,unpacked|unpacked|unpacked|unpacked,[1000, 8, 32]
198,0,1,2599,RoPE,elementwise,omega_elementwise_r3_n4_fused_multiply_o0_o1__multiply_o2_o3__subtract_s0_s1,512000,unpacked|unpacked|unpacked|unpacked,[1000, 16, 32]
199,0,1,2602,RoPE,elementwise,omega_elementwise_r3_n4_fused_multiply_o0_o1__multiply_o2_o3__add_s0_s1,512000,unpacked|unpacked|unpacked|unpacked,[1000, 16, 32]
200,0,1,2641,cached attention partial,cached_attention,omega_cached_attention_h8_g2_d64_s3c800000_ln9223372036854775808_up0_r8_n2_b64_rt,64000,unpacked|unpacked|unpacked|unpacked|unpacked|unpacked|unpacked|unpacked|unpacked,[1000, 8, 2, 64]
201,0,1,2645,matvec Q8_0,keep::reduce fold,omega_reduce_r5_o2_n2_multiply_add_zero_epi2_fused_identity_o2__multiply_s0_o1__add_s1_o0,65536,Q8_0|unpacked,[1000, 8, 2, 64, 1024]
202,0,1,2653,RMSNorm sumsq + fused epilogue,keep::reduce fold,omega_reduce_r2_o1_n2_multiply_add_zero_epi4_fused_identity_o4__multiply_s0_o3__add_s1_o2__square_root_s2__reciprocal_s3__multiply_s4_o1__multiply_s5_o0,256000,unpacked|unpacked,[1000, 1024]
203,0,1,2655,matvec f32,keep::reduce fold,omega_reduce_r3_o2_n2_multiply_add_zero,4096,unpacked|unpacked,[1000, 1024, 32]
204,0,1,2661,UNCLASSIFIED omega_moe_topk_e32_k8_stacked,moe_topk,omega_moe_topk_e32_k8_stacked,32000,unpacked,[1000]
205,0,1,2778,matvec Q8_0,keep::reduce fold,omega_reduce_r4_o3_n2_multiply_add_zero_g10,2048,Q8_0|unpacked,[1000, 8, 1024, 512]
206,0,1,2786,matvec Q8_0,keep::reduce fold,omega_reduce_r4_o3_n2_multiply_add_zero_epi3_fused_identity_o3__negate_o2__exponential_s1__add_s2_o1__reciprocal_s3__multiply_s4_o0__multiply_s0_s5_g10,2048,Q8_0|unpacked,[1000, 8, 1024, 512]
207,0,1,2788,matvec Q8_0,keep::reduce fold,omega_reduce_r4_o3_n2_multiply_add_zero_g10,4096,Q8_0|unpacked,[1000, 8, 512, 1024]
208,0,1,2801,matvec f32,keep::reduce fold,omega_reduce_r3_o2_n2_multiply_add_zero_epi10_fused_identity_o10__add_o8_o9__add_s1_o7__add_s2_o6__add_s3_o5__add_s4_o4__add_s5_o3__add_s6_o2__reciprocal_s7__multiply_s0_s8__multiply_s9_o1__add_s10_o0,1024000,unpacked|unpacked,[1000, 8, 1024]
209,0,1,2822,RMSNorm sumsq + fused epilogue,keep::reduce fold,omega_reduce_r2_o1_n2_multiply_add_zero_epi4_fused_identity_o4__multiply_s0_o3__add_s1_o2__square_root_s2__reciprocal_s3__multiply_s4_o1__multiply_s5_o0,256000,unpacked|unpacked,[1000, 1024]
210,0,1,2828,matvec Q8_0,keep::reduce fold,omega_reduce_r4_o3_n2_multiply_add_zero,32768,Q8_0|unpacked,[1000, 8, 64, 1024]
211,0,1,2824,matvec Q8_0,keep::reduce fold,omega_reduce_r4_o3_n2_multiply_add_zero,65536,Q8_0|unpacked,[1000, 16, 64, 1024]
212,0,1,2826,matvec Q8_0,keep::reduce fold,omega_reduce_r4_o3_n2_multiply_add_zero,32768,Q8_0|unpacked,[1000, 8, 64, 1024]
213,0,1,2840,RoPE,elementwise,omega_elementwise_r3_n4_fused_multiply_o0_o1__multiply_o2_o3__add_s0_s1,256000,unpacked|unpacked|unpacked|unpacked,[1000, 8, 32]
214,0,1,2837,RoPE,elementwise,omega_elementwise_r3_n4_fused_multiply_o0_o1__multiply_o2_o3__subtract_s0_s1,256000,unpacked|unpacked|unpacked|unpacked,[1000, 8, 32]
215,0,1,2831,RoPE,elementwise,omega_elementwise_r3_n4_fused_multiply_o0_o1__multiply_o2_o3__subtract_s0_s1,512000,unpacked|unpacked|unpacked|unpacked,[1000, 16, 32]
216,0,1,2834,RoPE,elementwise,omega_elementwise_r3_n4_fused_multiply_o0_o1__multiply_o2_o3__add_s0_s1,512000,unpacked|unpacked|unpacked|unpacked,[1000, 16, 32]
217,0,1,2873,cached attention partial,cached_attention,omega_cached_attention_h8_g2_d64_s3c800000_ln9223372036854775808_up0_r8_n2_b64_rt,64000,unpacked|unpacked|unpacked|unpacked|unpacked|unpacked|unpacked|unpacked|unpacked,[1000, 8, 2, 64]
218,0,1,2877,matvec Q8_0,keep::reduce fold,omega_reduce_r5_o2_n2_multiply_add_zero_epi2_fused_identity_o2__multiply_s0_o1__add_s1_o0,65536,Q8_0|unpacked,[1000, 8, 2, 64, 1024]
219,0,1,2885,RMSNorm sumsq + fused epilogue,keep::reduce fold,omega_reduce_r2_o1_n2_multiply_add_zero_epi4_fused_identity_o4__multiply_s0_o3__add_s1_o2__square_root_s2__reciprocal_s3__multiply_s4_o1__multiply_s5_o0,256000,unpacked|unpacked,[1000, 1024]
220,0,1,2887,matvec f32,keep::reduce fold,omega_reduce_r3_o2_n2_multiply_add_zero,4096,unpacked|unpacked,[1000, 1024, 32]
221,0,1,2893,UNCLASSIFIED omega_moe_topk_e32_k8_stacked,moe_topk,omega_moe_topk_e32_k8_stacked,32000,unpacked,[1000]
222,0,1,3010,matvec Q8_0,keep::reduce fold,omega_reduce_r4_o3_n2_multiply_add_zero_g10,2048,Q8_0|unpacked,[1000, 8, 1024, 512]
223,0,1,3018,matvec Q8_0,keep::reduce fold,omega_reduce_r4_o3_n2_multiply_add_zero_epi3_fused_identity_o3__negate_o2__exponential_s1__add_s2_o1__reciprocal_s3__multiply_s4_o0__multiply_s0_s5_g10,2048,Q8_0|unpacked,[1000, 8, 1024, 512]
224,0,1,3020,matvec Q8_0,keep::reduce fold,omega_reduce_r4_o3_n2_multiply_add_zero_g10,4096,Q8_0|unpacked,[1000, 8, 512, 1024]
225,0,1,3033,matvec f32,keep::reduce fold,omega_reduce_r3_o2_n2_multiply_add_zero_epi10_fused_identity_o10__add_o8_o9__add_s1_o7__add_s2_o6__add_s3_o5__add_s4_o4__add_s5_o3__add_s6_o2__reciprocal_s7__multiply_s0_s8__multiply_s9_o1__add_s10_o0,1024000,unpacked|unpacked,[1000, 8, 1024]
226,0,1,3054,RMSNorm sumsq + fused epilogue,keep::reduce fold,omega_reduce_r2_o1_n2_multiply_add_zero_epi4_fused_identity_o4__multiply_s0_o3__add_s1_o2__square_root_s2__reciprocal_s3__multiply_s4_o1__multiply_s5_o0,256000,unpacked|unpacked,[1000, 1024]
227,0,1,3060,matvec Q8_0,keep::reduce fold,omega_reduce_r4_o3_n2_multiply_add_zero,32768,Q8_0|unpacked,[1000, 8, 64, 1024]
228,0,1,3056,matvec Q8_0,keep::reduce fold,omega_reduce_r4_o3_n2_multiply_add_zero,65536,Q8_0|unpacked,[1000, 16, 64, 1024]
229,0,1,3058,matvec Q8_0,keep::reduce fold,omega_reduce_r4_o3_n2_multiply_add_zero,32768,Q8_0|unpacked,[1000, 8, 64, 1024]
230,0,1,3072,RoPE,elementwise,omega_elementwise_r3_n4_fused_multiply_o0_o1__multiply_o2_o3__add_s0_s1,256000,unpacked|unpacked|unpacked|unpacked,[1000, 8, 32]
231,0,1,3069,RoPE,elementwise,omega_elementwise_r3_n4_fused_multiply_o0_o1__multiply_o2_o3__subtract_s0_s1,256000,unpacked|unpacked|unpacked|unpacked,[1000, 8, 32]
232,0,1,3063,RoPE,elementwise,omega_elementwise_r3_n4_fused_multiply_o0_o1__multiply_o2_o3__subtract_s0_s1,512000,unpacked|unpacked|unpacked|unpacked,[1000, 16, 32]
233,0,1,3066,RoPE,elementwise,omega_elementwise_r3_n4_fused_multiply_o0_o1__multiply_o2_o3__add_s0_s1,512000,unpacked|unpacked|unpacked|unpacked,[1000, 16, 32]
234,0,1,3105,cached attention partial,cached_attention,omega_cached_attention_h8_g2_d64_s3c800000_ln9223372036854775808_up0_r8_n2_b64_rt,64000,unpacked|unpacked|unpacked|unpacked|unpacked|unpacked|unpacked|unpacked|unpacked,[1000, 8, 2, 64]
235,0,1,3109,matvec Q8_0,keep::reduce fold,omega_reduce_r5_o2_n2_multiply_add_zero_epi2_fused_identity_o2__multiply_s0_o1__add_s1_o0,65536,Q8_0|unpacked,[1000, 8, 2, 64, 1024]
236,0,1,3117,RMSNorm sumsq + fused epilogue,keep::reduce fold,omega_reduce_r2_o1_n2_multiply_add_zero_epi4_fused_identity_o4__multiply_s0_o3__add_s1_o2__square_root_s2__reciprocal_s3__multiply_s4_o1__multiply_s5_o0,256000,unpacked|unpacked,[1000, 1024]
237,0,1,3119,matvec f32,keep::reduce fold,omega_reduce_r3_o2_n2_multiply_add_zero,4096,unpacked|unpacked,[1000, 1024, 32]
238,0,1,3125,UNCLASSIFIED omega_moe_topk_e32_k8_stacked,moe_topk,omega_moe_topk_e32_k8_stacked,32000,unpacked,[1000]
239,0,1,3242,matvec Q8_0,keep::reduce fold,omega_reduce_r4_o3_n2_multiply_add_zero_g10,2048,Q8_0|unpacked,[1000, 8, 1024, 512]
240,0,1,3250,matvec Q8_0,keep::reduce fold,omega_reduce_r4_o3_n2_multiply_add_zero_epi3_fused_identity_o3__negate_o2__exponential_s1__add_s2_o1__reciprocal_s3__multiply_s4_o0__multiply_s0_s5_g10,2048,Q8_0|unpacked,[1000, 8, 1024, 512]
241,0,1,3252,matvec Q8_0,keep::reduce fold,omega_reduce_r4_o3_n2_multiply_add_zero_g10,4096,Q8_0|unpacked,[1000, 8, 512, 1024]
242,0,1,3265,matvec f32,keep::reduce fold,omega_reduce_r3_o2_n2_multiply_add_zero_epi10_fused_identity_o10__add_o8_o9__add_s1_o7__add_s2_o6__add_s3_o5__add_s4_o4__add_s5_o3__add_s6_o2__reciprocal_s7__multiply_s0_s8__multiply_s9_o1__add_s10_o0,1024000,unpacked|unpacked,[1000, 8, 1024]
243,0,1,3286,RMSNorm sumsq + fused epilogue,keep::reduce fold,omega_reduce_r2_o1_n2_multiply_add_zero_epi4_fused_identity_o4__multiply_s0_o3__add_s1_o2__square_root_s2__reciprocal_s3__multiply_s4_o1__multiply_s5_o0,256000,unpacked|unpacked,[1000, 1024]
244,0,1,3292,matvec Q8_0,keep::reduce fold,omega_reduce_r4_o3_n2_multiply_add_zero,32768,Q8_0|unpacked,[1000, 8, 64, 1024]
245,0,1,3288,matvec Q8_0,keep::reduce fold,omega_reduce_r4_o3_n2_multiply_add_zero,65536,Q8_0|unpacked,[1000, 16, 64, 1024]
246,0,1,3290,matvec Q8_0,keep::reduce fold,omega_reduce_r4_o3_n2_multiply_add_zero,32768,Q8_0|unpacked,[1000, 8, 64, 1024]
247,0,1,3304,RoPE,elementwise,omega_elementwise_r3_n4_fused_multiply_o0_o1__multiply_o2_o3__add_s0_s1,256000,unpacked|unpacked|unpacked|unpacked,[1000, 8, 32]
248,0,1,3301,RoPE,elementwise,omega_elementwise_r3_n4_fused_multiply_o0_o1__multiply_o2_o3__subtract_s0_s1,256000,unpacked|unpacked|unpacked|unpacked,[1000, 8, 32]
249,0,1,3295,RoPE,elementwise,omega_elementwise_r3_n4_fused_multiply_o0_o1__multiply_o2_o3__subtract_s0_s1,512000,unpacked|unpacked|unpacked|unpacked,[1000, 16, 32]
250,0,1,3298,RoPE,elementwise,omega_elementwise_r3_n4_fused_multiply_o0_o1__multiply_o2_o3__add_s0_s1,512000,unpacked|unpacked|unpacked|unpacked,[1000, 16, 32]
251,0,1,3337,cached attention partial,cached_attention,omega_cached_attention_h8_g2_d64_s3c800000_ln9223372036854775808_up0_r8_n2_b64_rt,64000,unpacked|unpacked|unpacked|unpacked|unpacked|unpacked|unpacked|unpacked|unpacked,[1000, 8, 2, 64]
252,0,1,3341,matvec Q8_0,keep::reduce fold,omega_reduce_r5_o2_n2_multiply_add_zero_epi2_fused_identity_o2__multiply_s0_o1__add_s1_o0,65536,Q8_0|unpacked,[1000, 8, 2, 64, 1024]
253,0,1,3349,RMSNorm sumsq + fused epilogue,keep::reduce fold,omega_reduce_r2_o1_n2_multiply_add_zero_epi4_fused_identity_o4__multiply_s0_o3__add_s1_o2__square_root_s2__reciprocal_s3__multiply_s4_o1__multiply_s5_o0,256000,unpacked|unpacked,[1000, 1024]
254,0,1,3351,matvec f32,keep::reduce fold,omega_reduce_r3_o2_n2_multiply_add_zero,4096,unpacked|unpacked,[1000, 1024, 32]
255,0,1,3357,UNCLASSIFIED omega_moe_topk_e32_k8_stacked,moe_topk,omega_moe_topk_e32_k8_stacked,32000,unpacked,[1000]
256,0,1,3474,matvec Q8_0,keep::reduce fold,omega_reduce_r4_o3_n2_multiply_add_zero_g10,2048,Q8_0|unpacked,[1000, 8, 1024, 512]
257,0,1,3482,matvec Q8_0,keep::reduce fold,omega_reduce_r4_o3_n2_multiply_add_zero_epi3_fused_identity_o3__negate_o2__exponential_s1__add_s2_o1__reciprocal_s3__multiply_s4_o0__multiply_s0_s5_g10,2048,Q8_0|unpacked,[1000, 8, 1024, 512]
258,0,1,3484,matvec Q8_0,keep::reduce fold,omega_reduce_r4_o3_n2_multiply_add_zero_g10,4096,Q8_0|unpacked,[1000, 8, 512, 1024]
259,0,1,3497,matvec f32,keep::reduce fold,omega_reduce_r3_o2_n2_multiply_add_zero_epi10_fused_identity_o10__add_o8_o9__add_s1_o7__add_s2_o6__add_s3_o5__add_s4_o4__add_s5_o3__add_s6_o2__reciprocal_s7__multiply_s0_s8__multiply_s9_o1__add_s10_o0,1024000,unpacked|unpacked,[1000, 8, 1024]
260,0,1,3518,RMSNorm sumsq + fused epilogue,keep::reduce fold,omega_reduce_r2_o1_n2_multiply_add_zero_epi4_fused_identity_o4__multiply_s0_o3__add_s1_o2__square_root_s2__reciprocal_s3__multiply_s4_o1__multiply_s5_o0,256000,unpacked|unpacked,[1000, 1024]
261,0,1,3524,matvec Q8_0,keep::reduce fold,omega_reduce_r4_o3_n2_multiply_add_zero,32768,Q8_0|unpacked,[1000, 8, 64, 1024]
262,0,1,3520,matvec Q8_0,keep::reduce fold,omega_reduce_r4_o3_n2_multiply_add_zero,65536,Q8_0|unpacked,[1000, 16, 64, 1024]
263,0,1,3522,matvec Q8_0,keep::reduce fold,omega_reduce_r4_o3_n2_multiply_add_zero,32768,Q8_0|unpacked,[1000, 8, 64, 1024]
264,0,1,3536,RoPE,elementwise,omega_elementwise_r3_n4_fused_multiply_o0_o1__multiply_o2_o3__add_s0_s1,256000,unpacked|unpacked|unpacked|unpacked,[1000, 8, 32]
265,0,1,3533,RoPE,elementwise,omega_elementwise_r3_n4_fused_multiply_o0_o1__multiply_o2_o3__subtract_s0_s1,256000,unpacked|unpacked|unpacked|unpacked,[1000, 8, 32]
266,0,1,3527,RoPE,elementwise,omega_elementwise_r3_n4_fused_multiply_o0_o1__multiply_o2_o3__subtract_s0_s1,512000,unpacked|unpacked|unpacked|unpacked,[1000, 16, 32]
267,0,1,3530,RoPE,elementwise,omega_elementwise_r3_n4_fused_multiply_o0_o1__multiply_o2_o3__add_s0_s1,512000,unpacked|unpacked|unpacked|unpacked,[1000, 16, 32]
268,0,1,3569,cached attention partial,cached_attention,omega_cached_attention_h8_g2_d64_s3c800000_ln9223372036854775808_up0_r8_n2_b64_rt,64000,unpacked|unpacked|unpacked|unpacked|unpacked|unpacked|unpacked|unpacked|unpacked,[1000, 8, 2, 64]
269,0,1,3573,matvec Q8_0,keep::reduce fold,omega_reduce_r5_o2_n2_multiply_add_zero_epi2_fused_identity_o2__multiply_s0_o1__add_s1_o0,65536,Q8_0|unpacked,[1000, 8, 2, 64, 1024]
270,0,1,3581,RMSNorm sumsq + fused epilogue,keep::reduce fold,omega_reduce_r2_o1_n2_multiply_add_zero_epi4_fused_identity_o4__multiply_s0_o3__add_s1_o2__square_root_s2__reciprocal_s3__multiply_s4_o1__multiply_s5_o0,256000,unpacked|unpacked,[1000, 1024]
271,0,1,3583,matvec f32,keep::reduce fold,omega_reduce_r3_o2_n2_multiply_add_zero,4096,unpacked|unpacked,[1000, 1024, 32]
272,0,1,3589,UNCLASSIFIED omega_moe_topk_e32_k8_stacked,moe_topk,omega_moe_topk_e32_k8_stacked,32000,unpacked,[1000]
273,0,1,3706,matvec Q8_0,keep::reduce fold,omega_reduce_r4_o3_n2_multiply_add_zero_g10,2048,Q8_0|unpacked,[1000, 8, 1024, 512]
274,0,1,3714,matvec Q8_0,keep::reduce fold,omega_reduce_r4_o3_n2_multiply_add_zero_epi3_fused_identity_o3__negate_o2__exponential_s1__add_s2_o1__reciprocal_s3__multiply_s4_o0__multiply_s0_s5_g10,2048,Q8_0|unpacked,[1000, 8, 1024, 512]
275,0,1,3716,matvec Q8_0,keep::reduce fold,omega_reduce_r4_o3_n2_multiply_add_zero_g10,4096,Q8_0|unpacked,[1000, 8, 512, 1024]
276,0,1,3729,matvec f32,keep::reduce fold,omega_reduce_r3_o2_n2_multiply_add_zero_epi10_fused_identity_o10__add_o8_o9__add_s1_o7__add_s2_o6__add_s3_o5__add_s4_o4__add_s5_o3__add_s6_o2__reciprocal_s7__multiply_s0_s8__multiply_s9_o1__add_s10_o0,1024000,unpacked|unpacked,[1000, 8, 1024]
277,0,1,3750,RMSNorm sumsq + fused epilogue,keep::reduce fold,omega_reduce_r2_o1_n2_multiply_add_zero_epi4_fused_identity_o4__multiply_s0_o3__add_s1_o2__square_root_s2__reciprocal_s3__multiply_s4_o1__multiply_s5_o0,256000,unpacked|unpacked,[1000, 1024]
278,0,1,3756,matvec Q8_0,keep::reduce fold,omega_reduce_r4_o3_n2_multiply_add_zero,32768,Q8_0|unpacked,[1000, 8, 64, 1024]
279,0,1,3752,matvec Q8_0,keep::reduce fold,omega_reduce_r4_o3_n2_multiply_add_zero,65536,Q8_0|unpacked,[1000, 16, 64, 1024]
280,0,1,3754,matvec Q8_0,keep::reduce fold,omega_reduce_r4_o3_n2_multiply_add_zero,32768,Q8_0|unpacked,[1000, 8, 64, 1024]
281,0,1,3768,RoPE,elementwise,omega_elementwise_r3_n4_fused_multiply_o0_o1__multiply_o2_o3__add_s0_s1,256000,unpacked|unpacked|unpacked|unpacked,[1000, 8, 32]
282,0,1,3765,RoPE,elementwise,omega_elementwise_r3_n4_fused_multiply_o0_o1__multiply_o2_o3__subtract_s0_s1,256000,unpacked|unpacked|unpacked|unpacked,[1000, 8, 32]
283,0,1,3759,RoPE,elementwise,omega_elementwise_r3_n4_fused_multiply_o0_o1__multiply_o2_o3__subtract_s0_s1,512000,unpacked|unpacked|unpacked|unpacked,[1000, 16, 32]
284,0,1,3762,RoPE,elementwise,omega_elementwise_r3_n4_fused_multiply_o0_o1__multiply_o2_o3__add_s0_s1,512000,unpacked|unpacked|unpacked|unpacked,[1000, 16, 32]
285,0,1,3801,cached attention partial,cached_attention,omega_cached_attention_h8_g2_d64_s3c800000_ln9223372036854775808_up0_r8_n2_b64_rt,64000,unpacked|unpacked|unpacked|unpacked|unpacked|unpacked|unpacked|unpacked|unpacked,[1000, 8, 2, 64]
286,0,1,3805,matvec Q8_0,keep::reduce fold,omega_reduce_r5_o2_n2_multiply_add_zero_epi2_fused_identity_o2__multiply_s0_o1__add_s1_o0,65536,Q8_0|unpacked,[1000, 8, 2, 64, 1024]
287,0,1,3813,RMSNorm sumsq + fused epilogue,keep::reduce fold,omega_reduce_r2_o1_n2_multiply_add_zero_epi4_fused_identity_o4__multiply_s0_o3__add_s1_o2__square_root_s2__reciprocal_s3__multiply_s4_o1__multiply_s5_o0,256000,unpacked|unpacked,[1000, 1024]
288,0,1,3815,matvec f32,keep::reduce fold,omega_reduce_r3_o2_n2_multiply_add_zero,4096,unpacked|unpacked,[1000, 1024, 32]
289,0,1,3821,UNCLASSIFIED omega_moe_topk_e32_k8_stacked,moe_topk,omega_moe_topk_e32_k8_stacked,32000,unpacked,[1000]
290,0,1,3938,matvec Q8_0,keep::reduce fold,omega_reduce_r4_o3_n2_multiply_add_zero_g10,2048,Q8_0|unpacked,[1000, 8, 1024, 512]
291,0,1,3946,matvec Q8_0,keep::reduce fold,omega_reduce_r4_o3_n2_multiply_add_zero_epi3_fused_identity_o3__negate_o2__exponential_s1__add_s2_o1__reciprocal_s3__multiply_s4_o0__multiply_s0_s5_g10,2048,Q8_0|unpacked,[1000, 8, 1024, 512]
292,0,1,3948,matvec Q8_0,keep::reduce fold,omega_reduce_r4_o3_n2_multiply_add_zero_g10,4096,Q8_0|unpacked,[1000, 8, 512, 1024]
293,0,1,3961,matvec f32,keep::reduce fold,omega_reduce_r3_o2_n2_multiply_add_zero_epi10_fused_identity_o10__add_o8_o9__add_s1_o7__add_s2_o6__add_s3_o5__add_s4_o4__add_s5_o3__add_s6_o2__reciprocal_s7__multiply_s0_s8__multiply_s9_o1__add_s10_o0,1024000,unpacked|unpacked,[1000, 8, 1024]
294,0,1,3982,RMSNorm sumsq + fused epilogue,keep::reduce fold,omega_reduce_r2_o1_n2_multiply_add_zero_epi4_fused_identity_o4__multiply_s0_o3__add_s1_o2__square_root_s2__reciprocal_s3__multiply_s4_o1__multiply_s5_o0,256000,unpacked|unpacked,[1000, 1024]
295,0,1,3988,matvec Q8_0,keep::reduce fold,omega_reduce_r4_o3_n2_multiply_add_zero,32768,Q8_0|unpacked,[1000, 8, 64, 1024]
296,0,1,3984,matvec Q8_0,keep::reduce fold,omega_reduce_r4_o3_n2_multiply_add_zero,65536,Q8_0|unpacked,[1000, 16, 64, 1024]
297,0,1,3986,matvec Q8_0,keep::reduce fold,omega_reduce_r4_o3_n2_multiply_add_zero,32768,Q8_0|unpacked,[1000, 8, 64, 1024]
298,0,1,4000,RoPE,elementwise,omega_elementwise_r3_n4_fused_multiply_o0_o1__multiply_o2_o3__add_s0_s1,256000,unpacked|unpacked|unpacked|unpacked,[1000, 8, 32]
299,0,1,3997,RoPE,elementwise,omega_elementwise_r3_n4_fused_multiply_o0_o1__multiply_o2_o3__subtract_s0_s1,256000,unpacked|unpacked|unpacked|unpacked,[1000, 8, 32]
300,0,1,3991,RoPE,elementwise,omega_elementwise_r3_n4_fused_multiply_o0_o1__multiply_o2_o3__subtract_s0_s1,512000,unpacked|unpacked|unpacked|unpacked,[1000, 16, 32]
301,0,1,3994,RoPE,elementwise,omega_elementwise_r3_n4_fused_multiply_o0_o1__multiply_o2_o3__add_s0_s1,512000,unpacked|unpacked|unpacked|unpacked,[1000, 16, 32]
302,0,1,4033,cached attention partial,cached_attention,omega_cached_attention_h8_g2_d64_s3c800000_ln9223372036854775808_up0_r8_n2_b64_rt,64000,unpacked|unpacked|unpacked|unpacked|unpacked|unpacked|unpacked|unpacked|unpacked,[1000, 8, 2, 64]
303,0,1,4037,matvec Q8_0,keep::reduce fold,omega_reduce_r5_o2_n2_multiply_add_zero_epi2_fused_identity_o2__multiply_s0_o1__add_s1_o0,65536,Q8_0|unpacked,[1000, 8, 2, 64, 1024]
304,0,1,4045,RMSNorm sumsq + fused epilogue,keep::reduce fold,omega_reduce_r2_o1_n2_multiply_add_zero_epi4_fused_identity_o4__multiply_s0_o3__add_s1_o2__square_root_s2__reciprocal_s3__multiply_s4_o1__multiply_s5_o0,256000,unpacked|unpacked,[1000, 1024]
305,0,1,4047,matvec f32,keep::reduce fold,omega_reduce_r3_o2_n2_multiply_add_zero,4096,unpacked|unpacked,[1000, 1024, 32]
306,0,1,4053,UNCLASSIFIED omega_moe_topk_e32_k8_stacked,moe_topk,omega_moe_topk_e32_k8_stacked,32000,unpacked,[1000]
307,0,1,4170,matvec Q8_0,keep::reduce fold,omega_reduce_r4_o3_n2_multiply_add_zero_g10,2048,Q8_0|unpacked,[1000, 8, 1024, 512]
308,0,1,4178,matvec Q8_0,keep::reduce fold,omega_reduce_r4_o3_n2_multiply_add_zero_epi3_fused_identity_o3__negate_o2__exponential_s1__add_s2_o1__reciprocal_s3__multiply_s4_o0__multiply_s0_s5_g10,2048,Q8_0|unpacked,[1000, 8, 1024, 512]
309,0,1,4180,matvec Q8_0,keep::reduce fold,omega_reduce_r4_o3_n2_multiply_add_zero_g10,4096,Q8_0|unpacked,[1000, 8, 512, 1024]
310,0,1,4193,matvec f32,keep::reduce fold,omega_reduce_r3_o2_n2_multiply_add_zero_epi10_fused_identity_o10__add_o8_o9__add_s1_o7__add_s2_o6__add_s3_o5__add_s4_o4__add_s5_o3__add_s6_o2__reciprocal_s7__multiply_s0_s8__multiply_s9_o1__add_s10_o0,1024000,unpacked|unpacked,[1000, 8, 1024]
311,0,1,4214,RMSNorm sumsq + fused epilogue,keep::reduce fold,omega_reduce_r2_o1_n2_multiply_add_zero_epi4_fused_identity_o4__multiply_s0_o3__add_s1_o2__square_root_s2__reciprocal_s3__multiply_s4_o1__multiply_s5_o0,256000,unpacked|unpacked,[1000, 1024]
312,0,1,4220,matvec Q8_0,keep::reduce fold,omega_reduce_r4_o3_n2_multiply_add_zero,32768,Q8_0|unpacked,[1000, 8, 64, 1024]
313,0,1,4216,matvec Q8_0,keep::reduce fold,omega_reduce_r4_o3_n2_multiply_add_zero,65536,Q8_0|unpacked,[1000, 16, 64, 1024]
314,0,1,4218,matvec Q8_0,keep::reduce fold,omega_reduce_r4_o3_n2_multiply_add_zero,32768,Q8_0|unpacked,[1000, 8, 64, 1024]
315,0,1,4232,RoPE,elementwise,omega_elementwise_r3_n4_fused_multiply_o0_o1__multiply_o2_o3__add_s0_s1,256000,unpacked|unpacked|unpacked|unpacked,[1000, 8, 32]
316,0,1,4229,RoPE,elementwise,omega_elementwise_r3_n4_fused_multiply_o0_o1__multiply_o2_o3__subtract_s0_s1,256000,unpacked|unpacked|unpacked|unpacked,[1000, 8, 32]
317,0,1,4223,RoPE,elementwise,omega_elementwise_r3_n4_fused_multiply_o0_o1__multiply_o2_o3__subtract_s0_s1,512000,unpacked|unpacked|unpacked|unpacked,[1000, 16, 32]
318,0,1,4226,RoPE,elementwise,omega_elementwise_r3_n4_fused_multiply_o0_o1__multiply_o2_o3__add_s0_s1,512000,unpacked|unpacked|unpacked|unpacked,[1000, 16, 32]
319,0,1,4265,cached attention partial,cached_attention,omega_cached_attention_h8_g2_d64_s3c800000_ln9223372036854775808_up0_r8_n2_b64_rt,64000,unpacked|unpacked|unpacked|unpacked|unpacked|unpacked|unpacked|unpacked|unpacked,[1000, 8, 2, 64]
320,0,1,4269,matvec Q8_0,keep::reduce fold,omega_reduce_r5_o2_n2_multiply_add_zero_epi2_fused_identity_o2__multiply_s0_o1__add_s1_o0,65536,Q8_0|unpacked,[1000, 8, 2, 64, 1024]
321,0,1,4277,RMSNorm sumsq + fused epilogue,keep::reduce fold,omega_reduce_r2_o1_n2_multiply_add_zero_epi4_fused_identity_o4__multiply_s0_o3__add_s1_o2__square_root_s2__reciprocal_s3__multiply_s4_o1__multiply_s5_o0,256000,unpacked|unpacked,[1000, 1024]
322,0,1,4279,matvec f32,keep::reduce fold,omega_reduce_r3_o2_n2_multiply_add_zero,4096,unpacked|unpacked,[1000, 1024, 32]
323,0,1,4285,UNCLASSIFIED omega_moe_topk_e32_k8_stacked,moe_topk,omega_moe_topk_e32_k8_stacked,32000,unpacked,[1000]
324,0,1,4402,matvec Q8_0,keep::reduce fold,omega_reduce_r4_o3_n2_multiply_add_zero_g10,2048,Q8_0|unpacked,[1000, 8, 1024, 512]
325,0,1,4410,matvec Q8_0,keep::reduce fold,omega_reduce_r4_o3_n2_multiply_add_zero_epi3_fused_identity_o3__negate_o2__exponential_s1__add_s2_o1__reciprocal_s3__multiply_s4_o0__multiply_s0_s5_g10,2048,Q8_0|unpacked,[1000, 8, 1024, 512]
326,0,1,4412,matvec Q8_0,keep::reduce fold,omega_reduce_r4_o3_n2_multiply_add_zero_g10,4096,Q8_0|unpacked,[1000, 8, 512, 1024]
327,0,1,4425,matvec f32,keep::reduce fold,omega_reduce_r3_o2_n2_multiply_add_zero_epi10_fused_identity_o10__add_o8_o9__add_s1_o7__add_s2_o6__add_s3_o5__add_s4_o4__add_s5_o3__add_s6_o2__reciprocal_s7__multiply_s0_s8__multiply_s9_o1__add_s10_o0,1024000,unpacked|unpacked,[1000, 8, 1024]
328,0,1,4446,RMSNorm sumsq + fused epilogue,keep::reduce fold,omega_reduce_r2_o1_n2_multiply_add_zero_epi4_fused_identity_o4__multiply_s0_o3__add_s1_o2__square_root_s2__reciprocal_s3__multiply_s4_o1__multiply_s5_o0,256000,unpacked|unpacked,[1000, 1024]
329,0,1,4452,matvec Q8_0,keep::reduce fold,omega_reduce_r4_o3_n2_multiply_add_zero,32768,Q8_0|unpacked,[1000, 8, 64, 1024]
330,0,1,4448,matvec Q8_0,keep::reduce fold,omega_reduce_r4_o3_n2_multiply_add_zero,65536,Q8_0|unpacked,[1000, 16, 64, 1024]
331,0,1,4450,matvec Q8_0,keep::reduce fold,omega_reduce_r4_o3_n2_multiply_add_zero,32768,Q8_0|unpacked,[1000, 8, 64, 1024]
332,0,1,4464,RoPE,elementwise,omega_elementwise_r3_n4_fused_multiply_o0_o1__multiply_o2_o3__add_s0_s1,256000,unpacked|unpacked|unpacked|unpacked,[1000, 8, 32]
333,0,1,4461,RoPE,elementwise,omega_elementwise_r3_n4_fused_multiply_o0_o1__multiply_o2_o3__subtract_s0_s1,256000,unpacked|unpacked|unpacked|unpacked,[1000, 8, 32]
334,0,1,4455,RoPE,elementwise,omega_elementwise_r3_n4_fused_multiply_o0_o1__multiply_o2_o3__subtract_s0_s1,512000,unpacked|unpacked|unpacked|unpacked,[1000, 16, 32]
335,0,1,4458,RoPE,elementwise,omega_elementwise_r3_n4_fused_multiply_o0_o1__multiply_o2_o3__add_s0_s1,512000,unpacked|unpacked|unpacked|unpacked,[1000, 16, 32]
336,0,1,4497,cached attention partial,cached_attention,omega_cached_attention_h8_g2_d64_s3c800000_ln9223372036854775808_up0_r8_n2_b64_rt,64000,unpacked|unpacked|unpacked|unpacked|unpacked|unpacked|unpacked|unpacked|unpacked,[1000, 8, 2, 64]
337,0,1,4501,matvec Q8_0,keep::reduce fold,omega_reduce_r5_o2_n2_multiply_add_zero_epi2_fused_identity_o2__multiply_s0_o1__add_s1_o0,65536,Q8_0|unpacked,[1000, 8, 2, 64, 1024]
338,0,1,4509,RMSNorm sumsq + fused epilogue,keep::reduce fold,omega_reduce_r2_o1_n2_multiply_add_zero_epi4_fused_identity_o4__multiply_s0_o3__add_s1_o2__square_root_s2__reciprocal_s3__multiply_s4_o1__multiply_s5_o0,256000,unpacked|unpacked,[1000, 1024]
339,0,1,4511,matvec f32,keep::reduce fold,omega_reduce_r3_o2_n2_multiply_add_zero,4096,unpacked|unpacked,[1000, 1024, 32]
340,0,1,4517,UNCLASSIFIED omega_moe_topk_e32_k8_stacked,moe_topk,omega_moe_topk_e32_k8_stacked,32000,unpacked,[1000]
341,0,1,4634,matvec Q8_0,keep::reduce fold,omega_reduce_r4_o3_n2_multiply_add_zero_g10,2048,Q8_0|unpacked,[1000, 8, 1024, 512]
342,0,1,4642,matvec Q8_0,keep::reduce fold,omega_reduce_r4_o3_n2_multiply_add_zero_epi3_fused_identity_o3__negate_o2__exponential_s1__add_s2_o1__reciprocal_s3__multiply_s4_o0__multiply_s0_s5_g10,2048,Q8_0|unpacked,[1000, 8, 1024, 512]
343,0,1,4644,matvec Q8_0,keep::reduce fold,omega_reduce_r4_o3_n2_multiply_add_zero_g10,4096,Q8_0|unpacked,[1000, 8, 512, 1024]
344,0,1,4657,matvec f32,keep::reduce fold,omega_reduce_r3_o2_n2_multiply_add_zero_epi10_fused_identity_o10__add_o8_o9__add_s1_o7__add_s2_o6__add_s3_o5__add_s4_o4__add_s5_o3__add_s6_o2__reciprocal_s7__multiply_s0_s8__multiply_s9_o1__add_s10_o0,1024000,unpacked|unpacked,[1000, 8, 1024]
345,0,1,4678,RMSNorm sumsq + fused epilogue,keep::reduce fold,omega_reduce_r2_o1_n2_multiply_add_zero_epi4_fused_identity_o4__multiply_s0_o3__add_s1_o2__square_root_s2__reciprocal_s3__multiply_s4_o1__multiply_s5_o0,256000,unpacked|unpacked,[1000, 1024]
346,0,1,4684,matvec Q8_0,keep::reduce fold,omega_reduce_r4_o3_n2_multiply_add_zero,32768,Q8_0|unpacked,[1000, 8, 64, 1024]
347,0,1,4680,matvec Q8_0,keep::reduce fold,omega_reduce_r4_o3_n2_multiply_add_zero,65536,Q8_0|unpacked,[1000, 16, 64, 1024]
348,0,1,4682,matvec Q8_0,keep::reduce fold,omega_reduce_r4_o3_n2_multiply_add_zero,32768,Q8_0|unpacked,[1000, 8, 64, 1024]
349,0,1,4696,RoPE,elementwise,omega_elementwise_r3_n4_fused_multiply_o0_o1__multiply_o2_o3__add_s0_s1,256000,unpacked|unpacked|unpacked|unpacked,[1000, 8, 32]
350,0,1,4693,RoPE,elementwise,omega_elementwise_r3_n4_fused_multiply_o0_o1__multiply_o2_o3__subtract_s0_s1,256000,unpacked|unpacked|unpacked|unpacked,[1000, 8, 32]
351,0,1,4687,RoPE,elementwise,omega_elementwise_r3_n4_fused_multiply_o0_o1__multiply_o2_o3__subtract_s0_s1,512000,unpacked|unpacked|unpacked|unpacked,[1000, 16, 32]
352,0,1,4690,RoPE,elementwise,omega_elementwise_r3_n4_fused_multiply_o0_o1__multiply_o2_o3__add_s0_s1,512000,unpacked|unpacked|unpacked|unpacked,[1000, 16, 32]
353,0,1,4729,cached attention partial,cached_attention,omega_cached_attention_h8_g2_d64_s3c800000_ln9223372036854775808_up0_r8_n2_b64_rt,64000,unpacked|unpacked|unpacked|unpacked|unpacked|unpacked|unpacked|unpacked|unpacked,[1000, 8, 2, 64]
354,0,1,4733,matvec Q8_0,keep::reduce fold,omega_reduce_r5_o2_n2_multiply_add_zero_epi2_fused_identity_o2__multiply_s0_o1__add_s1_o0,65536,Q8_0|unpacked,[1000, 8, 2, 64, 1024]
355,0,1,4741,RMSNorm sumsq + fused epilogue,keep::reduce fold,omega_reduce_r2_o1_n2_multiply_add_zero_epi4_fused_identity_o4__multiply_s0_o3__add_s1_o2__square_root_s2__reciprocal_s3__multiply_s4_o1__multiply_s5_o0,256000,unpacked|unpacked,[1000, 1024]
356,0,1,4743,matvec f32,keep::reduce fold,omega_reduce_r3_o2_n2_multiply_add_zero,4096,unpacked|unpacked,[1000, 1024, 32]
357,0,1,4749,UNCLASSIFIED omega_moe_topk_e32_k8_stacked,moe_topk,omega_moe_topk_e32_k8_stacked,32000,unpacked,[1000]
358,0,1,4866,matvec Q8_0,keep::reduce fold,omega_reduce_r4_o3_n2_multiply_add_zero_g10,2048,Q8_0|unpacked,[1000, 8, 1024, 512]
359,0,1,4874,matvec Q8_0,keep::reduce fold,omega_reduce_r4_o3_n2_multiply_add_zero_epi3_fused_identity_o3__negate_o2__exponential_s1__add_s2_o1__reciprocal_s3__multiply_s4_o0__multiply_s0_s5_g10,2048,Q8_0|unpacked,[1000, 8, 1024, 512]
360,0,1,4876,matvec Q8_0,keep::reduce fold,omega_reduce_r4_o3_n2_multiply_add_zero_g10,4096,Q8_0|unpacked,[1000, 8, 512, 1024]
361,0,1,4889,matvec f32,keep::reduce fold,omega_reduce_r3_o2_n2_multiply_add_zero_epi10_fused_identity_o10__add_o8_o9__add_s1_o7__add_s2_o6__add_s3_o5__add_s4_o4__add_s5_o3__add_s6_o2__reciprocal_s7__multiply_s0_s8__multiply_s9_o1__add_s10_o0,1024000,unpacked|unpacked,[1000, 8, 1024]
362,0,1,4910,RMSNorm sumsq + fused epilogue,keep::reduce fold,omega_reduce_r2_o1_n2_multiply_add_zero_epi4_fused_identity_o4__multiply_s0_o3__add_s1_o2__square_root_s2__reciprocal_s3__multiply_s4_o1__multiply_s5_o0,256000,unpacked|unpacked,[1000, 1024]
363,0,1,4916,matvec Q8_0,keep::reduce fold,omega_reduce_r4_o3_n2_multiply_add_zero,32768,Q8_0|unpacked,[1000, 8, 64, 1024]
364,0,1,4912,matvec Q8_0,keep::reduce fold,omega_reduce_r4_o3_n2_multiply_add_zero,65536,Q8_0|unpacked,[1000, 16, 64, 1024]
365,0,1,4914,matvec Q8_0,keep::reduce fold,omega_reduce_r4_o3_n2_multiply_add_zero,32768,Q8_0|unpacked,[1000, 8, 64, 1024]
366,0,1,4928,RoPE,elementwise,omega_elementwise_r3_n4_fused_multiply_o0_o1__multiply_o2_o3__add_s0_s1,256000,unpacked|unpacked|unpacked|unpacked,[1000, 8, 32]
367,0,1,4925,RoPE,elementwise,omega_elementwise_r3_n4_fused_multiply_o0_o1__multiply_o2_o3__subtract_s0_s1,256000,unpacked|unpacked|unpacked|unpacked,[1000, 8, 32]
368,0,1,4919,RoPE,elementwise,omega_elementwise_r3_n4_fused_multiply_o0_o1__multiply_o2_o3__subtract_s0_s1,512000,unpacked|unpacked|unpacked|unpacked,[1000, 16, 32]
369,0,1,4922,RoPE,elementwise,omega_elementwise_r3_n4_fused_multiply_o0_o1__multiply_o2_o3__add_s0_s1,512000,unpacked|unpacked|unpacked|unpacked,[1000, 16, 32]
370,0,1,4961,cached attention partial,cached_attention,omega_cached_attention_h8_g2_d64_s3c800000_ln9223372036854775808_up0_r8_n2_b64_rt,64000,unpacked|unpacked|unpacked|unpacked|unpacked|unpacked|unpacked|unpacked|unpacked,[1000, 8, 2, 64]
371,0,1,4965,matvec Q8_0,keep::reduce fold,omega_reduce_r5_o2_n2_multiply_add_zero_epi2_fused_identity_o2__multiply_s0_o1__add_s1_o0,65536,Q8_0|unpacked,[1000, 8, 2, 64, 1024]
372,0,1,4973,RMSNorm sumsq + fused epilogue,keep::reduce fold,omega_reduce_r2_o1_n2_multiply_add_zero_epi4_fused_identity_o4__multiply_s0_o3__add_s1_o2__square_root_s2__reciprocal_s3__multiply_s4_o1__multiply_s5_o0,256000,unpacked|unpacked,[1000, 1024]
373,0,1,4975,matvec f32,keep::reduce fold,omega_reduce_r3_o2_n2_multiply_add_zero,4096,unpacked|unpacked,[1000, 1024, 32]
374,0,1,4981,UNCLASSIFIED omega_moe_topk_e32_k8_stacked,moe_topk,omega_moe_topk_e32_k8_stacked,32000,unpacked,[1000]
375,0,1,5098,matvec Q8_0,keep::reduce fold,omega_reduce_r4_o3_n2_multiply_add_zero_g10,2048,Q8_0|unpacked,[1000, 8, 1024, 512]
376,0,1,5106,matvec Q8_0,keep::reduce fold,omega_reduce_r4_o3_n2_multiply_add_zero_epi3_fused_identity_o3__negate_o2__exponential_s1__add_s2_o1__reciprocal_s3__multiply_s4_o0__multiply_s0_s5_g10,2048,Q8_0|unpacked,[1000, 8, 1024, 512]
377,0,1,5108,matvec Q8_0,keep::reduce fold,omega_reduce_r4_o3_n2_multiply_add_zero_g10,4096,Q8_0|unpacked,[1000, 8, 512, 1024]
378,0,1,5121,matvec f32,keep::reduce fold,omega_reduce_r3_o2_n2_multiply_add_zero_epi10_fused_identity_o10__add_o8_o9__add_s1_o7__add_s2_o6__add_s3_o5__add_s4_o4__add_s5_o3__add_s6_o2__reciprocal_s7__multiply_s0_s8__multiply_s9_o1__add_s10_o0,1024000,unpacked|unpacked,[1000, 8, 1024]
379,0,1,5142,RMSNorm sumsq + fused epilogue,keep::reduce fold,omega_reduce_r2_o1_n2_multiply_add_zero_epi4_fused_identity_o4__multiply_s0_o3__add_s1_o2__square_root_s2__reciprocal_s3__multiply_s4_o1__multiply_s5_o0,256000,unpacked|unpacked,[1000, 1024]
380,0,1,5148,matvec Q8_0,keep::reduce fold,omega_reduce_r4_o3_n2_multiply_add_zero,32768,Q8_0|unpacked,[1000, 8, 64, 1024]
381,0,1,5144,matvec Q8_0,keep::reduce fold,omega_reduce_r4_o3_n2_multiply_add_zero,65536,Q8_0|unpacked,[1000, 16, 64, 1024]
382,0,1,5146,matvec Q8_0,keep::reduce fold,omega_reduce_r4_o3_n2_multiply_add_zero,32768,Q8_0|unpacked,[1000, 8, 64, 1024]
383,0,1,5160,RoPE,elementwise,omega_elementwise_r3_n4_fused_multiply_o0_o1__multiply_o2_o3__add_s0_s1,256000,unpacked|unpacked|unpacked|unpacked,[1000, 8, 32]
384,0,1,5157,RoPE,elementwise,omega_elementwise_r3_n4_fused_multiply_o0_o1__multiply_o2_o3__subtract_s0_s1,256000,unpacked|unpacked|unpacked|unpacked,[1000, 8, 32]
385,0,1,5151,RoPE,elementwise,omega_elementwise_r3_n4_fused_multiply_o0_o1__multiply_o2_o3__subtract_s0_s1,512000,unpacked|unpacked|unpacked|unpacked,[1000, 16, 32]
386,0,1,5154,RoPE,elementwise,omega_elementwise_r3_n4_fused_multiply_o0_o1__multiply_o2_o3__add_s0_s1,512000,unpacked|unpacked|unpacked|unpacked,[1000, 16, 32]
387,0,1,5193,cached attention partial,cached_attention,omega_cached_attention_h8_g2_d64_s3c800000_ln9223372036854775808_up0_r8_n2_b64_rt,64000,unpacked|unpacked|unpacked|unpacked|unpacked|unpacked|unpacked|unpacked|unpacked,[1000, 8, 2, 64]
388,0,1,5197,matvec Q8_0,keep::reduce fold,omega_reduce_r5_o2_n2_multiply_add_zero_epi2_fused_identity_o2__multiply_s0_o1__add_s1_o0,65536,Q8_0|unpacked,[1000, 8, 2, 64, 1024]
389,0,1,5205,RMSNorm sumsq + fused epilogue,keep::reduce fold,omega_reduce_r2_o1_n2_multiply_add_zero_epi4_fused_identity_o4__multiply_s0_o3__add_s1_o2__square_root_s2__reciprocal_s3__multiply_s4_o1__multiply_s5_o0,256000,unpacked|unpacked,[1000, 1024]
390,0,1,5207,matvec f32,keep::reduce fold,omega_reduce_r3_o2_n2_multiply_add_zero,4096,unpacked|unpacked,[1000, 1024, 32]
391,0,1,5213,UNCLASSIFIED omega_moe_topk_e32_k8_stacked,moe_topk,omega_moe_topk_e32_k8_stacked,32000,unpacked,[1000]
392,0,1,5330,matvec Q8_0,keep::reduce fold,omega_reduce_r4_o3_n2_multiply_add_zero_g10,2048,Q8_0|unpacked,[1000, 8, 1024, 512]
393,0,1,5338,matvec Q8_0,keep::reduce fold,omega_reduce_r4_o3_n2_multiply_add_zero_epi3_fused_identity_o3__negate_o2__exponential_s1__add_s2_o1__reciprocal_s3__multiply_s4_o0__multiply_s0_s5_g10,2048,Q8_0|unpacked,[1000, 8, 1024, 512]
394,0,1,5340,matvec Q8_0,keep::reduce fold,omega_reduce_r4_o3_n2_multiply_add_zero_g10,4096,Q8_0|unpacked,[1000, 8, 512, 1024]
395,0,1,5353,matvec f32,keep::reduce fold,omega_reduce_r3_o2_n2_multiply_add_zero_epi10_fused_identity_o10__add_o8_o9__add_s1_o7__add_s2_o6__add_s3_o5__add_s4_o4__add_s5_o3__add_s6_o2__reciprocal_s7__multiply_s0_s8__multiply_s9_o1__add_s10_o0,1024000,unpacked|unpacked,[1000, 8, 1024]
396,0,1,5374,RMSNorm sumsq + fused epilogue,keep::reduce fold,omega_reduce_r2_o1_n2_multiply_add_zero_epi4_fused_identity_o4__multiply_s0_o3__add_s1_o2__square_root_s2__reciprocal_s3__multiply_s4_o1__multiply_s5_o0,256000,unpacked|unpacked,[1000, 1024]
397,0,1,5380,matvec Q8_0,keep::reduce fold,omega_reduce_r4_o3_n2_multiply_add_zero,32768,Q8_0|unpacked,[1000, 8, 64, 1024]
398,0,1,5376,matvec Q8_0,keep::reduce fold,omega_reduce_r4_o3_n2_multiply_add_zero,65536,Q8_0|unpacked,[1000, 16, 64, 1024]
399,0,1,5378,matvec Q8_0,keep::reduce fold,omega_reduce_r4_o3_n2_multiply_add_zero,32768,Q8_0|unpacked,[1000, 8, 64, 1024]
400,0,1,5392,RoPE,elementwise,omega_elementwise_r3_n4_fused_multiply_o0_o1__multiply_o2_o3__add_s0_s1,256000,unpacked|unpacked|unpacked|unpacked,[1000, 8, 32]
401,0,1,5389,RoPE,elementwise,omega_elementwise_r3_n4_fused_multiply_o0_o1__multiply_o2_o3__subtract_s0_s1,256000,unpacked|unpacked|unpacked|unpacked,[1000, 8, 32]
402,0,1,5383,RoPE,elementwise,omega_elementwise_r3_n4_fused_multiply_o0_o1__multiply_o2_o3__subtract_s0_s1,512000,unpacked|unpacked|unpacked|unpacked,[1000, 16, 32]
403,0,1,5386,RoPE,elementwise,omega_elementwise_r3_n4_fused_multiply_o0_o1__multiply_o2_o3__add_s0_s1,512000,unpacked|unpacked|unpacked|unpacked,[1000, 16, 32]
404,0,1,5425,cached attention partial,cached_attention,omega_cached_attention_h8_g2_d64_s3c800000_ln9223372036854775808_up0_r8_n2_b64_rt,64000,unpacked|unpacked|unpacked|unpacked|unpacked|unpacked|unpacked|unpacked|unpacked,[1000, 8, 2, 64]
405,0,1,5429,matvec Q8_0,keep::reduce fold,omega_reduce_r5_o2_n2_multiply_add_zero_epi2_fused_identity_o2__multiply_s0_o1__add_s1_o0,65536,Q8_0|unpacked,[1000, 8, 2, 64, 1024]
406,0,1,5437,RMSNorm sumsq + fused epilogue,keep::reduce fold,omega_reduce_r2_o1_n2_multiply_add_zero_epi4_fused_identity_o4__multiply_s0_o3__add_s1_o2__square_root_s2__reciprocal_s3__multiply_s4_o1__multiply_s5_o0,256000,unpacked|unpacked,[1000, 1024]
407,0,1,5439,matvec f32,keep::reduce fold,omega_reduce_r3_o2_n2_multiply_add_zero,4096,unpacked|unpacked,[1000, 1024, 32]
408,0,1,5445,UNCLASSIFIED omega_moe_topk_e32_k8_stacked,moe_topk,omega_moe_topk_e32_k8_stacked,32000,unpacked,[1000]
409,0,1,5562,matvec Q8_0,keep::reduce fold,omega_reduce_r4_o3_n2_multiply_add_zero_g10,2048,Q8_0|unpacked,[1000, 8, 1024, 512]
410,0,1,5570,matvec Q8_0,keep::reduce fold,omega_reduce_r4_o3_n2_multiply_add_zero_epi3_fused_identity_o3__negate_o2__exponential_s1__add_s2_o1__reciprocal_s3__multiply_s4_o0__multiply_s0_s5_g10,2048,Q8_0|unpacked,[1000, 8, 1024, 512]
411,0,1,5572,matvec Q8_0,keep::reduce fold,omega_reduce_r4_o3_n2_multiply_add_zero_g10,4096,Q8_0|unpacked,[1000, 8, 512, 1024]
412,0,1,5585,matvec f32,keep::reduce fold,omega_reduce_r3_o2_n2_multiply_add_zero_epi10_fused_identity_o10__add_o8_o9__add_s1_o7__add_s2_o6__add_s3_o5__add_s4_o4__add_s5_o3__add_s6_o2__reciprocal_s7__multiply_s0_s8__multiply_s9_o1__add_s10_o0,1024000,unpacked|unpacked,[1000, 8, 1024]
413,0,1,5594,RMSNorm sumsq + fused epilogue,keep::reduce fold,omega_reduce_r2_o1_n2_multiply_add_zero_epi4_fused_identity_o4__multiply_s0_o3__add_s1_o2__square_root_s2__reciprocal_s3__multiply_s4_o1__multiply_s5_o0,256000,unpacked|unpacked,[1000, 1024]
414,0,1,5596,elementwise identity_g1,elementwise,omega_elementwise_r2_n1_identity_g1,1024,unpacked,[1, 1024]
415,0,1,5600,constant,constant,omega_constant_r0_v3e2aaaab,1,,[]
416,0,1,5601,matvec Q8_0,keep::reduce fold,omega_reduce_r3_o2_n2_multiply_add_zero_epi1_fused_identity_o1__multiply_s0_o0,393248,unpacked|Q8_0,[1, 1024, 49155]
417,0,1,5603,identity copy,elementwise,omega_elementwise_r3_n1_identity,49155,unpacked,[1, 113, 435]
418,0,1,5604,softmax max,keep::reduce fold,omega_reduce_r3_o2_n1_identity_maximum_negative_infinity,14464,unpacked,[1, 113, 435]
419,0,1,5605,softmax max,keep::reduce fold,omega_reduce_r2_o1_n1_identity_maximum_negative_infinity,32,unpacked,[1, 113]
420,0,1,5607,iota,iota,omega_iota_r1,113,,[113]
421,0,1,5608,iota,iota,omega_iota_r1,435,,[435]
422,0,1,5609,constant,constant,omega_constant_r0_v43d98000,1,,[]
423,0,1,5612,constant,constant,omega_constant_r0_v47400300,1,,[]
424,0,1,5610,elementwise multiply,elementwise,omega_elementwise_r1_n2_multiply,113,unpacked|unpacked,[113]
425,0,1,5614,UNCLASSIFIED omega_reduce_r3_o2_n5_fused_equal_o0_o1__add_o2_o3__select_s0_s1_o4_minimum_positive_infinity,keep::reduce fold,omega_reduce_r3_o2_n5_fused_equal_o0_o1__add_o2_o3__select_s0_s1_o4_minimum_positive_infinity,14464,unpacked|unpacked|unpacked|unpacked|unpacked,[1, 113, 435]
426,0,1,5615,UNCLASSIFIED omega_reduce_r2_o1_n1_identity_minimum_positive_infinity,keep::reduce fold,omega_reduce_r2_o1_n1_identity_minimum_positive_infinity,32,unpacked,[1, 113]
427,0,1,5616,constant,constant,omega_constant_r0_vff7fffff,1,,[]
428,0,1,5617,constant,constant,omega_constant_r0_v7f7fffff,1,,[]
429,0,1,5621,matvec f32,keep::reduce fold,omega_reduce_r3_o2_n4_fused_greater_o0_o1__greater_o2_o3__multiply_s0_s1_add_zero,14464,unpacked|unpacked|unpacked|unpacked,[1, 113, 435]
430,0,1,5622,softmax sum,keep::reduce fold,omega_reduce_r2_o1_n1_identity_add_zero,32,unpacked,[1, 113]
