kernel,dispatches,isolated_marginal_ms_sum,threadgroups_mean,single_threadgroup_dispatches,pipeline_switches,recorded_mean_ms_sum,empty_same_bindings_mean_ms_sum,empty_minimal_bindings_mean_ms_sum,empty_one_threadgroup_mean_ms_sum,recorded_unordered_mean_ms_sum
omega_cached_attention_q1_h1_g8_d256_s3f800000_ln511_up0_x4_e1_k1_ds,28,0.6030,136.0,0,28,0.4544,0.0559,0.0539,0.0471,0.2135
omega_cached_attention_q1_h1_g8_d256_s3f800000_ln511_up0_x4_e1_k1_ds_merge,28,0.1510,8.0,0,28,0.4544,0.0559,0.0539,0.0471,0.2135
omega_cached_attention_q1_h1_g8_d512_s3f800000_ln9223372036854775808_up0_x4_e1_k1_ds,7,0.2830,256.0,0,7,0.1136,0.0140,0.0135,0.0118,0.0534
omega_cached_attention_q1_h1_g8_d512_s3f800000_ln9223372036854775808_up0_x4_e1_k1_ds_merge,7,0.0543,8.0,0,7,0.1136,0.0140,0.0135,0.0118,0.0534
omega_elementwise_r1_n2_multiply,1,0.0029,1.0,1,1,0.0162,0.0020,0.0019,0.0017,0.0076
omega_elementwise_r2_n1_identity_g1,1,0.0039,2.0,0,1,0.0162,0.0020,0.0019,0.0017,0.0076
omega_elementwise_r2_n2_fused_identity_o0__multiply_s0_o1_g10,2,0.0339,5.5,0,2,0.0325,0.0040,0.0038,0.0034,0.0152
omega_elementwise_r3_n1_identity,2,0.0090,132.5,0,2,0.0325,0.0040,0.0038,0.0034,0.0152
omega_elementwise_twin_r3_n4_fused_multiply_o0_o1__multiply_o2_o3__add_s0_s1_fused_multiply_o0_o3__multiply_o2_o1__subtract_s0_s1,15,0.0423,1.0,15,15,0.2434,0.0299,0.0289,0.0252,0.1144
omega_elementwise_twin_r3_n4_fused_multiply_o0_o1__multiply_o2_o3__subtract_s0_s1_fused_multiply_o0_o3__multiply_o2_o1__add_s0_s1,35,0.1489,1.2,28,35,0.5680,0.0698,0.0674,0.0589,0.2668
omega_iota_r1,2,0.0045,1.0,2,1,0.0325,0.0040,0.0038,0.0034,0.0152
omega_reduce_r2_o1_n1_identity_add_zero,1,0.0031,1.0,1,1,0.0162,0.0020,0.0019,0.0017,0.0076
omega_reduce_r2_o1_n1_identity_maximum_negative_infinity,1,0.0031,1.0,1,1,0.0162,0.0020,0.0019,0.0017,0.0076
omega_reduce_r2_o1_n1_identity_minimum_positive_infinity,1,0.0031,1.0,1,1,0.0162,0.0020,0.0019,0.0017,0.0076
omega_reduce_r2_o1_n2_multiply_add_zero_epi4_fused_identity_o4__multiply_s0_o3__add_s1_o2__square_root_s2__reciprocal_s3__multiply_s4_o1__multiply_s5_o0,71,0.4184,1.0,71,71,1.1523,0.1416,0.1366,0.1195,0.5413
omega_reduce_r2_o1_n2_multiply_add_zero_epi5_fused_identity_o5__multiply_s0_o4__add_s1_o3__square_root_s2__reciprocal_s3__multiply_s4_o2__multiply_s5_o1__add_s6_o0,70,0.4888,1.0,70,70,1.1361,0.1397,0.1347,0.1178,0.5336
omega_reduce_r2_o1_n2_multiply_add_zero_epi6_fused_identity_o6__multiply_s0_o4__add_s1_o3__square_root_s2__reciprocal_s3__multiply_s4_o2__multiply_s5_o1__add_s6_o0__multiply_s7_o5,35,0.2277,1.0,35,35,0.5680,0.0698,0.0674,0.0589,0.2668
omega_reduce_r3_o2_n1_identity_maximum_negative_infinity,1,0.0056,512.0,0,1,0.0162,0.0020,0.0019,0.0017,0.0076
omega_reduce_r3_o2_n2_multiply_add_zero,105,2.1254,530.3,0,105,1.7041,0.2095,0.2021,0.1767,0.8005
omega_reduce_r3_o2_n2_multiply_add_zero_epi1_fused_identity_o1__multiply_s0_o0,1,0.1151,8960.0,0,1,0.0162,0.0020,0.0019,0.0017,0.0076
omega_reduce_r3_o2_n2_multiply_add_zero_epi2_fused_identity_o2__divide_s0_o1__tanh_s1__multiply_s2_o0,1,1.0804,65536.0,0,1,0.0162,0.0020,0.0019,0.0017,0.0076
omega_reduce_r3_o2_n2_multiply_add_zero_epi3_fused_identity_o3__multiply_s0_o2__add_s1_o1__square_root_s2__reciprocal_s3__multiply_s4_o0,15,0.0749,1.0,15,15,0.2434,0.0299,0.0289,0.0252,0.1144
omega_reduce_r3_o2_n2_multiply_add_zero_epi4_fused_identity_o4__multiply_s0_o3__add_s1_o2__square_root_s2__reciprocal_s3__multiply_s4_o1__multiply_s5_o0,50,0.2694,5.9,15,50,0.8115,0.0998,0.0962,0.0841,0.3812
omega_reduce_r3_o2_n2_multiply_add_zero_epi5_fused_identity_o5__identity_o0__multiply_s0_s0__multiply_s0_s2__multiply_s3_o3__add_s0_s4__multiply_s5_o2__tanh_s6__add_s7_o1__multiply_s0_o4__multiply_s8_s9__multiply_s1_s10,35,0.2207,32.0,0,35,0.5680,0.0698,0.0674,0.0589,0.2668
omega_reduce_r3_o2_n2_multiply_add_zero_epi6_fused_identity_o6__identity_o0__multiply_s0_o4__add_s2_o3__square_root_s3__reciprocal_s4__multiply_s5_o2__multiply_s6_o1__add_s1_s7__multiply_s8_o5,1,0.0065,35.0,0,1,0.0162,0.0020,0.0019,0.0017,0.0076
omega_reduce_r3_o2_n2_multiply_add_zero_epi9_fused_identity_o9__multiply_o5_o6__multiply_s1_o4__multiply_s2_o3__add_s3_o2__multiply_s4_o1__tanh_s5__add_s6_o0__multiply_o7_o8__multiply_s7_s8__multiply_s0_s9,35,0.9757,1206.9,0,35,0.5680,0.0698,0.0674,0.0589,0.2668
omega_reduce_r3_o2_n4_fused_greater_o0_o1__greater_o2_o3__multiply_s0_s1_add_zero,1,0.0098,512.0,0,1,0.0162,0.0020,0.0019,0.0017,0.0076
omega_reduce_r3_o2_n5_fused_equal_o0_o1__add_o2_o3__select_s0_s1_o4_minimum_positive_infinity,1,0.0119,512.0,0,1,0.0162,0.0020,0.0019,0.0017,0.0076
omega_reduce_r4_o3_n2_multiply_add_zero,65,0.6013,183.1,0,65,1.0549,0.1297,0.1251,0.1094,0.4955
omega_reduce_r5_o2_n2_multiply_add_zero,35,0.3735,192.0,0,35,0.5680,0.0698,0.0674,0.0589,0.2668
